Hex,timestamp,Total_revenue,Own_revenue_post_reloc,Own_rental_cost_post_reloc,Own_revenue_base_pre_reloc,Own_rental_cost_base_pre_reloc,Comp_rental_cost_base_pre_reloc,Own_revenue_delta,Own_rental_cost_delta
861f1d48fffffff,2017-03-13T00:00:00.0,3318.08,1527.37,267.29,1527.37,267.29,313.37,0.0,0.0
861f1d4d7ffffff,2017-03-13T00:00:00.0,2822.52,1143.3,200.08,1143.3,200.08,293.86,0.0,0.0
861f1d49fffffff,2017-03-13T00:00:00.0,1867.0,955.9,167.28,970.84,169.9,156.83,-14.940000000000055,-2.6200000000000045
861f18b27ffffff,2017-03-13T00:00:00.0,1965.22,1057.05,184.98,1057.05,184.98,158.93,0.0,0.0
861f1d4f7ffffff,2017-03-13T00:00:00.0,1288.44,515.38,90.19,515.38,90.19,135.29,0.0,0.0
861f1d487ffffff,2017-03-13T00:00:00.0,781.04,405.54,70.97,405.54,70.97,65.71,0.0,0.0
861f1d4afffffff,2017-03-13T00:00:00.0,942.07,481.06,84.18,481.06,84.18,80.68,0.0,0.0
861f18b37ffffff,2017-03-13T00:00:00.0,926.03,350.39,61.32,350.39,61.32,100.74,0.0,0.0
861f18b2fffffff,2017-03-13T00:00:00.0,283.97,189.31,33.13,189.31,33.13,16.56,0.0,0.0
861f1886fffffff,2017-03-13T00:00:00.0,266.0,53.2,9.31,0.0,0.0,46.55,53.2,9.31
861f1d4b7ffffff,2017-03-13T00:00:00.0,267.98,252.22,44.14,252.22,44.14,2.76,0.0,0.0
861f18b0fffffff,2017-03-13T00:00:00.0,63.0,21.0,3.68,21.0,3.68,7.35,0.0,0.0
861f1d4dfffffff,2017-03-13T00:00:00.0,60.0,0.0,0.0,0.0,0.0,10.5,0.0,0.0
861f1d48fffffff,2017-03-13T06:00:00.0,20135.0,9640.84,1687.15,9749.77,1706.21,1817.42,-108.93000000000029,-19.059999999999945
861f1d4d7ffffff,2017-03-13T06:00:00.0,16344.92,6919.14,1210.85,6919.14,1210.85,1649.51,0.0,0.0
861f1d49fffffff,2017-03-13T06:00:00.0,11386.88,5657.86,990.12,5817.98,1018.15,974.56,-160.1199999999999,-28.029999999999973
861f18b27ffffff,2017-03-13T06:00:00.0,9575.37,4900.46,857.58,4900.46,857.58,818.11,0.0,0.0
861f1d4f7ffffff,2017-03-13T06:00:00.0,7735.19,3307.98,578.9,3109.0,544.08,809.58,198.98000000000002,34.819999999999936
861f1d487ffffff,2017-03-13T06:00:00.0,5675.88,2656.2,464.84,2432.52,425.69,567.59,223.67999999999984,39.14999999999998
861f1d4afffffff,2017-03-13T06:00:00.0,3641.52,2049.86,358.73,2049.86,358.73,278.54,0.0,0.0
861f18b37ffffff,2017-03-13T06:00:00.0,2407.61,1109.39,194.14,1109.39,194.14,227.19,0.0,0.0
861f18b2fffffff,2017-03-13T06:00:00.0,853.53,569.02,99.58,569.02,99.58,49.79,0.0,0.0
861f1886fffffff,2017-03-13T06:00:00.0,1589.17,486.48,85.13,97.3,17.03,261.08,389.18,68.1
861f1d4b7ffffff,2017-03-13T06:00:00.0,645.54,590.21,103.29,608.65,106.51,6.46,-18.43999999999994,-3.219999999999999
861f18b0fffffff,2017-03-13T06:00:00.0,176.0,88.0,15.4,88.0,15.4,15.4,0.0,0.0
861f1d4dfffffff,2017-03-13T06:00:00.0,400.25,44.47,7.78,22.24,3.89,66.15,22.23,3.89
861f1d48fffffff,2017-03-13T12:00:00.0,32676.48,16767.68,2934.34,16748.16,2930.93,2787.46,19.520000000000437,3.4100000000003092
861f1d4d7ffffff,2017-03-13T12:00:00.0,14180.4,5635.8,986.27,5581.26,976.72,1504.85,54.539999999999964,9.549999999999955
861f1d49fffffff,2017-03-13T12:00:00.0,16865.03,8472.29,1482.65,8472.29,1482.65,1468.73,0.0,0.0
861f18b27ffffff,2017-03-13T12:00:00.0,11423.1,5730.1,1002.77,5711.55,999.52,999.52,18.550000000000182,3.25
861f1d4f7ffffff,2017-03-13T12:00:00.0,5594.51,2187.33,382.78,2124.23,371.74,607.3,63.09999999999991,11.039999999999964
861f1d487ffffff,2017-03-13T12:00:00.0,5025.33,2445.96,428.04,2379.25,416.37,463.06,66.71000000000004,11.670000000000016
861f1d4afffffff,2017-03-13T12:00:00.0,3423.89,2085.06,364.89,2085.06,364.89,234.29,0.0,0.0
861f18b37ffffff,2017-03-13T12:00:00.0,3096.85,1599.19,279.86,1599.19,279.86,262.09,0.0,0.0
861f18b2fffffff,2017-03-13T12:00:00.0,1052.0,652.24,114.14,673.28,117.82,66.28,-21.039999999999964,-3.6799999999999926
861f1886fffffff,2017-03-13T12:00:00.0,1244.24,235.4,41.19,67.26,11.77,205.97,168.14,29.419999999999998
861f1d4b7ffffff,2017-03-13T12:00:00.0,1038.06,1014.99,177.62,991.92,173.59,8.07,23.07000000000005,4.030000000000001
861f18b0fffffff,2017-03-13T12:00:00.0,405.68,202.84,35.5,202.84,35.5,35.5,0.0,0.0
861f1d4dfffffff,2017-03-13T12:00:00.0,922.1,98.8,17.29,98.8,17.29,144.08,0.0,0.0
861f1d48fffffff,2017-03-13T18:00:00.0,19083.37,10535.36,1843.69,10295.92,1801.79,1537.8,239.4400000000005,41.90000000000009
861f1d4d7ffffff,2017-03-13T18:00:00.0,13362.69,6645.1,1162.89,6596.77,1154.44,1184.04,48.32999999999993,8.450000000000045
861f1d49fffffff,2017-03-13T18:00:00.0,12225.27,7527.24,1317.27,7449.37,1303.64,835.78,77.86999999999989,13.629999999999882
861f18b27ffffff,2017-03-13T18:00:00.0,9818.9,6063.98,1061.2,6020.82,1053.64,664.66,43.159999999999854,7.559999999999945
861f1d4f7ffffff,2017-03-13T18:00:00.0,6457.78,3296.44,576.88,3296.44,576.88,553.23,0.0,0.0
861f1d487ffffff,2017-03-13T18:00:00.0,3162.0,1897.2,332.01,1871.9,327.58,225.77,25.299999999999955,4.430000000000007
861f1d4afffffff,2017-03-13T18:00:00.0,2522.37,1570.54,274.84,1641.92,287.34,154.08,-71.38000000000011,-12.5
861f18b37ffffff,2017-03-13T18:00:00.0,1706.64,995.54,174.22,995.54,174.22,124.44,0.0,0.0
861f18b2fffffff,2017-03-13T18:00:00.0,955.36,600.51,105.09,655.1,114.64,52.54,-54.59000000000003,-9.549999999999997
861f1886fffffff,2017-03-13T18:00:00.0,603.98,50.33,8.81,0.0,0.0,105.7,50.33,8.81
861f1d4b7ffffff,2017-03-13T18:00:00.0,515.34,498.72,87.28,498.72,87.28,2.91,0.0,0.0
861f18b0fffffff,2017-03-13T18:00:00.0,279.22,177.69,31.1,126.92,22.21,26.65,50.769999999999996,8.89
861f1d4dfffffff,2017-03-13T18:00:00.0,294.55,32.73,5.73,32.73,5.73,45.82,0.0,0.0
861f1d48fffffff,2017-03-14T00:00:00.0,2351.86,1333.22,233.31,1288.28,225.45,186.13,44.940000000000055,7.860000000000014
861f1d4d7ffffff,2017-03-14T00:00:00.0,2235.75,1117.87,195.63,1091.26,190.97,200.29,26.6099999999999,4.659999999999997
861f1d49fffffff,2017-03-14T00:00:00.0,2702.05,1616.98,282.97,1595.7,279.25,193.61,21.279999999999973,3.7200000000000273
861f18b27ffffff,2017-03-14T00:00:00.0,2221.15,1355.56,237.22,1339.22,234.36,154.34,16.339999999999918,2.859999999999985
861f1d4f7ffffff,2017-03-14T00:00:00.0,1254.85,604.19,105.73,604.19,105.73,113.87,0.0,0.0
861f1d487ffffff,2017-03-14T00:00:00.0,750.0,450.0,78.75,450.0,78.75,52.5,0.0,0.0
861f1d4afffffff,2017-03-14T00:00:00.0,796.04,464.35,81.26,480.94,84.16,55.14,-16.589999999999975,-2.8999999999999915
861f18b37ffffff,2017-03-14T00:00:00.0,661.92,378.24,66.19,394.0,68.95,46.89,-15.759999999999991,-2.760000000000005
861f18b2fffffff,2017-03-14T00:00:00.0,309.44,185.66,32.49,201.14,35.2,18.95,-15.47999999999999,-2.710000000000001
861f1886fffffff,2017-03-14T00:00:00.0,105.98,11.78,2.06,0.0,0.0,18.55,11.78,2.06
861f1d4b7ffffff,2017-03-14T00:00:00.0,168.01,130.68,22.87,149.34,26.14,3.27,-18.659999999999997,-3.2699999999999996
861f18b0fffffff,2017-03-14T00:00:00.0,0.0,0.0,0.0,0.0,0.0,0.0,0.0,0.0
861f1d4dfffffff,2017-03-14T00:00:00.0,40.0,0.0,0.0,0.0,0.0,7.0,0.0,0.0
861f1d48fffffff,2017-03-14T06:00:00.0,20228.16,10196.16,1784.33,10159.68,1777.94,1761.98,36.47999999999956,6.389999999999873
861f1d4d7ffffff,2017-03-14T06:00:00.0,15484.13,7096.89,1241.96,7034.46,1231.03,1478.69,62.43000000000029,10.930000000000064
861f1d49fffffff,2017-03-14T06:00:00.0,13300.36,7314.24,1279.99,7275.74,1273.26,1054.31,38.5,6.730000000000018
861f18b27ffffff,2017-03-14T06:00:00.0,8566.01,4760.98,833.17,4742.23,829.89,669.16,18.75,3.2799999999999727
861f1d4f7ffffff,2017-03-14T06:00:00.0,5627.4,2609.25,456.62,2570.3,449.8,534.99,38.94999999999982,6.819999999999993
861f1d487ffffff,2017-03-14T06:00:00.0,6296.73,3305.07,578.39,3248.09,568.42,533.51,56.98000000000002,9.970000000000027
861f1d4afffffff,2017-03-14T06:00:00.0,4339.28,2910.82,509.39,2910.82,509.39,249.98,0.0,0.0
861f18b37ffffff,2017-03-14T06:00:00.0,1994.09,1049.52,183.67,1119.49,195.91,153.06,-69.97000000000003,-12.240000000000009
861f18b2fffffff,2017-03-14T06:00:00.0,1309.4,897.18,157.01,897.18,157.01,72.14,0.0,0.0
861f1886fffffff,2017-03-14T06:00:00.0,1630.09,313.48,54.86,125.39,21.94,263.32,188.09000000000003,32.92
861f1d4b7ffffff,2017-03-14T06:00:00.0,1033.96,980.94,171.67,980.94,171.67,9.28,0.0,0.0
861f18b0fffffff,2017-03-14T06:00:00.0,414.35,239.89,41.98,218.08,38.16,34.35,21.809999999999974,3.8200000000000003
861f1d4dfffffff,2017-03-14T06:00:00.0,538.27,89.71,15.7,29.9,5.23,88.96,59.809999999999995,10.469999999999999
861f1d48fffffff,2017-03-14T12:00:00.0,31569.7,15276.9,2673.46,15181.06,2656.68,2868.01,95.84000000000015,16.7800000000002
861f1d4d7ffffff,2017-03-14T12:00:00.0,14874.84,6757.95,1182.64,6684.5,1169.79,1433.31,73.44999999999982,12.850000000000136
861f1d49fffffff,2017-03-14T12:00:00.0,16421.96,8894.42,1556.52,8855.92,1549.79,1324.06,38.5,6.730000000000018
861f18b27ffffff,2017-03-14T12:00:00.0,12533.04,6791.41,1188.5,6727.14,1177.25,1016.03,64.26999999999953,11.25
861f1d4f7ffffff,2017-03-14T12:00:00.0,5963.81,2532.58,443.2,2491.73,436.05,607.61,40.84999999999991,7.149999999999977
861f1d487ffffff,2017-03-14T12:00:00.0,3779.33,1889.66,330.69,1873.09,327.79,333.59,16.570000000000164,2.8999999999999773
861f1d4afffffff,2017-03-14T12:00:00.0,3540.03,2232.25,390.64,2232.25,390.64,228.86,0.0,0.0
861f18b37ffffff,2017-03-14T12:00:00.0,2449.86,1307.82,228.87,1307.82,228.87,199.86,0.0,0.0
861f18b2fffffff,2017-03-14T12:00:00.0,953.2,610.05,106.76,610.05,106.76,60.05,0.0,0.0
861f1886fffffff,2017-03-14T12:00:00.0,1204.0,144.48,25.28,24.08,4.21,206.49,120.39999999999999,21.07
861f1d4b7ffffff,2017-03-14T12:00:00.0,1939.89,1832.12,320.62,1832.12,320.62,18.86,0.0,0.0
861f18b0fffffff,2017-03-14T12:00:00.0,760.37,416.98,72.97,416.98,72.97,60.09,0.0,0.0
861f1d4dfffffff,2017-03-14T12:00:00.0,479.14,83.33,14.58,62.5,10.94,72.91,20.83,3.6400000000000006
861f1d48fffffff,2017-03-14T18:00:00.0,17712.87,7816.61,1367.91,7726.97,1352.22,1747.53,89.63999999999942,15.690000000000055
861f1d4d7ffffff,2017-03-14T18:00:00.0,12484.46,5313.98,929.95,5262.89,921.01,1263.77,51.089999999999236,8.940000000000055
861f1d49fffffff,2017-03-14T18:00:00.0,9149.28,4574.64,800.56,4543.52,795.12,806.01,31.11999999999989,5.439999999999941
861f18b27ffffff,2017-03-14T18:00:00.0,10115.18,4980.05,871.51,4945.58,865.48,904.68,34.470000000000255,6.029999999999973
861f1d4f7ffffff,2017-03-14T18:00:00.0,5704.74,2336.06,408.81,2302.21,402.89,595.44,33.84999999999991,5.920000000000016
861f1d487ffffff,2017-03-14T18:00:00.0,2644.51,1362.82,238.49,1346.59,235.65,227.14,16.230000000000018,2.8400000000000034
861f1d4afffffff,2017-03-14T18:00:00.0,2179.57,1228.75,215.03,1228.75,215.03,166.39,0.0,0.0
861f18b37ffffff,2017-03-14T18:00:00.0,1301.54,775.07,135.64,760.45,133.08,94.69,14.620000000000005,2.559999999999974
861f18b2fffffff,2017-03-14T18:00:00.0,1453.69,1032.33,180.66,1011.26,176.97,77.42,21.069999999999936,3.6899999999999977
861f1886fffffff,2017-03-14T18:00:00.0,943.67,57.19,10.01,28.6,5.0,160.14,28.589999999999996,5.01
861f1d4b7ffffff,2017-03-14T18:00:00.0,432.92,417.98,73.15,403.06,70.53,5.22,14.920000000000016,2.6200000000000045
861f18b0fffffff,2017-03-14T18:00:00.0,152.0,76.0,13.3,95.0,16.62,9.98,-19.0,-3.3200000000000003
861f1d4dfffffff,2017-03-14T18:00:00.0,104.9,13.11,2.29,0.0,0.0,18.36,13.11,2.29
861f1d48fffffff,2017-03-15T00:00:00.0,2590.51,1384.58,242.3,1354.81,237.09,216.25,29.769999999999982,5.210000000000008
861f1d4d7ffffff,2017-03-15T00:00:00.0,2530.96,1161.26,203.22,1131.49,198.01,244.91,29.769999999999982,5.210000000000008
861f1d49fffffff,2017-03-15T00:00:00.0,2444.18,1248.46,218.48,1230.88,215.4,212.33,17.579999999999927,3.079999999999984
861f18b27ffffff,2017-03-15T00:00:00.0,1799.99,892.56,156.2,877.68,153.59,161.4,14.879999999999995,2.609999999999985
861f1d4f7ffffff,2017-03-15T00:00:00.0,1784.89,800.12,140.02,779.61,136.43,175.92,20.50999999999999,3.5900000000000034
861f1d487ffffff,2017-03-15T00:00:00.0,1898.64,980.96,171.67,949.32,166.13,166.13,31.639999999999986,5.539999999999992
861f1d4afffffff,2017-03-15T00:00:00.0,871.53,493.32,86.33,493.32,86.33,66.19,0.0,0.0
861f18b37ffffff,2017-03-15T00:00:00.0,641.83,376.24,65.84,354.11,61.97,50.35,22.129999999999995,3.8700000000000045
861f18b2fffffff,2017-03-15T00:00:00.0,328.26,214.08,37.46,214.08,37.46,19.98,0.0,0.0
861f1886fffffff,2017-03-15T00:00:00.0,158.02,0.0,0.0,0.0,0.0,27.65,0.0,0.0
861f1d4b7ffffff,2017-03-15T00:00:00.0,193.98,181.05,31.68,181.05,31.68,2.26,0.0,0.0
861f18b0fffffff,2017-03-15T00:00:00.0,20.0,10.0,1.75,10.0,1.75,1.75,0.0,0.0
861f1d4dfffffff,2017-03-15T00:00:00.0,132.0,0.0,0.0,0.0,0.0,23.1,0.0,0.0
861f1d48fffffff,2017-03-15T06:00:00.0,18728.86,8842.04,1547.36,8764.64,1533.81,1743.74,77.40000000000146,13.549999999999955
861f1d4d7ffffff,2017-03-15T06:00:00.0,16450.56,7411.32,1296.98,7325.64,1281.99,1596.86,85.67999999999938,14.990000000000009
861f1d49fffffff,2017-03-15T06:00:00.0,12236.4,6118.2,1070.69,6081.12,1064.2,1077.17,37.07999999999993,6.490000000000009
861f18b27ffffff,2017-03-15T06:00:00.0,9400.44,4609.25,806.62,4568.82,799.54,845.53,40.43000000000029,7.080000000000041
861f1d4f7ffffff,2017-03-15T06:00:00.0,6797.96,2878.85,503.8,2854.66,499.56,690.08,24.190000000000055,4.240000000000009
861f1d487ffffff,2017-03-15T06:00:00.0,6121.74,2953.68,516.89,2810.76,491.88,579.42,142.91999999999962,25.00999999999999
861f1d4afffffff,2017-03-15T06:00:00.0,3357.51,2098.44,367.23,2051.81,359.07,228.5,46.63000000000011,8.160000000000025
861f18b37ffffff,2017-03-15T06:00:00.0,2235.39,1326.08,232.06,1326.08,232.06,159.13,0.0,0.0
861f18b2fffffff,2017-03-15T06:00:00.0,1435.11,1070.26,187.29,1045.93,183.04,68.11,24.329999999999927,4.25
861f1886fffffff,2017-03-15T06:00:00.0,1221.79,138.84,24.3,83.3,14.58,199.24,55.540000000000006,9.72
861f1d4b7ffffff,2017-03-15T06:00:00.0,998.46,954.08,166.96,954.08,166.96,7.77,0.0,0.0
861f18b0fffffff,2017-03-15T06:00:00.0,1604.94,766.0,134.05,729.52,127.67,153.2,36.48000000000002,6.38000000000001
861f1d4dfffffff,2017-03-15T06:00:00.0,970.58,100.4,17.57,66.94,11.71,158.14,33.46000000000001,5.859999999999999
861f1d48fffffff,2017-03-15T12:00:00.0,32204.0,14860.4,2600.57,14685.8,2570.02,3065.69,174.60000000000036,30.550000000000182
861f1d4d7ffffff,2017-03-15T12:00:00.0,14849.07,6139.34,1074.39,6139.34,1074.39,1524.2,0.0,0.0
861f1d49fffffff,2017-03-15T12:00:00.0,16359.5,8230.43,1440.33,8149.34,1426.14,1436.78,81.09000000000015,14.189999999999827
861f18b27ffffff,2017-03-15T12:00:00.0,12219.1,6406.13,1121.07,6327.04,1107.23,1031.11,79.09000000000015,13.839999999999918
861f1d4f7ffffff,2017-03-15T12:00:00.0,5555.63,2311.46,404.51,2291.19,400.96,571.28,20.269999999999982,3.5500000000000114
861f1d487ffffff,2017-03-15T12:00:00.0,6906.37,3080.19,539.03,2959.87,517.98,690.64,120.32000000000016,21.049999999999955
861f1d4afffffff,2017-03-15T12:00:00.0,3268.19,2112.37,369.66,2092.44,366.18,205.76,19.929999999999836,3.480000000000018
861f18b37ffffff,2017-03-15T12:00:00.0,2603.76,1411.2,246.96,1411.2,246.96,208.7,0.0,0.0
861f18b2fffffff,2017-03-15T12:00:00.0,1184.62,757.38,132.54,776.8,135.94,71.37,-19.41999999999996,-3.4000000000000057
861f1886fffffff,2017-03-15T12:00:00.0,2090.2,149.3,26.13,119.44,20.9,344.88,29.860000000000014,5.23
861f1d4b7ffffff,2017-03-15T12:00:00.0,1172.08,1148.16,200.93,1124.24,196.74,8.37,23.920000000000073,4.189999999999998
861f18b0fffffff,2017-03-15T12:00:00.0,2220.31,1000.7,175.12,969.43,169.65,218.9,31.270000000000095,5.469999999999999
861f1d4dfffffff,2017-03-15T12:00:00.0,731.89,301.36,52.74,172.21,30.14,97.94,129.15,22.6
861f1d48fffffff,2017-03-15T18:00:00.0,17152.29,7510.79,1314.39,7404.25,1295.74,1705.91,106.53999999999996,18.65000000000009
861f1d4d7ffffff,2017-03-15T18:00:00.0,12970.2,5533.74,968.41,5454.46,954.53,1315.26,79.27999999999975,13.879999999999995
861f1d49fffffff,2017-03-15T18:00:00.0,9665.47,5082.84,889.5,5018.3,878.2,813.25,64.53999999999996,11.299999999999955
861f18b27ffffff,2017-03-15T18:00:00.0,10853.84,5671.68,992.54,5604.16,980.73,918.69,67.52000000000044,11.809999999999945
861f1d4f7ffffff,2017-03-15T18:00:00.0,5959.8,2503.12,438.05,2452.03,429.11,613.86,51.08999999999969,8.939999999999998
861f1d487ffffff,2017-03-15T18:00:00.0,3165.24,1671.9,292.58,1655.66,289.74,264.18,16.24000000000001,2.839999999999975
861f1d4afffffff,2017-03-15T18:00:00.0,1955.9,1138.27,199.2,1138.27,199.2,143.09,0.0,0.0
861f18b37ffffff,2017-03-15T18:00:00.0,1152.0,576.0,100.8,576.0,100.8,100.8,0.0,0.0
861f18b2fffffff,2017-03-15T18:00:00.0,765.07,467.54,81.82,467.54,81.82,52.07,0.0,0.0
861f1886fffffff,2017-03-15T18:00:00.0,530.84,34.25,5.99,17.12,3.0,89.9,17.13,2.99
861f1d4b7ffffff,2017-03-15T18:00:00.0,493.95,478.98,83.82,478.98,83.82,2.62,0.0,0.0
861f18b0fffffff,2017-03-15T18:00:00.0,1042.08,509.96,89.24,465.61,81.48,100.88,44.349999999999966,7.759999999999991
861f1d4dfffffff,2017-03-15T18:00:00.0,324.28,81.07,14.19,60.8,10.64,46.11,20.269999999999996,3.549999999999999
861f1d48fffffff,2017-03-16T00:00:00.0,3705.12,1976.06,345.81,1914.31,335.0,313.39,61.75,10.810000000000002
861f1d4d7ffffff,2017-03-16T00:00:00.0,3473.4,1627.54,284.82,1587.84,277.87,329.97,39.700000000000045,6.949999999999989
861f1d49fffffff,2017-03-16T00:00:00.0,2275.77,1232.71,215.72,1201.1,210.19,188.07,31.610000000000127,5.530000000000001
861f18b27ffffff,2017-03-16T00:00:00.0,2389.44,1320.48,231.08,1289.04,225.58,192.57,31.440000000000055,5.5
861f1d4f7ffffff,2017-03-16T00:00:00.0,1158.86,496.66,86.91,482.86,84.5,118.3,13.800000000000011,2.4099999999999966
861f1d487ffffff,2017-03-16T00:00:00.0,1509.12,779.71,136.45,754.56,132.05,132.05,25.15000000000009,4.399999999999977
861f1d4afffffff,2017-03-16T00:00:00.0,742.84,454.8,79.59,454.8,79.59,50.41,0.0,0.0
861f18b37ffffff,2017-03-16T00:00:00.0,861.89,461.01,80.68,440.97,77.17,73.66,20.039999999999964,3.510000000000005
861f18b2fffffff,2017-03-16T00:00:00.0,332.03,173.23,30.32,187.67,32.84,25.26,-14.439999999999998,-2.520000000000003
861f1886fffffff,2017-03-16T00:00:00.0,129.98,0.0,0.0,0.0,0.0,22.75,0.0,0.0
861f1d4b7ffffff,2017-03-16T00:00:00.0,187.98,187.98,32.9,173.52,30.37,2.53,14.45999999999998,2.5299999999999976
861f18b0fffffff,2017-03-16T00:00:00.0,84.0,33.6,5.88,33.6,5.88,8.82,0.0,0.0
861f1d4dfffffff,2017-03-16T00:00:00.0,134.0,19.14,3.35,19.14,3.35,20.1,0.0,0.0
861f1d48fffffff,2017-03-16T06:00:00.0,20554.0,10152.72,1776.73,10057.12,1760.0,1836.95,95.59999999999854,16.730000000000018
861f1d4d7ffffff,2017-03-16T06:00:00.0,16403.51,7240.02,1267.0,7110.35,1244.31,1626.3,129.67000000000007,22.690000000000055
861f1d49fffffff,2017-03-16T06:00:00.0,13236.96,6879.21,1203.86,6778.93,1186.31,1130.16,100.27999999999975,17.549999999999955
861f18b27ffffff,2017-03-16T06:00:00.0,9001.7,4768.87,834.55,4731.9,828.08,747.22,36.970000000000255,6.469999999999914
861f1d4f7ffffff,2017-03-16T06:00:00.0,7370.14,3116.23,545.34,3042.04,532.36,757.42,74.19000000000005,12.980000000000018
861f1d487ffffff,2017-03-16T06:00:00.0,5522.88,2968.55,519.5,2876.5,503.39,463.12,92.05000000000018,16.110000000000014
861f1d4afffffff,2017-03-16T06:00:00.0,2606.83,1636.85,286.45,1616.64,282.91,173.28,20.20999999999981,3.5399999999999636
861f18b37ffffff,2017-03-16T06:00:00.0,2599.2,1321.26,231.22,1321.26,231.22,223.64,0.0,0.0
861f18b2fffffff,2017-03-16T06:00:00.0,922.76,538.27,94.2,557.5,97.56,63.92,-19.230000000000018,-3.3599999999999994
861f1886fffffff,2017-03-16T06:00:00.0,1554.08,84.77,14.83,84.77,14.83,257.13,0.0,0.0
861f1d4b7ffffff,2017-03-16T06:00:00.0,1038.02,1038.02,181.65,1019.48,178.41,3.24,18.539999999999964,3.240000000000009
861f18b0fffffff,2017-03-16T06:00:00.0,956.02,504.56,88.3,478.01,83.65,83.65,26.55000000000001,4.6499999999999915
861f1d4dfffffff,2017-03-16T06:00:00.0,334.01,62.63,10.96,41.75,7.31,51.15,20.880000000000003,3.6500000000000012
861f1d48fffffff,2017-03-16T12:00:00.0,33599.25,15900.55,2782.6,15698.51,2747.24,3132.63,202.03999999999905,35.36000000000013
861f1d4d7ffffff,2017-03-16T12:00:00.0,16377.53,7042.9,1232.51,6949.74,1216.2,1649.86,93.15999999999985,16.309999999999945
861f1d49fffffff,2017-03-16T12:00:00.0,16847.0,8720.8,1526.14,8601.88,1505.33,1442.9,118.92000000000007,20.810000000000173
861f18b27ffffff,2017-03-16T12:00:00.0,9831.36,4984.67,872.32,4932.93,863.26,857.23,51.73999999999978,9.06000000000006
861f1d4f7ffffff,2017-03-16T12:00:00.0,6078.24,2523.84,441.67,2460.74,430.63,633.06,63.100000000000364,11.04000000000002
861f1d487ffffff,2017-03-16T12:00:00.0,5608.9,2651.48,464.01,2590.29,453.3,528.26,61.190000000000055,10.70999999999998
861f1d4afffffff,2017-03-16T12:00:00.0,2590.13,1463.13,256.05,1463.13,256.05,197.23,0.0,0.0
861f18b37ffffff,2017-03-16T12:00:00.0,2626.05,1377.3,241.03,1340.57,234.6,224.96,36.73000000000002,6.430000000000007
861f18b2fffffff,2017-03-16T12:00:00.0,1015.52,664.7,116.32,646.24,113.09,64.62,18.460000000000036,3.2299999999999898
861f1886fffffff,2017-03-16T12:00:00.0,1250.48,45.47,7.96,22.74,3.98,214.86,22.73,3.98
861f1d4b7ffffff,2017-03-16T12:00:00.0,1480.02,1451.0,253.92,1451.0,253.92,5.08,0.0,0.0
861f18b0fffffff,2017-03-16T12:00:00.0,1120.64,533.64,93.39,533.64,93.39,102.73,0.0,0.0
861f1d4dfffffff,2017-03-16T12:00:00.0,988.74,146.48,25.63,73.24,12.82,160.21,73.24,12.809999999999999
861f1d48fffffff,2017-03-16T18:00:00.0,16727.42,8116.75,1420.43,7985.04,1397.38,1529.92,131.71000000000004,23.049999999999955
861f1d4d7ffffff,2017-03-16T18:00:00.0,12761.07,5279.4,923.9,5188.9,908.06,1325.13,90.5,15.840000000000032
861f1d49fffffff,2017-03-16T18:00:00.0,10759.21,5487.56,960.32,5415.59,947.73,935.13,71.97000000000025,12.590000000000032
861f18b27ffffff,2017-03-16T18:00:00.0,11010.69,5326.18,932.08,5228.45,914.98,1011.89,97.73000000000047,17.100000000000023
861f1d4f7ffffff,2017-03-16T18:00:00.0,5517.79,2256.58,394.9,2225.66,389.49,576.12,30.920000000000073,5.409999999999968
861f1d487ffffff,2017-03-16T18:00:00.0,3839.87,2028.93,355.06,1928.32,337.46,334.52,100.61000000000013,17.600000000000023
861f1d4afffffff,2017-03-16T18:00:00.0,2018.64,1118.02,195.65,1102.49,192.94,160.33,15.529999999999973,2.710000000000008
861f18b37ffffff,2017-03-16T18:00:00.0,1744.32,815.28,142.67,815.28,142.67,162.58,0.0,0.0
861f18b2fffffff,2017-03-16T18:00:00.0,606.83,316.61,55.41,329.8,57.72,48.48,-13.189999999999998,-2.3100000000000023
861f1886fffffff,2017-03-16T18:00:00.0,439.83,14.19,2.48,0.0,0.0,76.97,14.19,2.48
861f1d4b7ffffff,2017-03-16T18:00:00.0,555.63,501.42,87.75,528.53,92.49,4.74,-27.109999999999957,-4.739999999999995
861f18b0fffffff,2017-03-16T18:00:00.0,2319.85,1235.25,216.17,1174.99,205.62,200.35,60.25999999999999,10.549999999999983
861f1d4dfffffff,2017-03-16T18:00:00.0,149.08,0.0,0.0,0.0,0.0,26.09,0.0,0.0
861f1d48fffffff,2017-03-17T00:00:00.0,3528.8,2046.7,358.17,1958.48,342.73,274.81,88.22000000000003,15.439999999999998
861f1d4d7ffffff,2017-03-17T00:00:00.0,4870.44,2210.11,386.77,2128.26,372.44,479.88,81.84999999999991,14.329999999999984
861f1d49fffffff,2017-03-17T00:00:00.0,3508.07,1938.03,339.15,1864.43,326.28,287.64,73.59999999999991,12.870000000000005
861f18b27ffffff,2017-03-17T00:00:00.0,2881.81,1458.48,255.23,1423.33,249.08,255.23,35.15000000000009,6.149999999999977
861f1d4f7ffffff,2017-03-17T00:00:00.0,2002.44,873.79,152.91,837.38,146.54,203.88,36.40999999999997,6.3700000000000045
861f1d487ffffff,2017-03-17T00:00:00.0,661.32,323.31,56.58,308.62,54.01,61.72,14.689999999999998,2.5700000000000003
861f1d4afffffff,2017-03-17T00:00:00.0,631.4,354.2,61.99,354.2,61.99,48.51,0.0,0.0
861f18b37ffffff,2017-03-17T00:00:00.0,705.9,343.9,60.18,325.8,57.02,66.52,18.099999999999966,3.1599999999999966
861f18b2fffffff,2017-03-17T00:00:00.0,354.03,225.29,39.43,209.2,36.61,25.34,16.090000000000003,2.8200000000000003
861f1886fffffff,2017-03-17T00:00:00.0,342.0,0.0,0.0,0.0,0.0,59.85,0.0,0.0
861f1d4b7ffffff,2017-03-17T00:00:00.0,317.99,301.25,52.72,301.25,52.72,2.93,0.0,0.0
861f18b0fffffff,2017-03-17T00:00:00.0,636.0,212.0,37.1,212.0,37.1,74.2,0.0,0.0
861f1d4dfffffff,2017-03-17T00:00:00.0,52.0,0.0,0.0,0.0,0.0,9.1,0.0,0.0
861f1d48fffffff,2017-03-17T06:00:00.0,22809.1,11119.7,1945.95,10972.0,1920.1,2071.49,147.70000000000073,25.850000000000136
861f1d4d7ffffff,2017-03-17T06:00:00.0,18027.74,7911.46,1384.5,7760.14,1358.03,1796.83,151.3199999999997,26.470000000000027
861f1d49fffffff,2017-03-17T06:00:00.0,15052.15,8071.14,1412.45,7966.32,1394.11,1240.02,104.82000000000062,18.340000000000146
861f18b27ffffff,2017-03-17T06:00:00.0,10160.79,5018.44,878.23,4915.18,860.16,917.98,103.25999999999931,18.07000000000005
861f1d4f7ffffff,2017-03-17T06:00:00.0,6743.29,3043.0,532.53,2921.28,511.22,668.85,121.7199999999998,21.309999999999945
861f1d487ffffff,2017-03-17T06:00:00.0,6538.74,2863.68,501.14,2911.41,509.5,634.78,-47.73000000000002,-8.360000000000014
861f1d4afffffff,2017-03-17T06:00:00.0,4456.21,2662.86,466.0,2608.51,456.49,323.35,54.34999999999991,9.509999999999991
861f18b37ffffff,2017-03-17T06:00:00.0,3239.81,1631.56,285.52,1608.25,281.44,285.52,23.309999999999945,4.079999999999984
861f18b2fffffff,2017-03-17T06:00:00.0,1739.85,1168.56,204.5,1142.59,199.95,104.52,25.970000000000027,4.550000000000011
861f1886fffffff,2017-03-17T06:00:00.0,2256.87,114.27,20.0,114.27,20.0,374.96,0.0,0.0
861f1d4b7ffffff,2017-03-17T06:00:00.0,708.8,691.08,120.94,673.36,117.84,6.2,17.720000000000027,3.0999999999999943
861f18b0fffffff,2017-03-17T06:00:00.0,1283.94,623.63,109.13,586.94,102.72,121.97,36.68999999999994,6.409999999999997
861f1d4dfffffff,2017-03-17T06:00:00.0,1051.99,85.3,14.93,113.73,19.9,164.19,-28.430000000000007,-4.969999999999999
861f1d48fffffff,2017-03-17T12:00:00.0,35362.69,16389.09,2868.09,16163.46,2828.6,3359.87,225.63000000000102,39.49000000000024
861f1d4d7ffffff,2017-03-17T12:00:00.0,22282.52,9579.84,1676.47,9438.96,1651.82,2247.62,140.88000000000102,24.65000000000009
861f1d49fffffff,2017-03-17T12:00:00.0,19702.23,9543.6,1670.13,9437.56,1651.57,1796.32,106.04000000000087,18.560000000000173
861f18b27ffffff,2017-03-17T12:00:00.0,12964.43,5832.99,1020.77,5753.09,1006.79,1261.98,79.89999999999964,13.980000000000018
861f1d4f7ffffff,2017-03-17T12:00:00.0,8194.76,3388.64,593.01,3322.2,581.39,852.7,66.44000000000005,11.620000000000005
861f1d487ffffff,2017-03-17T12:00:00.0,6142.42,2594.82,454.09,2534.0,443.45,631.47,60.820000000000164,10.639999999999986
861f1d4afffffff,2017-03-17T12:00:00.0,3935.39,2245.74,393.0,2224.35,389.26,299.43,21.389999999999873,3.740000000000009
861f18b37ffffff,2017-03-17T12:00:00.0,3481.56,1771.32,309.98,1791.68,313.54,295.73,-20.360000000000127,-3.5600000000000023
861f18b2fffffff,2017-03-17T12:00:00.0,1726.19,1107.85,193.87,1082.09,189.37,112.72,25.75999999999999,4.5
861f1886fffffff,2017-03-17T12:00:00.0,1381.53,102.34,17.91,25.58,4.48,237.29,76.76,13.43
861f1d4b7ffffff,2017-03-17T12:00:00.0,880.8,845.57,147.97,827.95,144.89,9.25,17.620000000000005,3.0800000000000125
861f18b0fffffff,2017-03-17T12:00:00.0,2326.94,997.26,174.52,967.04,169.23,237.98,30.220000000000027,5.2900000000000205
861f1d4dfffffff,2017-03-17T12:00:00.0,462.61,24.35,4.26,24.35,4.26,76.7,0.0,0.0
861f1d48fffffff,2017-03-17T18:00:00.0,23424.2,10743.3,1880.08,10587.6,1852.83,2246.41,155.6999999999989,27.25
861f1d4d7ffffff,2017-03-17T18:00:00.0,17309.7,7488.47,1310.48,7387.05,1292.73,1736.46,101.42000000000007,17.75
861f1d49fffffff,2017-03-17T18:00:00.0,16442.58,7811.2,1366.96,7713.56,1349.87,1527.58,97.63999999999942,17.090000000000146
861f18b27ffffff,2017-03-17T18:00:00.0,13349.06,6228.48,1089.98,6147.38,1075.79,1260.29,81.09999999999945,14.190000000000055
861f1d4f7ffffff,2017-03-17T18:00:00.0,8224.44,3282.48,574.43,3246.01,568.05,871.22,36.4699999999998,6.3799999999999955
861f1d487ffffff,2017-03-17T18:00:00.0,6364.8,3033.89,530.93,2949.02,516.08,597.76,84.86999999999989,14.849999999999909
861f1d4afffffff,2017-03-17T18:00:00.0,3074.44,1691.86,296.07,1673.66,292.89,245.14,18.199999999999818,3.180000000000007
861f18b37ffffff,2017-03-17T18:00:00.0,2651.74,1231.78,215.56,1231.78,215.56,248.49,0.0,0.0
861f18b2fffffff,2017-03-17T18:00:00.0,1487.3,826.28,144.6,826.28,144.6,115.68,0.0,0.0
861f1886fffffff,2017-03-17T18:00:00.0,415.15,13.39,2.34,13.39,2.34,70.31,0.0,0.0
861f1d4b7ffffff,2017-03-17T18:00:00.0,1500.8,1388.8,243.04,1411.2,246.96,15.68,-22.40000000000009,-3.920000000000016
861f18b0fffffff,2017-03-17T18:00:00.0,1789.76,779.07,136.34,758.02,132.65,180.56,21.050000000000068,3.6899999999999977
861f1d4dfffffff,2017-03-17T18:00:00.0,202.02,0.0,0.0,15.54,2.72,32.63,-15.54,-2.72
861f1d48fffffff,2017-03-18T00:00:00.0,3712.93,1916.35,335.36,1863.12,326.05,323.72,53.23000000000002,9.310000000000002
861f1d4d7ffffff,2017-03-18T00:00:00.0,5801.25,2652.83,464.25,2565.38,448.94,566.28,87.44999999999982,15.310000000000002
861f1d49fffffff,2017-03-18T00:00:00.0,3136.38,1737.07,303.99,1688.82,295.54,253.32,48.25,8.449999999999989
861f18b27ffffff,2017-03-18T00:00:00.0,3732.48,1889.28,330.62,1843.2,322.56,330.62,46.07999999999993,8.060000000000002
861f1d4f7ffffff,2017-03-18T00:00:00.0,1778.4,805.6,140.98,775.2,135.66,175.56,30.399999999999977,5.319999999999993
861f1d487ffffff,2017-03-18T00:00:00.0,767.14,364.7,63.82,352.13,61.62,72.63,12.569999999999993,2.200000000000003
861f1d4afffffff,2017-03-18T00:00:00.0,464.26,270.82,47.39,257.92,45.14,36.11,12.899999999999977,2.25
861f18b37ffffff,2017-03-18T00:00:00.0,580.01,312.31,54.65,297.44,52.05,49.45,14.870000000000005,2.6000000000000014
861f18b2fffffff,2017-03-18T00:00:00.0,356.72,191.1,33.44,191.1,33.44,28.98,0.0,0.0
861f1886fffffff,2017-03-18T00:00:00.0,86.0,0.0,0.0,0.0,0.0,15.05,0.0,0.0
861f1d4b7ffffff,2017-03-18T00:00:00.0,261.58,261.58,45.78,249.12,43.6,2.18,12.45999999999998,2.1799999999999997
861f18b0fffffff,2017-03-18T00:00:00.0,99.43,33.14,5.8,33.14,5.8,11.6,0.0,0.0
861f1d4dfffffff,2017-03-18T00:00:00.0,252.0,0.0,0.0,0.0,0.0,44.1,0.0,0.0
861f1d48fffffff,2017-03-18T06:00:00.0,24077.59,11936.99,2088.97,11758.82,2057.79,2155.78,178.17000000000007,31.179999999999836
861f1d4d7ffffff,2017-03-18T06:00:00.0,19705.71,8335.24,1458.67,8171.8,1430.06,2018.43,163.4399999999996,28.610000000000127
861f1d49fffffff,2017-03-18T06:00:00.0,15070.77,7535.39,1318.69,7397.12,1294.5,1342.89,138.27000000000044,24.190000000000055
861f18b27ffffff,2017-03-18T06:00:00.0,12949.44,6527.36,1142.29,6422.08,1123.86,1142.29,105.27999999999975,18.430000000000064
861f1d4f7ffffff,2017-03-18T06:00:00.0,9965.06,4297.6,752.08,4217.02,737.98,1005.91,80.57999999999993,14.100000000000023
861f1d487ffffff,2017-03-18T06:00:00.0,5245.25,2494.06,436.46,2442.64,427.46,490.46,51.42000000000007,9.0
861f1d4afffffff,2017-03-18T06:00:00.0,4051.42,2426.0,424.55,2401.74,420.3,288.69,24.26000000000022,4.25
861f18b37ffffff,2017-03-18T06:00:00.0,2963.22,1764.36,308.76,1696.5,296.89,221.68,67.8599999999999,11.870000000000005
861f18b2fffffff,2017-03-18T06:00:00.0,2036.22,1092.61,191.21,1117.44,195.55,160.79,-24.830000000000155,-4.340000000000003
861f1886fffffff,2017-03-18T06:00:00.0,1879.78,78.32,13.71,52.22,9.14,319.82,26.099999999999994,4.57
861f1d4b7ffffff,2017-03-18T06:00:00.0,993.21,951.83,166.57,951.83,166.57,7.24,0.0,0.0
861f18b0fffffff,2017-03-18T06:00:00.0,708.73,303.74,53.16,278.43,48.73,75.3,25.310000000000002,4.43
861f1d4dfffffff,2017-03-18T06:00:00.0,819.8,72.34,12.66,48.22,8.44,135.03,24.120000000000005,4.220000000000001
861f1d48fffffff,2017-03-18T12:00:00.0,39270.0,18501.0,3237.68,18270.0,3197.25,3675.0,231.0,40.429999999999836
861f1d4d7ffffff,2017-03-18T12:00:00.0,25906.58,11039.98,1932.0,10886.04,1905.06,2628.59,153.9399999999987,26.940000000000055
861f1d49fffffff,2017-03-18T12:00:00.0,21369.72,10396.08,1819.31,10280.57,1799.1,1940.6,115.51000000000022,20.210000000000036
861f18b27ffffff,2017-03-18T12:00:00.0,18503.76,8723.76,1526.66,8606.4,1506.12,1732.04,117.36000000000058,20.54000000000019
861f1d4f7ffffff,2017-03-18T12:00:00.0,10683.96,4192.44,733.68,4102.28,717.9,1151.79,90.15999999999985,15.779999999999973
861f1d487ffffff,2017-03-18T12:00:00.0,6616.03,3118.13,545.67,3098.14,542.17,615.63,19.990000000000236,3.5
861f1d4afffffff,2017-03-18T12:00:00.0,4850.85,3039.33,531.88,2999.07,524.84,324.06,40.25999999999976,7.039999999999964
861f18b37ffffff,2017-03-18T12:00:00.0,4153.16,1905.31,333.43,1969.54,344.67,382.13,-64.23000000000002,-11.240000000000009
861f18b2fffffff,2017-03-18T12:00:00.0,2134.08,1094.4,191.52,1039.68,181.94,191.52,54.72000000000003,9.580000000000013
861f1886fffffff,2017-03-18T12:00:00.0,2355.2,176.64,30.91,58.88,10.3,401.86,117.75999999999999,20.61
861f1d4b7ffffff,2017-03-18T12:00:00.0,854.46,795.53,139.22,810.26,141.8,7.73,-14.730000000000018,-2.5800000000000125
861f18b0fffffff,2017-03-18T12:00:00.0,902.8,341.6,59.78,366.0,64.05,93.94,-24.399999999999977,-4.269999999999996
861f1d4dfffffff,2017-03-18T12:00:00.0,1320.69,257.7,45.1,161.06,28.19,202.94,96.63999999999999,16.91
861f1d48fffffff,2017-03-18T18:00:00.0,29069.07,12700.61,2222.61,12518.13,2190.67,2896.41,182.48000000000138,31.940000000000055
861f1d4d7ffffff,2017-03-18T18:00:00.0,21414.0,8995.6,1574.23,8858.0,1550.15,2197.3,137.60000000000036,24.079999999999927
861f1d49fffffff,2017-03-18T18:00:00.0,18063.61,8111.43,1419.5,8010.29,1401.8,1759.33,101.14000000000033,17.700000000000045
861f18b27ffffff,2017-03-18T18:00:00.0,15460.81,7314.02,1279.95,7205.39,1260.94,1444.7,108.63000000000011,19.00999999999999
861f1d4f7ffffff,2017-03-18T18:00:00.0,10566.82,4171.67,730.04,4108.14,718.93,1130.27,63.529999999999745,11.110000000000014
861f1d487ffffff,2017-03-18T18:00:00.0,4437.98,2113.32,369.83,2074.9,363.11,413.54,38.42000000000007,6.71999999999997
861f1d4afffffff,2017-03-18T18:00:00.0,3592.08,2095.38,366.69,2075.42,363.2,265.41,19.960000000000036,3.490000000000009
861f18b37ffffff,2017-03-18T18:00:00.0,3712.48,1669.37,292.14,1669.37,292.14,357.54,0.0,0.0
861f18b2fffffff,2017-03-18T18:00:00.0,1714.74,832.4,145.67,882.34,154.41,145.67,-49.940000000000055,-8.740000000000009
861f1886fffffff,2017-03-18T18:00:00.0,1976.06,95.62,16.73,31.87,5.58,340.23,63.75,11.15
861f1d4b7ffffff,2017-03-18T18:00:00.0,958.17,958.18,167.68,940.43,164.58,3.11,17.75,3.0999999999999943
861f18b0fffffff,2017-03-18T18:00:00.0,2878.72,1240.06,217.01,1195.78,209.26,294.52,44.27999999999997,7.75
861f1d4dfffffff,2017-03-18T18:00:00.0,332.7,53.23,9.32,53.23,9.32,48.91,0.0,0.0
861f1d48fffffff,2017-03-19T00:00:00.0,5100.03,2356.93,412.46,2277.04,398.48,494.02,79.88999999999987,13.979999999999961
861f1d4d7ffffff,2017-03-19T00:00:00.0,6521.52,2758.53,482.74,2668.58,467.0,674.27,89.95000000000027,15.740000000000009
861f1d49fffffff,2017-03-19T00:00:00.0,2257.24,1101.75,192.81,1061.44,185.75,209.27,40.309999999999945,7.060000000000002
861f18b27ffffff,2017-03-19T00:00:00.0,4444.57,2171.39,379.99,2120.5,371.09,406.71,50.88999999999987,8.900000000000034
861f1d4f7ffffff,2017-03-19T00:00:00.0,1593.0,715.5,125.21,702.0,122.85,155.93,13.5,2.3599999999999994
861f1d487ffffff,2017-03-19T00:00:00.0,488.38,232.56,40.7,232.56,40.7,44.77,0.0,0.0
861f1d4afffffff,2017-03-19T00:00:00.0,523.22,308.57,54.0,295.15,51.65,39.91,13.420000000000016,2.3500000000000014
861f18b37ffffff,2017-03-19T00:00:00.0,445.65,215.64,37.74,201.26,35.22,42.77,14.379999999999995,2.520000000000003
861f18b2fffffff,2017-03-19T00:00:00.0,592.52,314.77,55.09,296.26,51.84,51.84,18.50999999999999,3.25
861f1886fffffff,2017-03-19T00:00:00.0,34.0,0.0,0.0,0.0,0.0,5.95,0.0,0.0
861f1d4b7ffffff,2017-03-19T00:00:00.0,232.0,217.5,38.06,217.5,38.06,2.54,0.0,0.0
861f18b0fffffff,2017-03-19T00:00:00.0,54.0,13.5,2.36,13.5,2.36,7.09,0.0,0.0
861f1d4dfffffff,2017-03-19T00:00:00.0,121.99,15.25,2.67,15.25,2.67,18.68,0.0,0.0
861f1d48fffffff,2017-03-19T06:00:00.0,16772.74,7948.2,1390.94,7785.16,1362.4,1572.83,163.03999999999996,28.539999999999964
861f1d4d7ffffff,2017-03-19T06:00:00.0,14744.1,5777.53,1011.07,5632.58,985.7,1594.52,144.94999999999982,25.370000000000005
861f1d49fffffff,2017-03-19T06:00:00.0,8821.97,4134.14,723.48,4060.32,710.56,833.29,73.82000000000016,12.920000000000073
861f18b27ffffff,2017-03-19T06:00:00.0,8079.84,3631.58,635.53,3562.08,623.36,790.61,69.5,12.169999999999959
861f1d4f7ffffff,2017-03-19T06:00:00.0,8689.82,3648.61,638.51,3481.5,609.26,911.46,167.11000000000013,29.25
861f1d487ffffff,2017-03-19T06:00:00.0,4557.92,2098.09,367.17,1977.51,346.06,451.57,120.58000000000015,21.110000000000014
861f1d4afffffff,2017-03-19T06:00:00.0,3161.73,1743.6,305.13,1743.6,305.13,248.17,0.0,0.0
861f18b37ffffff,2017-03-19T06:00:00.0,2418.04,1083.08,189.54,1083.08,189.54,233.62,0.0,0.0
861f18b2fffffff,2017-03-19T06:00:00.0,1046.03,583.36,102.09,583.36,102.09,80.97,0.0,0.0
861f1886fffffff,2017-03-19T06:00:00.0,850.83,20.75,3.63,0.0,0.0,148.9,20.75,3.63
861f1d4b7ffffff,2017-03-19T06:00:00.0,622.08,575.42,100.7,622.08,108.86,0.0,-46.66000000000008,-8.159999999999997
861f18b0fffffff,2017-03-19T06:00:00.0,841.29,321.67,56.29,321.67,56.29,90.93,0.0,0.0
861f1d4dfffffff,2017-03-19T06:00:00.0,314.34,33.09,5.79,33.09,5.79,49.22,0.0,0.0
861f1d48fffffff,2017-03-19T12:00:00.0,35297.74,15887.04,2780.23,15683.36,2744.59,3432.52,203.6800000000003,35.63999999999987
861f1d4d7ffffff,2017-03-19T12:00:00.0,27815.2,10569.78,1849.71,10410.83,1821.9,3045.76,158.95000000000073,27.809999999999945
861f1d49fffffff,2017-03-19T12:00:00.0,16163.4,7477.2,1308.51,7365.6,1288.98,1539.62,111.59999999999945,19.529999999999973
861f18b27ffffff,2017-03-19T12:00:00.0,16936.98,6982.96,1222.02,6869.41,1202.15,1761.82,113.55000000000018,19.86999999999989
861f1d4f7ffffff,2017-03-19T12:00:00.0,11860.04,4680.19,819.03,4334.5,758.54,1316.97,345.6899999999996,60.49000000000001
861f1d487ffffff,2017-03-19T12:00:00.0,6282.79,2936.08,513.81,2895.01,506.63,592.86,41.06999999999971,7.17999999999995
861f1d4afffffff,2017-03-19T12:00:00.0,3944.95,2251.41,394.0,2331.11,407.94,282.42,-79.70000000000027,-13.939999999999998
861f18b37ffffff,2017-03-19T12:00:00.0,2777.52,1075.8,188.26,1114.92,195.11,290.96,-39.12000000000012,-6.850000000000023
861f18b2fffffff,2017-03-19T12:00:00.0,1653.44,806.05,141.06,806.05,141.06,148.29,0.0,0.0
861f1886fffffff,2017-03-19T12:00:00.0,2306.02,192.17,33.63,64.06,11.21,392.34,128.10999999999999,22.42
861f1d4b7ffffff,2017-03-19T12:00:00.0,1165.82,1038.31,181.7,1165.82,204.02,0.0,-127.50999999999999,-22.32000000000002
861f18b0fffffff,2017-03-19T12:00:00.0,1826.72,619.78,108.46,587.16,102.75,216.92,32.620000000000005,5.709999999999994
861f1d4dfffffff,2017-03-19T12:00:00.0,663.0,58.5,10.24,58.5,10.24,105.79,0.0,0.0
861f1d48fffffff,2017-03-19T18:00:00.0,14940.36,6852.6,1199.21,6734.16,1178.48,1436.08,118.44000000000051,20.730000000000018
861f1d4d7ffffff,2017-03-19T18:00:00.0,13919.09,5394.07,943.96,5274.96,923.12,1512.72,119.10999999999967,20.840000000000032
861f1d49fffffff,2017-03-19T18:00:00.0,8639.91,4386.93,767.71,4303.21,753.06,758.92,83.72000000000025,14.650000000000091
861f18b27ffffff,2017-03-19T18:00:00.0,10323.59,4786.23,837.59,4698.89,822.31,984.32,87.33999999999924,15.280000000000086
861f1d4f7ffffff,2017-03-19T18:00:00.0,4617.7,1680.54,294.09,1604.84,280.85,527.25,75.70000000000005,13.239999999999952
861f1d487ffffff,2017-03-19T18:00:00.0,2747.22,1400.2,245.03,1400.2,245.03,235.73,0.0,0.0
861f1d4afffffff,2017-03-19T18:00:00.0,2270.4,1229.8,215.22,1248.72,218.53,178.79,-18.920000000000073,-3.3100000000000023
861f18b37ffffff,2017-03-19T18:00:00.0,1294.14,608.09,106.42,592.5,103.69,122.79,15.590000000000032,2.730000000000004
861f18b2fffffff,2017-03-19T18:00:00.0,921.31,555.71,97.25,541.09,94.69,66.54,14.620000000000005,2.5600000000000023
861f1886fffffff,2017-03-19T18:00:00.0,644.0,23.85,4.17,0.0,0.0,112.7,23.85,4.17
861f1d4b7ffffff,2017-03-19T18:00:00.0,377.52,363.0,63.52,363.0,63.52,2.54,0.0,0.0
861f18b0fffffff,2017-03-19T18:00:00.0,248.53,71.01,12.43,71.01,12.43,31.07,0.0,0.0
861f1d4dfffffff,2017-03-19T18:00:00.0,345.64,20.33,3.56,0.0,0.0,60.49,20.33,3.56
