,key_5hex_1h,hex_id_5hex,timestamp,electric_C2G,n_electric_C2G,electric_DN,n_electric_DN,total_avail
0,851f1887fffffff_2017-03-13 00:00:00,851f1887fffffff,2017-03-13 00:00:00,0.0,1.0,3.0,37.0,41.0
1,851f1887fffffff_2017-03-13 01:00:00,851f1887fffffff,2017-03-13 01:00:00,0.0,1.0,3.0,39.0,43.0
2,851f1887fffffff_2017-03-13 02:00:00,851f1887fffffff,2017-03-13 02:00:00,0.0,1.0,3.0,39.0,43.0
3,851f1887fffffff_2017-03-13 03:00:00,851f1887fffffff,2017-03-13 03:00:00,0.0,1.0,3.0,40.0,44.0
4,851f1887fffffff_2017-03-13 04:00:00,851f1887fffffff,2017-03-13 04:00:00,0.0,1.0,3.0,38.0,42.0
5,851f1887fffffff_2017-03-13 05:00:00,851f1887fffffff,2017-03-13 05:00:00,0.0,1.0,3.0,39.0,43.0
6,851f1887fffffff_2017-03-13 06:00:00,851f1887fffffff,2017-03-13 06:00:00,0.0,1.0,3.0,37.0,41.0
7,851f1887fffffff_2017-03-13 07:00:00,851f1887fffffff,2017-03-13 07:00:00,0.0,1.0,3.0,31.0,35.0
8,851f1887fffffff_2017-03-13 08:00:00,851f1887fffffff,2017-03-13 08:00:00,0.0,10.0,2.0,32.0,44.0
9,851f1887fffffff_2017-03-13 09:00:00,851f1887fffffff,2017-03-13 09:00:00,0.0,12.0,2.0,33.0,47.0
10,851f1887fffffff_2017-03-13 10:00:00,851f1887fffffff,2017-03-13 10:00:00,0.0,12.0,4.0,28.0,44.0
11,851f1887fffffff_2017-03-13 11:00:00,851f1887fffffff,2017-03-13 11:00:00,0.0,12.0,4.0,21.0,37.0
12,851f1887fffffff_2017-03-13 12:00:00,851f1887fffffff,2017-03-13 12:00:00,0.0,11.0,5.0,20.0,36.0
13,851f1887fffffff_2017-03-13 13:00:00,851f1887fffffff,2017-03-13 13:00:00,0.0,9.0,4.0,18.0,31.0
14,851f1887fffffff_2017-03-13 14:00:00,851f1887fffffff,2017-03-13 14:00:00,0.0,8.0,3.0,18.0,29.0
15,851f1887fffffff_2017-03-13 15:00:00,851f1887fffffff,2017-03-13 15:00:00,0.0,7.0,4.0,22.0,33.0
16,851f1887fffffff_2017-03-13 16:00:00,851f1887fffffff,2017-03-13 16:00:00,0.0,8.0,4.0,24.0,36.0
17,851f1887fffffff_2017-03-13 17:00:00,851f1887fffffff,2017-03-13 17:00:00,0.0,5.0,3.0,26.0,34.0
18,851f1887fffffff_2017-03-13 18:00:00,851f1887fffffff,2017-03-13 18:00:00,0.0,1.0,4.0,27.0,32.0
19,851f1887fffffff_2017-03-13 19:00:00,851f1887fffffff,2017-03-13 19:00:00,0.0,1.0,5.0,34.0,40.0
20,851f1887fffffff_2017-03-13 20:00:00,851f1887fffffff,2017-03-13 20:00:00,0.0,1.0,0.0,0.0,1.0
21,851f1887fffffff_2017-03-13 21:00:00,851f1887fffffff,2017-03-13 21:00:00,0.0,0.0,0.0,0.0,0.0
22,851f1887fffffff_2017-03-13 22:00:00,851f1887fffffff,2017-03-13 22:00:00,0.0,0.0,3.0,37.0,40.0
23,851f1887fffffff_2017-03-13 23:00:00,851f1887fffffff,2017-03-13 23:00:00,0.0,0.0,3.0,48.0,51.0
24,851f1887fffffff_2017-03-14 00:00:00,851f1887fffffff,2017-03-14 00:00:00,0.0,1.0,3.0,52.0,56.0
25,851f1887fffffff_2017-03-14 01:00:00,851f1887fffffff,2017-03-14 01:00:00,0.0,1.0,3.0,52.0,56.0
26,851f1887fffffff_2017-03-14 02:00:00,851f1887fffffff,2017-03-14 02:00:00,0.0,1.0,3.0,52.0,56.0
27,851f1887fffffff_2017-03-14 03:00:00,851f1887fffffff,2017-03-14 03:00:00,0.0,1.0,3.0,52.0,56.0
28,851f1887fffffff_2017-03-14 04:00:00,851f1887fffffff,2017-03-14 04:00:00,0.0,1.0,4.0,52.0,57.0
29,851f1887fffffff_2017-03-14 05:00:00,851f1887fffffff,2017-03-14 05:00:00,0.0,1.0,3.0,52.0,56.0
30,851f1887fffffff_2017-03-14 06:00:00,851f1887fffffff,2017-03-14 06:00:00,0.0,2.0,3.0,47.0,52.0
31,851f1887fffffff_2017-03-14 07:00:00,851f1887fffffff,2017-03-14 07:00:00,0.0,1.0,3.0,39.0,43.0
32,851f1887fffffff_2017-03-14 08:00:00,851f1887fffffff,2017-03-14 08:00:00,0.0,5.0,2.0,38.0,45.0
33,851f1887fffffff_2017-03-14 09:00:00,851f1887fffffff,2017-03-14 09:00:00,0.0,9.0,2.0,44.0,55.0
34,851f1887fffffff_2017-03-14 10:00:00,851f1887fffffff,2017-03-14 10:00:00,0.0,9.0,2.0,42.0,53.0
35,851f1887fffffff_2017-03-14 11:00:00,851f1887fffffff,2017-03-14 11:00:00,0.0,11.0,2.0,45.0,58.0
36,851f1887fffffff_2017-03-14 12:00:00,851f1887fffffff,2017-03-14 12:00:00,0.0,12.0,1.0,44.0,57.0
37,851f1887fffffff_2017-03-14 13:00:00,851f1887fffffff,2017-03-14 13:00:00,0.0,12.0,3.0,44.0,59.0
38,851f1887fffffff_2017-03-14 14:00:00,851f1887fffffff,2017-03-14 14:00:00,0.0,11.0,3.0,50.0,64.0
39,851f1887fffffff_2017-03-14 15:00:00,851f1887fffffff,2017-03-14 15:00:00,0.0,10.0,3.0,48.0,61.0
40,851f1887fffffff_2017-03-14 16:00:00,851f1887fffffff,2017-03-14 16:00:00,0.0,8.0,2.0,47.0,57.0
41,851f1887fffffff_2017-03-14 17:00:00,851f1887fffffff,2017-03-14 17:00:00,0.0,5.0,2.0,42.0,49.0
42,851f1887fffffff_2017-03-14 18:00:00,851f1887fffffff,2017-03-14 18:00:00,0.0,3.0,2.0,39.0,44.0
43,851f1887fffffff_2017-03-14 19:00:00,851f1887fffffff,2017-03-14 19:00:00,0.0,0.0,3.0,39.0,42.0
44,851f1887fffffff_2017-03-14 20:00:00,851f1887fffffff,2017-03-14 20:00:00,0.0,1.0,3.0,45.0,49.0
45,851f1887fffffff_2017-03-14 21:00:00,851f1887fffffff,2017-03-14 21:00:00,0.0,1.0,4.0,46.0,51.0
46,851f1887fffffff_2017-03-14 22:00:00,851f1887fffffff,2017-03-14 22:00:00,0.0,1.0,3.0,50.0,54.0
47,851f1887fffffff_2017-03-14 23:00:00,851f1887fffffff,2017-03-14 23:00:00,0.0,1.0,3.0,50.0,54.0
48,851f1887fffffff_2017-03-15 00:00:00,851f1887fffffff,2017-03-15 00:00:00,0.0,2.0,4.0,49.0,55.0
49,851f1887fffffff_2017-03-15 01:00:00,851f1887fffffff,2017-03-15 01:00:00,0.0,2.0,4.0,49.0,55.0
50,851f1887fffffff_2017-03-15 02:00:00,851f1887fffffff,2017-03-15 02:00:00,0.0,2.0,4.0,49.0,55.0
51,851f1887fffffff_2017-03-15 03:00:00,851f1887fffffff,2017-03-15 03:00:00,0.0,2.0,4.0,52.0,58.0
52,851f1887fffffff_2017-03-15 04:00:00,851f1887fffffff,2017-03-15 04:00:00,0.0,2.0,4.0,50.0,56.0
53,851f1887fffffff_2017-03-15 05:00:00,851f1887fffffff,2017-03-15 05:00:00,0.0,2.0,4.0,50.0,56.0
54,851f1887fffffff_2017-03-15 06:00:00,851f1887fffffff,2017-03-15 06:00:00,0.0,2.0,4.0,46.0,52.0
55,851f1887fffffff_2017-03-15 07:00:00,851f1887fffffff,2017-03-15 07:00:00,0.0,3.0,3.0,41.0,47.0
56,851f1887fffffff_2017-03-15 08:00:00,851f1887fffffff,2017-03-15 08:00:00,0.0,8.0,3.0,39.0,50.0
57,851f1887fffffff_2017-03-15 09:00:00,851f1887fffffff,2017-03-15 09:00:00,0.0,12.0,5.0,48.0,65.0
58,851f1887fffffff_2017-03-15 10:00:00,851f1887fffffff,2017-03-15 10:00:00,0.0,14.0,5.0,44.0,63.0
59,851f1887fffffff_2017-03-15 11:00:00,851f1887fffffff,2017-03-15 11:00:00,0.0,15.0,7.0,47.0,69.0
60,851f1887fffffff_2017-03-15 12:00:00,851f1887fffffff,2017-03-15 12:00:00,0.0,18.0,6.0,49.0,73.0
61,851f1887fffffff_2017-03-15 13:00:00,851f1887fffffff,2017-03-15 13:00:00,0.0,19.0,4.0,48.0,71.0
62,851f1887fffffff_2017-03-15 14:00:00,851f1887fffffff,2017-03-15 14:00:00,0.0,19.0,4.0,45.0,68.0
63,851f1887fffffff_2017-03-15 15:00:00,851f1887fffffff,2017-03-15 15:00:00,0.0,19.0,4.0,39.0,62.0
64,851f1887fffffff_2017-03-15 16:00:00,851f1887fffffff,2017-03-15 16:00:00,0.0,16.0,6.0,39.0,61.0
65,851f1887fffffff_2017-03-15 17:00:00,851f1887fffffff,2017-03-15 17:00:00,0.0,10.0,5.0,37.0,52.0
66,851f1887fffffff_2017-03-15 18:00:00,851f1887fffffff,2017-03-15 18:00:00,0.0,9.0,4.0,39.0,52.0
67,851f1887fffffff_2017-03-15 19:00:00,851f1887fffffff,2017-03-15 19:00:00,0.0,6.0,4.0,49.0,59.0
68,851f1887fffffff_2017-03-15 20:00:00,851f1887fffffff,2017-03-15 20:00:00,0.0,5.0,6.0,50.0,61.0
69,851f1887fffffff_2017-03-15 21:00:00,851f1887fffffff,2017-03-15 21:00:00,0.0,3.0,5.0,47.0,55.0
70,851f1887fffffff_2017-03-15 22:00:00,851f1887fffffff,2017-03-15 22:00:00,0.0,3.0,5.0,52.0,60.0
71,851f1887fffffff_2017-03-15 23:00:00,851f1887fffffff,2017-03-15 23:00:00,0.0,3.0,5.0,58.0,66.0
72,851f1887fffffff_2017-03-16 00:00:00,851f1887fffffff,2017-03-16 00:00:00,0.0,4.0,7.0,61.0,72.0
73,851f1887fffffff_2017-03-16 01:00:00,851f1887fffffff,2017-03-16 01:00:00,0.0,4.0,8.0,63.0,75.0
74,851f1887fffffff_2017-03-16 02:00:00,851f1887fffffff,2017-03-16 02:00:00,0.0,4.0,8.0,64.0,76.0
75,851f1887fffffff_2017-03-16 03:00:00,851f1887fffffff,2017-03-16 03:00:00,0.0,4.0,8.0,66.0,78.0
76,851f1887fffffff_2017-03-16 04:00:00,851f1887fffffff,2017-03-16 04:00:00,0.0,4.0,8.0,66.0,78.0
77,851f1887fffffff_2017-03-16 05:00:00,851f1887fffffff,2017-03-16 05:00:00,0.0,4.0,8.0,63.0,75.0
78,851f1887fffffff_2017-03-16 06:00:00,851f1887fffffff,2017-03-16 06:00:00,0.0,4.0,8.0,61.0,73.0
79,851f1887fffffff_2017-03-16 07:00:00,851f1887fffffff,2017-03-16 07:00:00,0.0,4.0,6.0,51.0,61.0
80,851f1887fffffff_2017-03-16 08:00:00,851f1887fffffff,2017-03-16 08:00:00,0.0,11.0,5.0,53.0,69.0
81,851f1887fffffff_2017-03-16 09:00:00,851f1887fffffff,2017-03-16 09:00:00,0.0,12.0,6.0,58.0,76.0
82,851f1887fffffff_2017-03-16 10:00:00,851f1887fffffff,2017-03-16 10:00:00,0.0,11.0,6.0,54.0,71.0
83,851f1887fffffff_2017-03-16 11:00:00,851f1887fffffff,2017-03-16 11:00:00,0.0,12.0,7.0,54.0,73.0
84,851f1887fffffff_2017-03-16 12:00:00,851f1887fffffff,2017-03-16 12:00:00,0.0,11.0,6.0,49.0,66.0
85,851f1887fffffff_2017-03-16 13:00:00,851f1887fffffff,2017-03-16 13:00:00,0.0,11.0,6.0,46.0,63.0
86,851f1887fffffff_2017-03-16 14:00:00,851f1887fffffff,2017-03-16 14:00:00,0.0,11.0,6.0,51.0,68.0
87,851f1887fffffff_2017-03-16 15:00:00,851f1887fffffff,2017-03-16 15:00:00,0.0,10.0,8.0,53.0,71.0
88,851f1887fffffff_2017-03-16 16:00:00,851f1887fffffff,2017-03-16 16:00:00,0.0,10.0,8.0,57.0,75.0
89,851f1887fffffff_2017-03-16 17:00:00,851f1887fffffff,2017-03-16 17:00:00,0.0,7.0,6.0,53.0,66.0
90,851f1887fffffff_2017-03-16 18:00:00,851f1887fffffff,2017-03-16 18:00:00,0.0,4.0,6.0,50.0,60.0
91,851f1887fffffff_2017-03-16 19:00:00,851f1887fffffff,2017-03-16 19:00:00,0.0,5.0,7.0,57.0,69.0
92,851f1887fffffff_2017-03-16 20:00:00,851f1887fffffff,2017-03-16 20:00:00,0.0,5.0,7.0,57.0,69.0
93,851f1887fffffff_2017-03-16 21:00:00,851f1887fffffff,2017-03-16 21:00:00,0.0,5.0,9.0,61.0,75.0
94,851f1887fffffff_2017-03-16 22:00:00,851f1887fffffff,2017-03-16 22:00:00,0.0,5.0,9.0,66.0,80.0
95,851f1887fffffff_2017-03-16 23:00:00,851f1887fffffff,2017-03-16 23:00:00,0.0,5.0,10.0,71.0,86.0
96,851f1887fffffff_2017-03-17 00:00:00,851f1887fffffff,2017-03-17 00:00:00,0.0,5.0,9.0,73.0,87.0
97,851f1887fffffff_2017-03-17 01:00:00,851f1887fffffff,2017-03-17 01:00:00,0.0,4.0,9.0,75.0,88.0
98,851f1887fffffff_2017-03-17 02:00:00,851f1887fffffff,2017-03-17 02:00:00,0.0,4.0,9.0,77.0,90.0
99,851f1887fffffff_2017-03-17 03:00:00,851f1887fffffff,2017-03-17 03:00:00,0.0,4.0,9.0,77.0,90.0
100,851f1887fffffff_2017-03-17 04:00:00,851f1887fffffff,2017-03-17 04:00:00,0.0,4.0,9.0,77.0,90.0
101,851f1887fffffff_2017-03-17 05:00:00,851f1887fffffff,2017-03-17 05:00:00,0.0,4.0,8.0,77.0,89.0
102,851f1887fffffff_2017-03-17 06:00:00,851f1887fffffff,2017-03-17 06:00:00,0.0,3.0,7.0,69.0,79.0
103,851f1887fffffff_2017-03-17 07:00:00,851f1887fffffff,2017-03-17 07:00:00,0.0,4.0,7.0,54.0,65.0
104,851f1887fffffff_2017-03-17 08:00:00,851f1887fffffff,2017-03-17 08:00:00,0.0,7.0,6.0,46.0,59.0
105,851f1887fffffff_2017-03-17 09:00:00,851f1887fffffff,2017-03-17 09:00:00,0.0,9.0,7.0,40.0,56.0
106,851f1887fffffff_2017-03-17 10:00:00,851f1887fffffff,2017-03-17 10:00:00,0.0,9.0,8.0,34.0,51.0
107,851f1887fffffff_2017-03-17 11:00:00,851f1887fffffff,2017-03-17 11:00:00,0.0,8.0,7.0,33.0,48.0
108,851f1887fffffff_2017-03-17 12:00:00,851f1887fffffff,2017-03-17 12:00:00,0.0,10.0,8.0,31.0,49.0
109,851f1887fffffff_2017-03-17 13:00:00,851f1887fffffff,2017-03-17 13:00:00,0.0,9.0,7.0,31.0,47.0
110,851f1887fffffff_2017-03-17 14:00:00,851f1887fffffff,2017-03-17 14:00:00,0.0,8.0,8.0,31.0,47.0
111,851f1887fffffff_2017-03-17 15:00:00,851f1887fffffff,2017-03-17 15:00:00,0.0,9.0,5.0,31.0,45.0
112,851f1887fffffff_2017-03-17 16:00:00,851f1887fffffff,2017-03-17 16:00:00,0.0,4.0,5.0,28.0,37.0
113,851f1887fffffff_2017-03-17 17:00:00,851f1887fffffff,2017-03-17 17:00:00,0.0,0.0,4.0,24.0,28.0
114,851f1887fffffff_2017-03-17 18:00:00,851f1887fffffff,2017-03-17 18:00:00,0.0,1.0,1.0,24.0,26.0
115,851f1887fffffff_2017-03-17 19:00:00,851f1887fffffff,2017-03-17 19:00:00,0.0,1.0,0.0,27.0,28.0
116,851f1887fffffff_2017-03-17 20:00:00,851f1887fffffff,2017-03-17 20:00:00,0.0,2.0,1.0,35.0,38.0
117,851f1887fffffff_2017-03-17 21:00:00,851f1887fffffff,2017-03-17 21:00:00,0.0,2.0,1.0,43.0,46.0
118,851f1887fffffff_2017-03-17 22:00:00,851f1887fffffff,2017-03-17 22:00:00,0.0,2.0,3.0,44.0,49.0
119,851f1887fffffff_2017-03-17 23:00:00,851f1887fffffff,2017-03-17 23:00:00,0.0,2.0,5.0,50.0,57.0
120,851f1887fffffff_2017-03-18 00:00:00,851f1887fffffff,2017-03-18 00:00:00,0.0,2.0,6.0,53.0,61.0
121,851f1887fffffff_2017-03-18 01:00:00,851f1887fffffff,2017-03-18 01:00:00,0.0,2.0,6.0,53.0,61.0
122,851f1887fffffff_2017-03-18 02:00:00,851f1887fffffff,2017-03-18 02:00:00,0.0,2.0,6.0,54.0,62.0
123,851f1887fffffff_2017-03-18 03:00:00,851f1887fffffff,2017-03-18 03:00:00,0.0,2.0,6.0,56.0,64.0
124,851f1887fffffff_2017-03-18 04:00:00,851f1887fffffff,2017-03-18 04:00:00,0.0,2.0,6.0,57.0,65.0
125,851f1887fffffff_2017-03-18 05:00:00,851f1887fffffff,2017-03-18 05:00:00,0.0,2.0,6.0,56.0,64.0
126,851f1887fffffff_2017-03-18 06:00:00,851f1887fffffff,2017-03-18 06:00:00,0.0,2.0,6.0,55.0,63.0
127,851f1887fffffff_2017-03-18 07:00:00,851f1887fffffff,2017-03-18 07:00:00,0.0,2.0,6.0,51.0,59.0
128,851f1887fffffff_2017-03-18 08:00:00,851f1887fffffff,2017-03-18 08:00:00,0.0,2.0,4.0,44.0,50.0
129,851f1887fffffff_2017-03-18 09:00:00,851f1887fffffff,2017-03-18 09:00:00,0.0,1.0,6.0,44.0,51.0
130,851f1887fffffff_2017-03-18 10:00:00,851f1887fffffff,2017-03-18 10:00:00,0.0,1.0,5.0,43.0,49.0
131,851f1887fffffff_2017-03-18 11:00:00,851f1887fffffff,2017-03-18 11:00:00,0.0,1.0,3.0,28.0,32.0
132,851f1887fffffff_2017-03-18 12:00:00,851f1887fffffff,2017-03-18 12:00:00,0.0,2.0,2.0,27.0,31.0
133,851f1887fffffff_2017-03-18 13:00:00,851f1887fffffff,2017-03-18 13:00:00,0.0,3.0,1.0,33.0,37.0
134,851f1887fffffff_2017-03-18 14:00:00,851f1887fffffff,2017-03-18 14:00:00,0.0,2.0,3.0,37.0,42.0
135,851f1887fffffff_2017-03-18 15:00:00,851f1887fffffff,2017-03-18 15:00:00,0.0,1.0,3.0,40.0,44.0
136,851f1887fffffff_2017-03-18 16:00:00,851f1887fffffff,2017-03-18 16:00:00,0.0,3.0,4.0,38.0,45.0
137,851f1887fffffff_2017-03-18 17:00:00,851f1887fffffff,2017-03-18 17:00:00,0.0,3.0,5.0,36.0,44.0
138,851f1887fffffff_2017-03-18 18:00:00,851f1887fffffff,2017-03-18 18:00:00,0.0,2.0,3.0,32.0,37.0
139,851f1887fffffff_2017-03-18 19:00:00,851f1887fffffff,2017-03-18 19:00:00,0.0,2.0,1.0,22.0,25.0
140,851f1887fffffff_2017-03-18 20:00:00,851f1887fffffff,2017-03-18 20:00:00,0.0,2.0,1.0,15.0,18.0
141,851f1887fffffff_2017-03-18 21:00:00,851f1887fffffff,2017-03-18 21:00:00,0.0,2.0,2.0,18.0,22.0
142,851f1887fffffff_2017-03-18 22:00:00,851f1887fffffff,2017-03-18 22:00:00,0.0,2.0,2.0,21.0,25.0
143,851f1887fffffff_2017-03-18 23:00:00,851f1887fffffff,2017-03-18 23:00:00,0.0,2.0,3.0,23.0,28.0
144,851f1887fffffff_2017-03-19 00:00:00,851f1887fffffff,2017-03-19 00:00:00,0.0,2.0,4.0,24.0,30.0
145,851f1887fffffff_2017-03-19 01:00:00,851f1887fffffff,2017-03-19 01:00:00,0.0,2.0,3.0,25.0,30.0
146,851f1887fffffff_2017-03-19 02:00:00,851f1887fffffff,2017-03-19 02:00:00,0.0,2.0,3.0,26.0,31.0
147,851f1887fffffff_2017-03-19 03:00:00,851f1887fffffff,2017-03-19 03:00:00,0.0,2.0,3.0,27.0,32.0
148,851f1887fffffff_2017-03-19 04:00:00,851f1887fffffff,2017-03-19 04:00:00,0.0,2.0,4.0,29.0,35.0
149,851f1887fffffff_2017-03-19 05:00:00,851f1887fffffff,2017-03-19 05:00:00,0.0,2.0,4.0,29.0,35.0
150,851f1887fffffff_2017-03-19 06:00:00,851f1887fffffff,2017-03-19 06:00:00,0.0,2.0,4.0,28.0,34.0
151,851f1887fffffff_2017-03-19 07:00:00,851f1887fffffff,2017-03-19 07:00:00,0.0,2.0,4.0,28.0,34.0
152,851f1887fffffff_2017-03-19 08:00:00,851f1887fffffff,2017-03-19 08:00:00,0.0,2.0,3.0,26.0,31.0
153,851f1887fffffff_2017-03-19 09:00:00,851f1887fffffff,2017-03-19 09:00:00,0.0,2.0,3.0,27.0,32.0
154,851f1887fffffff_2017-03-19 10:00:00,851f1887fffffff,2017-03-19 10:00:00,0.0,2.0,3.0,32.0,37.0
155,851f1887fffffff_2017-03-19 11:00:00,851f1887fffffff,2017-03-19 11:00:00,0.0,2.0,2.0,29.0,33.0
156,851f1887fffffff_2017-03-19 12:00:00,851f1887fffffff,2017-03-19 12:00:00,0.0,2.0,2.0,27.0,31.0
157,851f1887fffffff_2017-03-19 13:00:00,851f1887fffffff,2017-03-19 13:00:00,0.0,4.0,0.0,35.0,39.0
158,851f1887fffffff_2017-03-19 14:00:00,851f1887fffffff,2017-03-19 14:00:00,0.0,6.0,2.0,38.0,46.0
159,851f1887fffffff_2017-03-19 15:00:00,851f1887fffffff,2017-03-19 15:00:00,0.0,5.0,3.0,39.0,47.0
160,851f1887fffffff_2017-03-19 16:00:00,851f1887fffffff,2017-03-19 16:00:00,0.0,3.0,3.0,42.0,48.0
161,851f1887fffffff_2017-03-19 17:00:00,851f1887fffffff,2017-03-19 17:00:00,0.0,2.0,2.0,41.0,45.0
162,851f1887fffffff_2017-03-19 18:00:00,851f1887fffffff,2017-03-19 18:00:00,0.0,1.0,0.0,28.0,29.0
163,851f1887fffffff_2017-03-19 19:00:00,851f1887fffffff,2017-03-19 19:00:00,0.0,1.0,1.0,25.0,27.0
164,851f1887fffffff_2017-03-19 20:00:00,851f1887fffffff,2017-03-19 20:00:00,0.0,1.0,0.0,30.0,31.0
165,851f1887fffffff_2017-03-19 21:00:00,851f1887fffffff,2017-03-19 21:00:00,0.0,1.0,1.0,37.0,39.0
166,851f1887fffffff_2017-03-19 22:00:00,851f1887fffffff,2017-03-19 22:00:00,0.0,1.0,1.0,41.0,43.0
167,851f1887fffffff_2017-03-19 23:00:00,851f1887fffffff,2017-03-19 23:00:00,0.0,1.0,2.0,42.0,45.0
168,851f1887fffffff_2017-03-20 00:00:00,851f1887fffffff,2017-03-20 00:00:00,0.0,1.0,2.0,42.0,45.0
169,851f1887fffffff_2017-03-20 01:00:00,851f1887fffffff,2017-03-20 01:00:00,0.0,1.0,2.0,42.0,45.0
170,851f1887fffffff_2017-03-20 02:00:00,851f1887fffffff,2017-03-20 02:00:00,0.0,1.0,2.0,42.0,45.0
171,851f1887fffffff_2017-03-20 03:00:00,851f1887fffffff,2017-03-20 03:00:00,0.0,1.0,2.0,42.0,45.0
172,851f1887fffffff_2017-03-20 04:00:00,851f1887fffffff,2017-03-20 04:00:00,0.0,1.0,2.0,42.0,45.0
173,851f1887fffffff_2017-03-20 05:00:00,851f1887fffffff,2017-03-20 05:00:00,0.0,1.0,1.0,41.0,43.0
174,851f1887fffffff_2017-03-20 06:00:00,851f1887fffffff,2017-03-20 06:00:00,0.0,1.0,1.0,36.0,38.0
175,851f1887fffffff_2017-03-20 07:00:00,851f1887fffffff,2017-03-20 07:00:00,0.0,1.0,1.0,24.0,26.0
176,851f1887fffffff_2017-03-20 08:00:00,851f1887fffffff,2017-03-20 08:00:00,0.0,3.0,1.0,24.0,28.0
177,851f1887fffffff_2017-03-20 09:00:00,851f1887fffffff,2017-03-20 09:00:00,0.0,7.0,2.0,32.0,41.0
178,851f1887fffffff_2017-03-20 10:00:00,851f1887fffffff,2017-03-20 10:00:00,0.0,7.0,2.0,32.0,41.0
179,851f1887fffffff_2017-03-20 11:00:00,851f1887fffffff,2017-03-20 11:00:00,0.0,7.0,2.0,33.0,42.0
180,851f1887fffffff_2017-03-20 12:00:00,851f1887fffffff,2017-03-20 12:00:00,0.0,7.0,2.0,31.0,40.0
181,851f1887fffffff_2017-03-20 13:00:00,851f1887fffffff,2017-03-20 13:00:00,0.0,7.0,2.0,30.0,39.0
182,851f1887fffffff_2017-03-20 14:00:00,851f1887fffffff,2017-03-20 14:00:00,0.0,8.0,2.0,28.0,38.0
183,851f1887fffffff_2017-03-20 15:00:00,851f1887fffffff,2017-03-20 15:00:00,0.0,8.0,1.0,26.0,35.0
184,851f1887fffffff_2017-03-20 16:00:00,851f1887fffffff,2017-03-20 16:00:00,0.0,5.0,2.0,26.0,33.0
185,851f1887fffffff_2017-03-20 17:00:00,851f1887fffffff,2017-03-20 17:00:00,0.0,0.0,1.0,32.0,33.0
186,851f1887fffffff_2017-03-20 18:00:00,851f1887fffffff,2017-03-20 18:00:00,0.0,1.0,2.0,20.0,23.0
187,851f1887fffffff_2017-03-20 19:00:00,851f1887fffffff,2017-03-20 19:00:00,0.0,1.0,1.0,20.0,22.0
188,851f1887fffffff_2017-03-20 20:00:00,851f1887fffffff,2017-03-20 20:00:00,0.0,0.0,3.0,24.0,27.0
189,851f1887fffffff_2017-03-20 21:00:00,851f1887fffffff,2017-03-20 21:00:00,0.0,1.0,2.0,28.0,31.0
190,851f1887fffffff_2017-03-20 22:00:00,851f1887fffffff,2017-03-20 22:00:00,0.0,0.0,1.0,34.0,35.0
191,851f1887fffffff_2017-03-20 23:00:00,851f1887fffffff,2017-03-20 23:00:00,0.0,0.0,1.0,39.0,40.0
192,851f18b3fffffff_2017-03-13 00:00:00,851f18b3fffffff,2017-03-13 00:00:00,0.0,204.0,15.0,182.0,401.0
193,851f18b3fffffff_2017-03-13 01:00:00,851f18b3fffffff,2017-03-13 01:00:00,0.0,207.0,15.0,188.0,410.0
194,851f18b3fffffff_2017-03-13 02:00:00,851f18b3fffffff,2017-03-13 02:00:00,0.0,210.0,16.0,191.0,417.0
195,851f18b3fffffff_2017-03-13 03:00:00,851f18b3fffffff,2017-03-13 03:00:00,0.0,202.0,17.0,192.0,411.0
196,851f18b3fffffff_2017-03-13 04:00:00,851f18b3fffffff,2017-03-13 04:00:00,0.0,189.0,15.0,192.0,396.0
197,851f18b3fffffff_2017-03-13 05:00:00,851f18b3fffffff,2017-03-13 05:00:00,0.0,181.0,15.0,187.0,383.0
198,851f18b3fffffff_2017-03-13 06:00:00,851f18b3fffffff,2017-03-13 06:00:00,0.0,156.0,14.0,169.0,339.0
199,851f18b3fffffff_2017-03-13 07:00:00,851f18b3fffffff,2017-03-13 07:00:00,0.0,138.0,9.0,140.0,287.0
200,851f18b3fffffff_2017-03-13 08:00:00,851f18b3fffffff,2017-03-13 08:00:00,0.0,125.0,11.0,120.0,256.0
201,851f18b3fffffff_2017-03-13 09:00:00,851f18b3fffffff,2017-03-13 09:00:00,0.0,132.0,9.0,118.0,259.0
202,851f18b3fffffff_2017-03-13 10:00:00,851f18b3fffffff,2017-03-13 10:00:00,0.0,130.0,11.0,108.0,249.0
203,851f18b3fffffff_2017-03-13 11:00:00,851f18b3fffffff,2017-03-13 11:00:00,0.0,123.0,11.0,112.0,246.0
204,851f18b3fffffff_2017-03-13 12:00:00,851f18b3fffffff,2017-03-13 12:00:00,0.0,114.0,13.0,117.0,244.0
205,851f18b3fffffff_2017-03-13 13:00:00,851f18b3fffffff,2017-03-13 13:00:00,0.0,120.0,8.0,126.0,254.0
206,851f18b3fffffff_2017-03-13 14:00:00,851f18b3fffffff,2017-03-13 14:00:00,0.0,109.0,7.0,137.0,253.0
207,851f18b3fffffff_2017-03-13 15:00:00,851f18b3fffffff,2017-03-13 15:00:00,0.0,134.0,8.0,122.0,264.0
208,851f18b3fffffff_2017-03-13 16:00:00,851f18b3fffffff,2017-03-13 16:00:00,0.0,140.0,11.0,126.0,277.0
209,851f18b3fffffff_2017-03-13 17:00:00,851f18b3fffffff,2017-03-13 17:00:00,0.0,149.0,11.0,141.0,301.0
210,851f18b3fffffff_2017-03-13 18:00:00,851f18b3fffffff,2017-03-13 18:00:00,0.0,169.0,14.0,149.0,332.0
211,851f18b3fffffff_2017-03-13 19:00:00,851f18b3fffffff,2017-03-13 19:00:00,0.0,161.0,10.0,166.0,337.0
212,851f18b3fffffff_2017-03-13 20:00:00,851f18b3fffffff,2017-03-13 20:00:00,0.0,186.0,0.0,0.0,186.0
213,851f18b3fffffff_2017-03-13 21:00:00,851f18b3fffffff,2017-03-13 21:00:00,0.0,192.0,0.0,0.0,192.0
214,851f18b3fffffff_2017-03-13 22:00:00,851f18b3fffffff,2017-03-13 22:00:00,0.0,193.0,10.0,163.0,366.0
215,851f18b3fffffff_2017-03-13 23:00:00,851f18b3fffffff,2017-03-13 23:00:00,0.0,219.0,12.0,186.0,417.0
216,851f18b3fffffff_2017-03-14 00:00:00,851f18b3fffffff,2017-03-14 00:00:00,0.0,229.0,14.0,200.0,443.0
217,851f18b3fffffff_2017-03-14 01:00:00,851f18b3fffffff,2017-03-14 01:00:00,0.0,232.0,15.0,208.0,455.0
218,851f18b3fffffff_2017-03-14 02:00:00,851f18b3fffffff,2017-03-14 02:00:00,0.0,231.0,18.0,207.0,456.0
219,851f18b3fffffff_2017-03-14 03:00:00,851f18b3fffffff,2017-03-14 03:00:00,0.0,220.0,19.0,210.0,449.0
220,851f18b3fffffff_2017-03-14 04:00:00,851f18b3fffffff,2017-03-14 04:00:00,0.0,216.0,20.0,205.0,441.0
221,851f18b3fffffff_2017-03-14 05:00:00,851f18b3fffffff,2017-03-14 05:00:00,0.0,207.0,19.0,200.0,426.0
222,851f18b3fffffff_2017-03-14 06:00:00,851f18b3fffffff,2017-03-14 06:00:00,0.0,191.0,17.0,177.0,385.0
223,851f18b3fffffff_2017-03-14 07:00:00,851f18b3fffffff,2017-03-14 07:00:00,0.0,162.0,14.0,148.0,324.0
224,851f18b3fffffff_2017-03-14 08:00:00,851f18b3fffffff,2017-03-14 08:00:00,0.0,136.0,12.0,127.0,275.0
225,851f18b3fffffff_2017-03-14 09:00:00,851f18b3fffffff,2017-03-14 09:00:00,0.0,128.0,16.0,122.0,266.0
226,851f18b3fffffff_2017-03-14 10:00:00,851f18b3fffffff,2017-03-14 10:00:00,0.0,126.0,14.0,132.0,272.0
227,851f18b3fffffff_2017-03-14 11:00:00,851f18b3fffffff,2017-03-14 11:00:00,0.0,121.0,13.0,129.0,263.0
228,851f18b3fffffff_2017-03-14 12:00:00,851f18b3fffffff,2017-03-14 12:00:00,0.0,118.0,13.0,134.0,265.0
229,851f18b3fffffff_2017-03-14 13:00:00,851f18b3fffffff,2017-03-14 13:00:00,0.0,108.0,13.0,134.0,255.0
230,851f18b3fffffff_2017-03-14 14:00:00,851f18b3fffffff,2017-03-14 14:00:00,0.0,121.0,16.0,141.0,278.0
231,851f18b3fffffff_2017-03-14 15:00:00,851f18b3fffffff,2017-03-14 15:00:00,0.0,116.0,15.0,143.0,274.0
232,851f18b3fffffff_2017-03-14 16:00:00,851f18b3fffffff,2017-03-14 16:00:00,0.0,120.0,13.0,140.0,273.0
233,851f18b3fffffff_2017-03-14 17:00:00,851f18b3fffffff,2017-03-14 17:00:00,0.0,142.0,11.0,149.0,302.0
234,851f18b3fffffff_2017-03-14 18:00:00,851f18b3fffffff,2017-03-14 18:00:00,0.0,142.0,12.0,162.0,316.0
235,851f18b3fffffff_2017-03-14 19:00:00,851f18b3fffffff,2017-03-14 19:00:00,0.0,165.0,17.0,178.0,360.0
236,851f18b3fffffff_2017-03-14 20:00:00,851f18b3fffffff,2017-03-14 20:00:00,0.0,184.0,19.0,192.0,395.0
237,851f18b3fffffff_2017-03-14 21:00:00,851f18b3fffffff,2017-03-14 21:00:00,0.0,177.0,13.0,196.0,386.0
238,851f18b3fffffff_2017-03-14 22:00:00,851f18b3fffffff,2017-03-14 22:00:00,0.0,194.0,18.0,198.0,410.0
239,851f18b3fffffff_2017-03-14 23:00:00,851f18b3fffffff,2017-03-14 23:00:00,0.0,202.0,14.0,199.0,415.0
240,851f18b3fffffff_2017-03-15 00:00:00,851f18b3fffffff,2017-03-15 00:00:00,0.0,209.0,15.0,200.0,424.0
241,851f18b3fffffff_2017-03-15 01:00:00,851f18b3fffffff,2017-03-15 01:00:00,0.0,221.0,17.0,201.0,439.0
242,851f18b3fffffff_2017-03-15 02:00:00,851f18b3fffffff,2017-03-15 02:00:00,0.0,225.0,15.0,205.0,445.0
243,851f18b3fffffff_2017-03-15 03:00:00,851f18b3fffffff,2017-03-15 03:00:00,0.0,218.0,16.0,211.0,445.0
244,851f18b3fffffff_2017-03-15 04:00:00,851f18b3fffffff,2017-03-15 04:00:00,0.0,209.0,15.0,214.0,438.0
245,851f18b3fffffff_2017-03-15 05:00:00,851f18b3fffffff,2017-03-15 05:00:00,0.0,203.0,14.0,221.0,438.0
246,851f18b3fffffff_2017-03-15 06:00:00,851f18b3fffffff,2017-03-15 06:00:00,0.0,181.0,16.0,211.0,408.0
247,851f18b3fffffff_2017-03-15 07:00:00,851f18b3fffffff,2017-03-15 07:00:00,0.0,175.0,17.0,187.0,379.0
248,851f18b3fffffff_2017-03-15 08:00:00,851f18b3fffffff,2017-03-15 08:00:00,0.0,153.0,11.0,150.0,314.0
249,851f18b3fffffff_2017-03-15 09:00:00,851f18b3fffffff,2017-03-15 09:00:00,0.0,143.0,9.0,148.0,300.0
250,851f18b3fffffff_2017-03-15 10:00:00,851f18b3fffffff,2017-03-15 10:00:00,0.0,148.0,10.0,152.0,310.0
251,851f18b3fffffff_2017-03-15 11:00:00,851f18b3fffffff,2017-03-15 11:00:00,0.0,147.0,8.0,148.0,303.0
252,851f18b3fffffff_2017-03-15 12:00:00,851f18b3fffffff,2017-03-15 12:00:00,0.0,147.0,8.0,157.0,312.0
253,851f18b3fffffff_2017-03-15 13:00:00,851f18b3fffffff,2017-03-15 13:00:00,0.0,147.0,8.0,148.0,303.0
254,851f18b3fffffff_2017-03-15 14:00:00,851f18b3fffffff,2017-03-15 14:00:00,0.0,148.0,9.0,135.0,292.0
255,851f18b3fffffff_2017-03-15 15:00:00,851f18b3fffffff,2017-03-15 15:00:00,0.0,151.0,9.0,137.0,297.0
256,851f18b3fffffff_2017-03-15 16:00:00,851f18b3fffffff,2017-03-15 16:00:00,0.0,155.0,15.0,160.0,330.0
257,851f18b3fffffff_2017-03-15 17:00:00,851f18b3fffffff,2017-03-15 17:00:00,0.0,160.0,10.0,171.0,341.0
258,851f18b3fffffff_2017-03-15 18:00:00,851f18b3fffffff,2017-03-15 18:00:00,0.0,148.0,16.0,181.0,345.0
259,851f18b3fffffff_2017-03-15 19:00:00,851f18b3fffffff,2017-03-15 19:00:00,0.0,173.0,17.0,206.0,396.0
260,851f18b3fffffff_2017-03-15 20:00:00,851f18b3fffffff,2017-03-15 20:00:00,0.0,202.0,17.0,204.0,423.0
261,851f18b3fffffff_2017-03-15 21:00:00,851f18b3fffffff,2017-03-15 21:00:00,0.0,199.0,19.0,218.0,436.0
262,851f18b3fffffff_2017-03-15 22:00:00,851f18b3fffffff,2017-03-15 22:00:00,0.0,218.0,22.0,207.0,447.0
263,851f18b3fffffff_2017-03-15 23:00:00,851f18b3fffffff,2017-03-15 23:00:00,0.0,231.0,22.0,209.0,462.0
264,851f18b3fffffff_2017-03-16 00:00:00,851f18b3fffffff,2017-03-16 00:00:00,0.0,237.0,22.0,211.0,470.0
265,851f18b3fffffff_2017-03-16 01:00:00,851f18b3fffffff,2017-03-16 01:00:00,0.0,234.0,21.0,216.0,471.0
266,851f18b3fffffff_2017-03-16 02:00:00,851f18b3fffffff,2017-03-16 02:00:00,0.0,238.0,21.0,220.0,479.0
267,851f18b3fffffff_2017-03-16 03:00:00,851f18b3fffffff,2017-03-16 03:00:00,0.0,234.0,21.0,217.0,472.0
268,851f18b3fffffff_2017-03-16 04:00:00,851f18b3fffffff,2017-03-16 04:00:00,0.0,220.0,22.0,212.0,454.0
269,851f18b3fffffff_2017-03-16 05:00:00,851f18b3fffffff,2017-03-16 05:00:00,0.0,218.0,19.0,216.0,453.0
270,851f18b3fffffff_2017-03-16 06:00:00,851f18b3fffffff,2017-03-16 06:00:00,0.0,197.0,19.0,204.0,420.0
271,851f18b3fffffff_2017-03-16 07:00:00,851f18b3fffffff,2017-03-16 07:00:00,0.0,161.0,18.0,183.0,362.0
272,851f18b3fffffff_2017-03-16 08:00:00,851f18b3fffffff,2017-03-16 08:00:00,0.0,157.0,21.0,172.0,350.0
273,851f18b3fffffff_2017-03-16 09:00:00,851f18b3fffffff,2017-03-16 09:00:00,0.0,152.0,17.0,169.0,338.0
274,851f18b3fffffff_2017-03-16 10:00:00,851f18b3fffffff,2017-03-16 10:00:00,0.0,151.0,19.0,164.0,334.0
275,851f18b3fffffff_2017-03-16 11:00:00,851f18b3fffffff,2017-03-16 11:00:00,0.0,152.0,15.0,178.0,345.0
276,851f18b3fffffff_2017-03-16 12:00:00,851f18b3fffffff,2017-03-16 12:00:00,0.0,141.0,15.0,169.0,325.0
277,851f18b3fffffff_2017-03-16 13:00:00,851f18b3fffffff,2017-03-16 13:00:00,0.0,155.0,17.0,180.0,352.0
278,851f18b3fffffff_2017-03-16 14:00:00,851f18b3fffffff,2017-03-16 14:00:00,0.0,156.0,13.0,179.0,348.0
279,851f18b3fffffff_2017-03-16 15:00:00,851f18b3fffffff,2017-03-16 15:00:00,0.0,144.0,17.0,164.0,325.0
280,851f18b3fffffff_2017-03-16 16:00:00,851f18b3fffffff,2017-03-16 16:00:00,0.0,159.0,19.0,188.0,366.0
281,851f18b3fffffff_2017-03-16 17:00:00,851f18b3fffffff,2017-03-16 17:00:00,0.0,165.0,18.0,195.0,378.0
282,851f18b3fffffff_2017-03-16 18:00:00,851f18b3fffffff,2017-03-16 18:00:00,0.0,182.0,16.0,187.0,385.0
283,851f18b3fffffff_2017-03-16 19:00:00,851f18b3fffffff,2017-03-16 19:00:00,0.0,175.0,17.0,220.0,412.0
284,851f18b3fffffff_2017-03-16 20:00:00,851f18b3fffffff,2017-03-16 20:00:00,0.0,203.0,18.0,243.0,464.0
285,851f18b3fffffff_2017-03-16 21:00:00,851f18b3fffffff,2017-03-16 21:00:00,0.0,197.0,15.0,243.0,455.0
286,851f18b3fffffff_2017-03-16 22:00:00,851f18b3fffffff,2017-03-16 22:00:00,0.0,173.0,15.0,238.0,426.0
287,851f18b3fffffff_2017-03-16 23:00:00,851f18b3fffffff,2017-03-16 23:00:00,0.0,193.0,17.0,254.0,464.0
288,851f18b3fffffff_2017-03-17 00:00:00,851f18b3fffffff,2017-03-17 00:00:00,0.0,198.0,19.0,261.0,478.0
289,851f18b3fffffff_2017-03-17 01:00:00,851f18b3fffffff,2017-03-17 01:00:00,0.0,206.0,19.0,266.0,491.0
290,851f18b3fffffff_2017-03-17 02:00:00,851f18b3fffffff,2017-03-17 02:00:00,0.0,206.0,21.0,268.0,495.0
291,851f18b3fffffff_2017-03-17 03:00:00,851f18b3fffffff,2017-03-17 03:00:00,0.0,209.0,23.0,268.0,500.0
292,851f18b3fffffff_2017-03-17 04:00:00,851f18b3fffffff,2017-03-17 04:00:00,0.0,208.0,21.0,265.0,494.0
293,851f18b3fffffff_2017-03-17 05:00:00,851f18b3fffffff,2017-03-17 05:00:00,0.0,204.0,21.0,264.0,489.0
294,851f18b3fffffff_2017-03-17 06:00:00,851f18b3fffffff,2017-03-17 06:00:00,0.0,201.0,26.0,245.0,472.0
295,851f18b3fffffff_2017-03-17 07:00:00,851f18b3fffffff,2017-03-17 07:00:00,0.0,161.0,20.0,232.0,413.0
296,851f18b3fffffff_2017-03-17 08:00:00,851f18b3fffffff,2017-03-17 08:00:00,0.0,143.0,19.0,211.0,373.0
297,851f18b3fffffff_2017-03-17 09:00:00,851f18b3fffffff,2017-03-17 09:00:00,0.0,154.0,15.0,199.0,368.0
298,851f18b3fffffff_2017-03-17 10:00:00,851f18b3fffffff,2017-03-17 10:00:00,0.0,167.0,17.0,192.0,376.0
299,851f18b3fffffff_2017-03-17 11:00:00,851f18b3fffffff,2017-03-17 11:00:00,0.0,149.0,10.0,186.0,345.0
300,851f18b3fffffff_2017-03-17 12:00:00,851f18b3fffffff,2017-03-17 12:00:00,0.0,156.0,12.0,200.0,368.0
301,851f18b3fffffff_2017-03-17 13:00:00,851f18b3fffffff,2017-03-17 13:00:00,0.0,159.0,11.0,192.0,362.0
302,851f18b3fffffff_2017-03-17 14:00:00,851f18b3fffffff,2017-03-17 14:00:00,0.0,148.0,12.0,182.0,342.0
303,851f18b3fffffff_2017-03-17 15:00:00,851f18b3fffffff,2017-03-17 15:00:00,0.0,160.0,16.0,173.0,349.0
304,851f18b3fffffff_2017-03-17 16:00:00,851f18b3fffffff,2017-03-17 16:00:00,0.0,158.0,16.0,190.0,364.0
305,851f18b3fffffff_2017-03-17 17:00:00,851f18b3fffffff,2017-03-17 17:00:00,0.0,159.0,13.0,199.0,371.0
306,851f18b3fffffff_2017-03-17 18:00:00,851f18b3fffffff,2017-03-17 18:00:00,0.0,153.0,9.0,202.0,364.0
307,851f18b3fffffff_2017-03-17 19:00:00,851f18b3fffffff,2017-03-17 19:00:00,0.0,157.0,10.0,204.0,371.0
308,851f18b3fffffff_2017-03-17 20:00:00,851f18b3fffffff,2017-03-17 20:00:00,0.0,161.0,18.0,243.0,422.0
309,851f18b3fffffff_2017-03-17 21:00:00,851f18b3fffffff,2017-03-17 21:00:00,0.0,190.0,19.0,255.0,464.0
310,851f18b3fffffff_2017-03-17 22:00:00,851f18b3fffffff,2017-03-17 22:00:00,0.0,189.0,17.0,256.0,462.0
311,851f18b3fffffff_2017-03-17 23:00:00,851f18b3fffffff,2017-03-17 23:00:00,0.0,198.0,19.0,270.0,487.0
312,851f18b3fffffff_2017-03-18 00:00:00,851f18b3fffffff,2017-03-18 00:00:00,0.0,213.0,20.0,267.0,500.0
313,851f18b3fffffff_2017-03-18 01:00:00,851f18b3fffffff,2017-03-18 01:00:00,0.0,233.0,18.0,274.0,525.0
314,851f18b3fffffff_2017-03-18 02:00:00,851f18b3fffffff,2017-03-18 02:00:00,0.0,234.0,19.0,280.0,533.0
315,851f18b3fffffff_2017-03-18 03:00:00,851f18b3fffffff,2017-03-18 03:00:00,0.0,239.0,21.0,272.0,532.0
316,851f18b3fffffff_2017-03-18 04:00:00,851f18b3fffffff,2017-03-18 04:00:00,0.0,234.0,21.0,286.0,541.0
317,851f18b3fffffff_2017-03-18 05:00:00,851f18b3fffffff,2017-03-18 05:00:00,0.0,249.0,23.0,293.0,565.0
318,851f18b3fffffff_2017-03-18 06:00:00,851f18b3fffffff,2017-03-18 06:00:00,0.0,266.0,24.0,295.0,585.0
319,851f18b3fffffff_2017-03-18 07:00:00,851f18b3fffffff,2017-03-18 07:00:00,0.0,236.0,25.0,286.0,547.0
320,851f18b3fffffff_2017-03-18 08:00:00,851f18b3fffffff,2017-03-18 08:00:00,0.0,208.0,25.0,278.0,511.0
321,851f18b3fffffff_2017-03-18 09:00:00,851f18b3fffffff,2017-03-18 09:00:00,0.0,212.0,24.0,266.0,502.0
322,851f18b3fffffff_2017-03-18 10:00:00,851f18b3fffffff,2017-03-18 10:00:00,0.0,187.0,22.0,219.0,428.0
323,851f18b3fffffff_2017-03-18 11:00:00,851f18b3fffffff,2017-03-18 11:00:00,0.0,166.0,17.0,199.0,382.0
324,851f18b3fffffff_2017-03-18 12:00:00,851f18b3fffffff,2017-03-18 12:00:00,0.0,160.0,14.0,178.0,352.0
325,851f18b3fffffff_2017-03-18 13:00:00,851f18b3fffffff,2017-03-18 13:00:00,0.0,141.0,12.0,172.0,325.0
326,851f18b3fffffff_2017-03-18 14:00:00,851f18b3fffffff,2017-03-18 14:00:00,0.0,120.0,8.0,163.0,291.0
327,851f18b3fffffff_2017-03-18 15:00:00,851f18b3fffffff,2017-03-18 15:00:00,0.0,139.0,14.0,166.0,319.0
328,851f18b3fffffff_2017-03-18 16:00:00,851f18b3fffffff,2017-03-18 16:00:00,0.0,145.0,14.0,182.0,341.0
329,851f18b3fffffff_2017-03-18 17:00:00,851f18b3fffffff,2017-03-18 17:00:00,0.0,144.0,19.0,181.0,344.0
330,851f18b3fffffff_2017-03-18 18:00:00,851f18b3fffffff,2017-03-18 18:00:00,0.0,114.0,10.0,167.0,291.0
331,851f18b3fffffff_2017-03-18 19:00:00,851f18b3fffffff,2017-03-18 19:00:00,0.0,100.0,15.0,171.0,286.0
332,851f18b3fffffff_2017-03-18 20:00:00,851f18b3fffffff,2017-03-18 20:00:00,0.0,135.0,12.0,209.0,356.0
333,851f18b3fffffff_2017-03-18 21:00:00,851f18b3fffffff,2017-03-18 21:00:00,0.0,164.0,9.0,226.0,399.0
334,851f18b3fffffff_2017-03-18 22:00:00,851f18b3fffffff,2017-03-18 22:00:00,0.0,178.0,17.0,239.0,434.0
335,851f18b3fffffff_2017-03-18 23:00:00,851f18b3fffffff,2017-03-18 23:00:00,0.0,184.0,16.0,228.0,428.0
336,851f18b3fffffff_2017-03-19 00:00:00,851f18b3fffffff,2017-03-19 00:00:00,0.0,190.0,14.0,236.0,440.0
337,851f18b3fffffff_2017-03-19 01:00:00,851f18b3fffffff,2017-03-19 01:00:00,0.0,198.0,16.0,231.0,445.0
338,851f18b3fffffff_2017-03-19 02:00:00,851f18b3fffffff,2017-03-19 02:00:00,0.0,191.0,14.0,243.0,448.0
339,851f18b3fffffff_2017-03-19 03:00:00,851f18b3fffffff,2017-03-19 03:00:00,0.0,200.0,13.0,249.0,462.0
340,851f18b3fffffff_2017-03-19 04:00:00,851f18b3fffffff,2017-03-19 04:00:00,0.0,206.0,14.0,252.0,472.0
341,851f18b3fffffff_2017-03-19 05:00:00,851f18b3fffffff,2017-03-19 05:00:00,0.0,209.0,13.0,258.0,480.0
342,851f18b3fffffff_2017-03-19 06:00:00,851f18b3fffffff,2017-03-19 06:00:00,0.0,210.0,13.0,251.0,474.0
343,851f18b3fffffff_2017-03-19 07:00:00,851f18b3fffffff,2017-03-19 07:00:00,0.0,212.0,17.0,244.0,473.0
344,851f18b3fffffff_2017-03-19 08:00:00,851f18b3fffffff,2017-03-19 08:00:00,0.0,186.0,12.0,229.0,427.0
345,851f18b3fffffff_2017-03-19 09:00:00,851f18b3fffffff,2017-03-19 09:00:00,0.0,169.0,11.0,217.0,397.0
346,851f18b3fffffff_2017-03-19 10:00:00,851f18b3fffffff,2017-03-19 10:00:00,0.0,141.0,11.0,206.0,358.0
347,851f18b3fffffff_2017-03-19 11:00:00,851f18b3fffffff,2017-03-19 11:00:00,0.0,141.0,11.0,200.0,352.0
348,851f18b3fffffff_2017-03-19 12:00:00,851f18b3fffffff,2017-03-19 12:00:00,0.0,135.0,13.0,197.0,345.0
349,851f18b3fffffff_2017-03-19 13:00:00,851f18b3fffffff,2017-03-19 13:00:00,0.0,127.0,18.0,163.0,308.0
350,851f18b3fffffff_2017-03-19 14:00:00,851f18b3fffffff,2017-03-19 14:00:00,0.0,107.0,20.0,162.0,289.0
351,851f18b3fffffff_2017-03-19 15:00:00,851f18b3fffffff,2017-03-19 15:00:00,0.0,112.0,17.0,144.0,273.0
352,851f18b3fffffff_2017-03-19 16:00:00,851f18b3fffffff,2017-03-19 16:00:00,0.0,105.0,16.0,134.0,255.0
353,851f18b3fffffff_2017-03-19 17:00:00,851f18b3fffffff,2017-03-19 17:00:00,0.0,104.0,20.0,157.0,281.0
354,851f18b3fffffff_2017-03-19 18:00:00,851f18b3fffffff,2017-03-19 18:00:00,0.0,92.0,19.0,156.0,267.0
355,851f18b3fffffff_2017-03-19 19:00:00,851f18b3fffffff,2017-03-19 19:00:00,0.0,117.0,18.0,159.0,294.0
356,851f18b3fffffff_2017-03-19 20:00:00,851f18b3fffffff,2017-03-19 20:00:00,0.0,147.0,16.0,185.0,348.0
357,851f18b3fffffff_2017-03-19 21:00:00,851f18b3fffffff,2017-03-19 21:00:00,0.0,148.0,14.0,186.0,348.0
358,851f18b3fffffff_2017-03-19 22:00:00,851f18b3fffffff,2017-03-19 22:00:00,0.0,166.0,14.0,204.0,384.0
359,851f18b3fffffff_2017-03-19 23:00:00,851f18b3fffffff,2017-03-19 23:00:00,0.0,176.0,17.0,219.0,412.0
360,851f18b3fffffff_2017-03-20 00:00:00,851f18b3fffffff,2017-03-20 00:00:00,0.0,189.0,17.0,216.0,422.0
361,851f18b3fffffff_2017-03-20 01:00:00,851f18b3fffffff,2017-03-20 01:00:00,0.0,196.0,18.0,219.0,433.0
362,851f18b3fffffff_2017-03-20 02:00:00,851f18b3fffffff,2017-03-20 02:00:00,0.0,200.0,18.0,234.0,452.0
363,851f18b3fffffff_2017-03-20 03:00:00,851f18b3fffffff,2017-03-20 03:00:00,0.0,205.0,16.0,235.0,456.0
364,851f18b3fffffff_2017-03-20 04:00:00,851f18b3fffffff,2017-03-20 04:00:00,0.0,194.0,16.0,224.0,434.0
365,851f18b3fffffff_2017-03-20 05:00:00,851f18b3fffffff,2017-03-20 05:00:00,0.0,186.0,17.0,225.0,428.0
366,851f18b3fffffff_2017-03-20 06:00:00,851f18b3fffffff,2017-03-20 06:00:00,0.0,167.0,18.0,210.0,395.0
367,851f18b3fffffff_2017-03-20 07:00:00,851f18b3fffffff,2017-03-20 07:00:00,0.0,124.0,19.0,173.0,316.0
368,851f18b3fffffff_2017-03-20 08:00:00,851f18b3fffffff,2017-03-20 08:00:00,0.0,106.0,20.0,146.0,272.0
369,851f18b3fffffff_2017-03-20 09:00:00,851f18b3fffffff,2017-03-20 09:00:00,0.0,115.0,22.0,141.0,278.0
370,851f18b3fffffff_2017-03-20 10:00:00,851f18b3fffffff,2017-03-20 10:00:00,0.0,122.0,20.0,149.0,291.0
371,851f18b3fffffff_2017-03-20 11:00:00,851f18b3fffffff,2017-03-20 11:00:00,0.0,112.0,19.0,141.0,272.0
372,851f18b3fffffff_2017-03-20 12:00:00,851f18b3fffffff,2017-03-20 12:00:00,0.0,118.0,19.0,143.0,280.0
373,851f18b3fffffff_2017-03-20 13:00:00,851f18b3fffffff,2017-03-20 13:00:00,0.0,98.0,15.0,140.0,253.0
374,851f18b3fffffff_2017-03-20 14:00:00,851f18b3fffffff,2017-03-20 14:00:00,0.0,109.0,14.0,156.0,279.0
375,851f18b3fffffff_2017-03-20 15:00:00,851f18b3fffffff,2017-03-20 15:00:00,0.0,111.0,17.0,145.0,273.0
376,851f18b3fffffff_2017-03-20 16:00:00,851f18b3fffffff,2017-03-20 16:00:00,0.0,114.0,18.0,152.0,284.0
377,851f18b3fffffff_2017-03-20 17:00:00,851f18b3fffffff,2017-03-20 17:00:00,0.0,109.0,21.0,150.0,280.0
378,851f18b3fffffff_2017-03-20 18:00:00,851f18b3fffffff,2017-03-20 18:00:00,0.0,119.0,20.0,165.0,304.0
379,851f18b3fffffff_2017-03-20 19:00:00,851f18b3fffffff,2017-03-20 19:00:00,0.0,147.0,23.0,187.0,357.0
380,851f18b3fffffff_2017-03-20 20:00:00,851f18b3fffffff,2017-03-20 20:00:00,0.0,176.0,25.0,204.0,405.0
381,851f18b3fffffff_2017-03-20 21:00:00,851f18b3fffffff,2017-03-20 21:00:00,0.0,172.0,21.0,218.0,411.0
382,851f18b3fffffff_2017-03-20 22:00:00,851f18b3fffffff,2017-03-20 22:00:00,0.0,188.0,20.0,228.0,436.0
383,851f18b3fffffff_2017-03-20 23:00:00,851f18b3fffffff,2017-03-20 23:00:00,0.0,199.0,20.0,225.0,444.0
384,851f18b7fffffff_2017-03-13 00:00:00,851f18b7fffffff,2017-03-13 00:00:00,0.0,0.0,0.0,1.0,1.0
385,851f18b7fffffff_2017-03-13 01:00:00,851f18b7fffffff,2017-03-13 01:00:00,0.0,0.0,0.0,0.0,0.0
386,851f18b7fffffff_2017-03-13 02:00:00,851f18b7fffffff,2017-03-13 02:00:00,0.0,0.0,0.0,0.0,0.0
387,851f18b7fffffff_2017-03-13 03:00:00,851f18b7fffffff,2017-03-13 03:00:00,0.0,0.0,0.0,1.0,1.0
388,851f18b7fffffff_2017-03-13 04:00:00,851f18b7fffffff,2017-03-13 04:00:00,0.0,0.0,0.0,0.0,0.0
389,851f18b7fffffff_2017-03-13 05:00:00,851f18b7fffffff,2017-03-13 05:00:00,0.0,0.0,0.0,1.0,1.0
390,851f18b7fffffff_2017-03-13 06:00:00,851f18b7fffffff,2017-03-13 06:00:00,0.0,0.0,0.0,1.0,1.0
391,851f18b7fffffff_2017-03-13 07:00:00,851f18b7fffffff,2017-03-13 07:00:00,0.0,1.0,0.0,1.0,2.0
392,851f18b7fffffff_2017-03-13 08:00:00,851f18b7fffffff,2017-03-13 08:00:00,0.0,1.0,0.0,2.0,3.0
393,851f18b7fffffff_2017-03-13 09:00:00,851f18b7fffffff,2017-03-13 09:00:00,0.0,1.0,0.0,2.0,3.0
394,851f18b7fffffff_2017-03-13 10:00:00,851f18b7fffffff,2017-03-13 10:00:00,0.0,1.0,0.0,3.0,4.0
395,851f18b7fffffff_2017-03-13 11:00:00,851f18b7fffffff,2017-03-13 11:00:00,0.0,2.0,0.0,4.0,6.0
396,851f18b7fffffff_2017-03-13 12:00:00,851f18b7fffffff,2017-03-13 12:00:00,0.0,4.0,0.0,3.0,7.0
397,851f18b7fffffff_2017-03-13 13:00:00,851f18b7fffffff,2017-03-13 13:00:00,0.0,5.0,0.0,4.0,9.0
398,851f18b7fffffff_2017-03-13 14:00:00,851f18b7fffffff,2017-03-13 14:00:00,0.0,3.0,0.0,4.0,7.0
399,851f18b7fffffff_2017-03-13 15:00:00,851f18b7fffffff,2017-03-13 15:00:00,0.0,3.0,0.0,4.0,7.0
400,851f18b7fffffff_2017-03-13 16:00:00,851f18b7fffffff,2017-03-13 16:00:00,0.0,2.0,0.0,4.0,6.0
401,851f18b7fffffff_2017-03-13 17:00:00,851f18b7fffffff,2017-03-13 17:00:00,0.0,1.0,0.0,3.0,4.0
402,851f18b7fffffff_2017-03-13 18:00:00,851f18b7fffffff,2017-03-13 18:00:00,0.0,1.0,1.0,3.0,5.0
403,851f18b7fffffff_2017-03-13 19:00:00,851f18b7fffffff,2017-03-13 19:00:00,0.0,2.0,0.0,3.0,5.0
404,851f18b7fffffff_2017-03-13 20:00:00,851f18b7fffffff,2017-03-13 20:00:00,0.0,2.0,0.0,0.0,2.0
405,851f18b7fffffff_2017-03-13 21:00:00,851f18b7fffffff,2017-03-13 21:00:00,0.0,3.0,0.0,0.0,3.0
406,851f18b7fffffff_2017-03-13 22:00:00,851f18b7fffffff,2017-03-13 22:00:00,0.0,3.0,0.0,1.0,4.0
407,851f18b7fffffff_2017-03-13 23:00:00,851f18b7fffffff,2017-03-13 23:00:00,0.0,3.0,0.0,2.0,5.0
408,851f18b7fffffff_2017-03-14 00:00:00,851f18b7fffffff,2017-03-14 00:00:00,0.0,3.0,0.0,2.0,5.0
409,851f18b7fffffff_2017-03-14 01:00:00,851f18b7fffffff,2017-03-14 01:00:00,0.0,3.0,0.0,2.0,5.0
410,851f18b7fffffff_2017-03-14 02:00:00,851f18b7fffffff,2017-03-14 02:00:00,0.0,3.0,0.0,2.0,5.0
411,851f18b7fffffff_2017-03-14 03:00:00,851f18b7fffffff,2017-03-14 03:00:00,0.0,3.0,0.0,2.0,5.0
412,851f18b7fffffff_2017-03-14 04:00:00,851f18b7fffffff,2017-03-14 04:00:00,0.0,3.0,0.0,2.0,5.0
413,851f18b7fffffff_2017-03-14 05:00:00,851f18b7fffffff,2017-03-14 05:00:00,0.0,3.0,0.0,2.0,5.0
414,851f18b7fffffff_2017-03-14 06:00:00,851f18b7fffffff,2017-03-14 06:00:00,0.0,3.0,0.0,3.0,6.0
415,851f18b7fffffff_2017-03-14 07:00:00,851f18b7fffffff,2017-03-14 07:00:00,0.0,2.0,0.0,2.0,4.0
416,851f18b7fffffff_2017-03-14 08:00:00,851f18b7fffffff,2017-03-14 08:00:00,0.0,1.0,1.0,4.0,6.0
417,851f18b7fffffff_2017-03-14 09:00:00,851f18b7fffffff,2017-03-14 09:00:00,0.0,1.0,1.0,4.0,6.0
418,851f18b7fffffff_2017-03-14 10:00:00,851f18b7fffffff,2017-03-14 10:00:00,0.0,2.0,1.0,4.0,7.0
419,851f18b7fffffff_2017-03-14 11:00:00,851f18b7fffffff,2017-03-14 11:00:00,0.0,2.0,1.0,7.0,10.0
420,851f18b7fffffff_2017-03-14 12:00:00,851f18b7fffffff,2017-03-14 12:00:00,0.0,2.0,1.0,8.0,11.0
421,851f18b7fffffff_2017-03-14 13:00:00,851f18b7fffffff,2017-03-14 13:00:00,0.0,3.0,1.0,8.0,12.0
422,851f18b7fffffff_2017-03-14 14:00:00,851f18b7fffffff,2017-03-14 14:00:00,0.0,3.0,0.0,9.0,12.0
423,851f18b7fffffff_2017-03-14 15:00:00,851f18b7fffffff,2017-03-14 15:00:00,0.0,2.0,0.0,8.0,10.0
424,851f18b7fffffff_2017-03-14 16:00:00,851f18b7fffffff,2017-03-14 16:00:00,0.0,0.0,0.0,8.0,8.0
425,851f18b7fffffff_2017-03-14 17:00:00,851f18b7fffffff,2017-03-14 17:00:00,0.0,0.0,0.0,6.0,6.0
426,851f18b7fffffff_2017-03-14 18:00:00,851f18b7fffffff,2017-03-14 18:00:00,0.0,0.0,0.0,4.0,4.0
427,851f18b7fffffff_2017-03-14 19:00:00,851f18b7fffffff,2017-03-14 19:00:00,0.0,0.0,0.0,4.0,4.0
428,851f18b7fffffff_2017-03-14 20:00:00,851f18b7fffffff,2017-03-14 20:00:00,0.0,0.0,0.0,5.0,5.0
429,851f18b7fffffff_2017-03-14 21:00:00,851f18b7fffffff,2017-03-14 21:00:00,0.0,0.0,0.0,4.0,4.0
430,851f18b7fffffff_2017-03-14 22:00:00,851f18b7fffffff,2017-03-14 22:00:00,0.0,1.0,0.0,7.0,8.0
431,851f18b7fffffff_2017-03-14 23:00:00,851f18b7fffffff,2017-03-14 23:00:00,0.0,1.0,0.0,6.0,7.0
432,851f18b7fffffff_2017-03-15 00:00:00,851f18b7fffffff,2017-03-15 00:00:00,0.0,1.0,0.0,6.0,7.0
433,851f18b7fffffff_2017-03-15 01:00:00,851f18b7fffffff,2017-03-15 01:00:00,0.0,0.0,0.0,6.0,6.0
434,851f18b7fffffff_2017-03-15 02:00:00,851f18b7fffffff,2017-03-15 02:00:00,0.0,0.0,0.0,6.0,6.0
435,851f18b7fffffff_2017-03-15 03:00:00,851f18b7fffffff,2017-03-15 03:00:00,0.0,0.0,0.0,6.0,6.0
436,851f18b7fffffff_2017-03-15 04:00:00,851f18b7fffffff,2017-03-15 04:00:00,0.0,2.0,0.0,7.0,9.0
437,851f18b7fffffff_2017-03-15 05:00:00,851f18b7fffffff,2017-03-15 05:00:00,0.0,2.0,0.0,7.0,9.0
438,851f18b7fffffff_2017-03-15 06:00:00,851f18b7fffffff,2017-03-15 06:00:00,0.0,2.0,0.0,7.0,9.0
439,851f18b7fffffff_2017-03-15 07:00:00,851f18b7fffffff,2017-03-15 07:00:00,0.0,1.0,0.0,6.0,7.0
440,851f18b7fffffff_2017-03-15 08:00:00,851f18b7fffffff,2017-03-15 08:00:00,0.0,3.0,1.0,7.0,11.0
441,851f18b7fffffff_2017-03-15 09:00:00,851f18b7fffffff,2017-03-15 09:00:00,0.0,3.0,1.0,7.0,11.0
442,851f18b7fffffff_2017-03-15 10:00:00,851f18b7fffffff,2017-03-15 10:00:00,0.0,3.0,2.0,9.0,14.0
443,851f18b7fffffff_2017-03-15 11:00:00,851f18b7fffffff,2017-03-15 11:00:00,0.0,3.0,2.0,10.0,15.0
444,851f18b7fffffff_2017-03-15 12:00:00,851f18b7fffffff,2017-03-15 12:00:00,0.0,3.0,2.0,9.0,14.0
445,851f18b7fffffff_2017-03-15 13:00:00,851f18b7fffffff,2017-03-15 13:00:00,0.0,3.0,2.0,10.0,15.0
446,851f18b7fffffff_2017-03-15 14:00:00,851f18b7fffffff,2017-03-15 14:00:00,0.0,3.0,2.0,11.0,16.0
447,851f18b7fffffff_2017-03-15 15:00:00,851f18b7fffffff,2017-03-15 15:00:00,0.0,4.0,1.0,10.0,15.0
448,851f18b7fffffff_2017-03-15 16:00:00,851f18b7fffffff,2017-03-15 16:00:00,0.0,4.0,1.0,9.0,14.0
449,851f18b7fffffff_2017-03-15 17:00:00,851f18b7fffffff,2017-03-15 17:00:00,0.0,6.0,0.0,9.0,15.0
450,851f18b7fffffff_2017-03-15 18:00:00,851f18b7fffffff,2017-03-15 18:00:00,0.0,4.0,0.0,11.0,15.0
451,851f18b7fffffff_2017-03-15 19:00:00,851f18b7fffffff,2017-03-15 19:00:00,0.0,3.0,0.0,8.0,11.0
452,851f18b7fffffff_2017-03-15 20:00:00,851f18b7fffffff,2017-03-15 20:00:00,0.0,1.0,0.0,10.0,11.0
453,851f18b7fffffff_2017-03-15 21:00:00,851f18b7fffffff,2017-03-15 21:00:00,0.0,0.0,0.0,12.0,12.0
454,851f18b7fffffff_2017-03-15 22:00:00,851f18b7fffffff,2017-03-15 22:00:00,0.0,1.0,0.0,12.0,13.0
455,851f18b7fffffff_2017-03-15 23:00:00,851f18b7fffffff,2017-03-15 23:00:00,0.0,2.0,0.0,12.0,14.0
456,851f18b7fffffff_2017-03-16 00:00:00,851f18b7fffffff,2017-03-16 00:00:00,0.0,2.0,0.0,12.0,14.0
457,851f18b7fffffff_2017-03-16 01:00:00,851f18b7fffffff,2017-03-16 01:00:00,0.0,2.0,0.0,12.0,14.0
458,851f18b7fffffff_2017-03-16 02:00:00,851f18b7fffffff,2017-03-16 02:00:00,0.0,2.0,0.0,12.0,14.0
459,851f18b7fffffff_2017-03-16 03:00:00,851f18b7fffffff,2017-03-16 03:00:00,0.0,2.0,0.0,12.0,14.0
460,851f18b7fffffff_2017-03-16 04:00:00,851f18b7fffffff,2017-03-16 04:00:00,0.0,2.0,0.0,12.0,14.0
461,851f18b7fffffff_2017-03-16 05:00:00,851f18b7fffffff,2017-03-16 05:00:00,0.0,1.0,0.0,11.0,12.0
462,851f18b7fffffff_2017-03-16 06:00:00,851f18b7fffffff,2017-03-16 06:00:00,0.0,2.0,0.0,11.0,13.0
463,851f18b7fffffff_2017-03-16 07:00:00,851f18b7fffffff,2017-03-16 07:00:00,0.0,4.0,0.0,10.0,14.0
464,851f18b7fffffff_2017-03-16 08:00:00,851f18b7fffffff,2017-03-16 08:00:00,0.0,6.0,1.0,9.0,16.0
465,851f18b7fffffff_2017-03-16 09:00:00,851f18b7fffffff,2017-03-16 09:00:00,0.0,6.0,1.0,7.0,14.0
466,851f18b7fffffff_2017-03-16 10:00:00,851f18b7fffffff,2017-03-16 10:00:00,0.0,7.0,1.0,8.0,16.0
467,851f18b7fffffff_2017-03-16 11:00:00,851f18b7fffffff,2017-03-16 11:00:00,0.0,7.0,1.0,9.0,17.0
468,851f18b7fffffff_2017-03-16 12:00:00,851f18b7fffffff,2017-03-16 12:00:00,0.0,8.0,1.0,9.0,18.0
469,851f18b7fffffff_2017-03-16 13:00:00,851f18b7fffffff,2017-03-16 13:00:00,0.0,9.0,1.0,9.0,19.0
470,851f18b7fffffff_2017-03-16 14:00:00,851f18b7fffffff,2017-03-16 14:00:00,0.0,9.0,1.0,9.0,19.0
471,851f18b7fffffff_2017-03-16 15:00:00,851f18b7fffffff,2017-03-16 15:00:00,0.0,8.0,1.0,7.0,16.0
472,851f18b7fffffff_2017-03-16 16:00:00,851f18b7fffffff,2017-03-16 16:00:00,0.0,8.0,1.0,7.0,16.0
473,851f18b7fffffff_2017-03-16 17:00:00,851f18b7fffffff,2017-03-16 17:00:00,0.0,8.0,1.0,7.0,16.0
474,851f18b7fffffff_2017-03-16 18:00:00,851f18b7fffffff,2017-03-16 18:00:00,0.0,5.0,0.0,7.0,12.0
475,851f18b7fffffff_2017-03-16 19:00:00,851f18b7fffffff,2017-03-16 19:00:00,0.0,6.0,0.0,5.0,11.0
476,851f18b7fffffff_2017-03-16 20:00:00,851f18b7fffffff,2017-03-16 20:00:00,0.0,5.0,0.0,4.0,9.0
477,851f18b7fffffff_2017-03-16 21:00:00,851f18b7fffffff,2017-03-16 21:00:00,0.0,6.0,1.0,5.0,12.0
478,851f18b7fffffff_2017-03-16 22:00:00,851f18b7fffffff,2017-03-16 22:00:00,0.0,5.0,2.0,4.0,11.0
479,851f18b7fffffff_2017-03-16 23:00:00,851f18b7fffffff,2017-03-16 23:00:00,0.0,3.0,2.0,3.0,8.0
480,851f18b7fffffff_2017-03-17 00:00:00,851f18b7fffffff,2017-03-17 00:00:00,0.0,2.0,1.0,3.0,6.0
481,851f18b7fffffff_2017-03-17 01:00:00,851f18b7fffffff,2017-03-17 01:00:00,0.0,2.0,1.0,4.0,7.0
482,851f18b7fffffff_2017-03-17 02:00:00,851f18b7fffffff,2017-03-17 02:00:00,0.0,2.0,1.0,4.0,7.0
483,851f18b7fffffff_2017-03-17 03:00:00,851f18b7fffffff,2017-03-17 03:00:00,0.0,4.0,1.0,4.0,9.0
484,851f18b7fffffff_2017-03-17 04:00:00,851f18b7fffffff,2017-03-17 04:00:00,0.0,4.0,1.0,5.0,10.0
485,851f18b7fffffff_2017-03-17 05:00:00,851f18b7fffffff,2017-03-17 05:00:00,0.0,3.0,1.0,5.0,9.0
486,851f18b7fffffff_2017-03-17 06:00:00,851f18b7fffffff,2017-03-17 06:00:00,0.0,2.0,1.0,5.0,8.0
487,851f18b7fffffff_2017-03-17 07:00:00,851f18b7fffffff,2017-03-17 07:00:00,0.0,3.0,1.0,5.0,9.0
488,851f18b7fffffff_2017-03-17 08:00:00,851f18b7fffffff,2017-03-17 08:00:00,0.0,4.0,1.0,6.0,11.0
489,851f18b7fffffff_2017-03-17 09:00:00,851f18b7fffffff,2017-03-17 09:00:00,0.0,5.0,1.0,6.0,12.0
490,851f18b7fffffff_2017-03-17 10:00:00,851f18b7fffffff,2017-03-17 10:00:00,0.0,4.0,1.0,5.0,10.0
491,851f18b7fffffff_2017-03-17 11:00:00,851f18b7fffffff,2017-03-17 11:00:00,0.0,3.0,1.0,4.0,8.0
492,851f18b7fffffff_2017-03-17 12:00:00,851f18b7fffffff,2017-03-17 12:00:00,0.0,2.0,1.0,6.0,9.0
493,851f18b7fffffff_2017-03-17 13:00:00,851f18b7fffffff,2017-03-17 13:00:00,0.0,2.0,1.0,6.0,9.0
494,851f18b7fffffff_2017-03-17 14:00:00,851f18b7fffffff,2017-03-17 14:00:00,0.0,2.0,1.0,7.0,10.0
495,851f18b7fffffff_2017-03-17 15:00:00,851f18b7fffffff,2017-03-17 15:00:00,0.0,2.0,1.0,7.0,10.0
496,851f18b7fffffff_2017-03-17 16:00:00,851f18b7fffffff,2017-03-17 16:00:00,0.0,1.0,0.0,7.0,8.0
497,851f18b7fffffff_2017-03-17 17:00:00,851f18b7fffffff,2017-03-17 17:00:00,0.0,0.0,0.0,3.0,3.0
498,851f18b7fffffff_2017-03-17 18:00:00,851f18b7fffffff,2017-03-17 18:00:00,0.0,0.0,0.0,2.0,2.0
499,851f18b7fffffff_2017-03-17 19:00:00,851f18b7fffffff,2017-03-17 19:00:00,0.0,1.0,0.0,3.0,4.0
500,851f18b7fffffff_2017-03-17 20:00:00,851f18b7fffffff,2017-03-17 20:00:00,0.0,1.0,0.0,3.0,4.0
501,851f18b7fffffff_2017-03-17 21:00:00,851f18b7fffffff,2017-03-17 21:00:00,0.0,1.0,0.0,4.0,5.0
502,851f18b7fffffff_2017-03-17 22:00:00,851f18b7fffffff,2017-03-17 22:00:00,0.0,2.0,0.0,2.0,4.0
503,851f18b7fffffff_2017-03-17 23:00:00,851f18b7fffffff,2017-03-17 23:00:00,0.0,3.0,0.0,2.0,5.0
504,851f18b7fffffff_2017-03-18 00:00:00,851f18b7fffffff,2017-03-18 00:00:00,0.0,5.0,0.0,1.0,6.0
505,851f18b7fffffff_2017-03-18 01:00:00,851f18b7fffffff,2017-03-18 01:00:00,0.0,5.0,0.0,1.0,6.0
506,851f18b7fffffff_2017-03-18 02:00:00,851f18b7fffffff,2017-03-18 02:00:00,0.0,5.0,0.0,1.0,6.0
507,851f18b7fffffff_2017-03-18 03:00:00,851f18b7fffffff,2017-03-18 03:00:00,0.0,6.0,0.0,1.0,7.0
508,851f18b7fffffff_2017-03-18 04:00:00,851f18b7fffffff,2017-03-18 04:00:00,0.0,5.0,0.0,1.0,6.0
509,851f18b7fffffff_2017-03-18 05:00:00,851f18b7fffffff,2017-03-18 05:00:00,0.0,5.0,0.0,1.0,6.0
510,851f18b7fffffff_2017-03-18 06:00:00,851f18b7fffffff,2017-03-18 06:00:00,0.0,3.0,0.0,1.0,4.0
511,851f18b7fffffff_2017-03-18 07:00:00,851f18b7fffffff,2017-03-18 07:00:00,0.0,3.0,0.0,2.0,5.0
512,851f18b7fffffff_2017-03-18 08:00:00,851f18b7fffffff,2017-03-18 08:00:00,0.0,3.0,0.0,1.0,4.0
513,851f18b7fffffff_2017-03-18 09:00:00,851f18b7fffffff,2017-03-18 09:00:00,0.0,3.0,0.0,3.0,6.0
514,851f18b7fffffff_2017-03-18 10:00:00,851f18b7fffffff,2017-03-18 10:00:00,0.0,3.0,0.0,4.0,7.0
515,851f18b7fffffff_2017-03-18 11:00:00,851f18b7fffffff,2017-03-18 11:00:00,0.0,4.0,0.0,4.0,8.0
516,851f18b7fffffff_2017-03-18 12:00:00,851f18b7fffffff,2017-03-18 12:00:00,0.0,4.0,0.0,5.0,9.0
517,851f18b7fffffff_2017-03-18 13:00:00,851f18b7fffffff,2017-03-18 13:00:00,0.0,3.0,0.0,6.0,9.0
518,851f18b7fffffff_2017-03-18 14:00:00,851f18b7fffffff,2017-03-18 14:00:00,0.0,5.0,0.0,3.0,8.0
519,851f18b7fffffff_2017-03-18 15:00:00,851f18b7fffffff,2017-03-18 15:00:00,0.0,6.0,0.0,2.0,8.0
520,851f18b7fffffff_2017-03-18 16:00:00,851f18b7fffffff,2017-03-18 16:00:00,0.0,5.0,0.0,3.0,8.0
521,851f18b7fffffff_2017-03-18 17:00:00,851f18b7fffffff,2017-03-18 17:00:00,0.0,5.0,0.0,1.0,6.0
522,851f18b7fffffff_2017-03-18 18:00:00,851f18b7fffffff,2017-03-18 18:00:00,0.0,5.0,0.0,2.0,7.0
523,851f18b7fffffff_2017-03-18 19:00:00,851f18b7fffffff,2017-03-18 19:00:00,0.0,3.0,0.0,1.0,4.0
524,851f18b7fffffff_2017-03-18 20:00:00,851f18b7fffffff,2017-03-18 20:00:00,0.0,6.0,0.0,2.0,8.0
525,851f18b7fffffff_2017-03-18 21:00:00,851f18b7fffffff,2017-03-18 21:00:00,0.0,8.0,0.0,1.0,9.0
526,851f18b7fffffff_2017-03-18 22:00:00,851f18b7fffffff,2017-03-18 22:00:00,0.0,9.0,0.0,1.0,10.0
527,851f18b7fffffff_2017-03-18 23:00:00,851f18b7fffffff,2017-03-18 23:00:00,0.0,5.0,0.0,1.0,6.0
528,851f18b7fffffff_2017-03-19 00:00:00,851f18b7fffffff,2017-03-19 00:00:00,0.0,6.0,0.0,0.0,6.0
529,851f18b7fffffff_2017-03-19 01:00:00,851f18b7fffffff,2017-03-19 01:00:00,0.0,5.0,0.0,1.0,6.0
530,851f18b7fffffff_2017-03-19 02:00:00,851f18b7fffffff,2017-03-19 02:00:00,0.0,5.0,0.0,1.0,6.0
531,851f18b7fffffff_2017-03-19 03:00:00,851f18b7fffffff,2017-03-19 03:00:00,0.0,6.0,0.0,0.0,6.0
532,851f18b7fffffff_2017-03-19 04:00:00,851f18b7fffffff,2017-03-19 04:00:00,0.0,6.0,0.0,0.0,6.0
533,851f18b7fffffff_2017-03-19 05:00:00,851f18b7fffffff,2017-03-19 05:00:00,0.0,8.0,0.0,0.0,8.0
534,851f18b7fffffff_2017-03-19 06:00:00,851f18b7fffffff,2017-03-19 06:00:00,0.0,6.0,0.0,0.0,6.0
535,851f18b7fffffff_2017-03-19 07:00:00,851f18b7fffffff,2017-03-19 07:00:00,0.0,6.0,0.0,0.0,6.0
536,851f18b7fffffff_2017-03-19 08:00:00,851f18b7fffffff,2017-03-19 08:00:00,0.0,6.0,0.0,1.0,7.0
537,851f18b7fffffff_2017-03-19 09:00:00,851f18b7fffffff,2017-03-19 09:00:00,0.0,7.0,0.0,0.0,7.0
538,851f18b7fffffff_2017-03-19 10:00:00,851f18b7fffffff,2017-03-19 10:00:00,0.0,7.0,0.0,3.0,10.0
539,851f18b7fffffff_2017-03-19 11:00:00,851f18b7fffffff,2017-03-19 11:00:00,0.0,9.0,0.0,3.0,12.0
540,851f18b7fffffff_2017-03-19 12:00:00,851f18b7fffffff,2017-03-19 12:00:00,0.0,10.0,0.0,5.0,15.0
541,851f18b7fffffff_2017-03-19 13:00:00,851f18b7fffffff,2017-03-19 13:00:00,0.0,8.0,0.0,5.0,13.0
542,851f18b7fffffff_2017-03-19 14:00:00,851f18b7fffffff,2017-03-19 14:00:00,0.0,10.0,0.0,5.0,15.0
543,851f18b7fffffff_2017-03-19 15:00:00,851f18b7fffffff,2017-03-19 15:00:00,0.0,9.0,0.0,4.0,13.0
544,851f18b7fffffff_2017-03-19 16:00:00,851f18b7fffffff,2017-03-19 16:00:00,0.0,9.0,0.0,7.0,16.0
545,851f18b7fffffff_2017-03-19 17:00:00,851f18b7fffffff,2017-03-19 17:00:00,0.0,9.0,0.0,7.0,16.0
546,851f18b7fffffff_2017-03-19 18:00:00,851f18b7fffffff,2017-03-19 18:00:00,0.0,6.0,0.0,7.0,13.0
547,851f18b7fffffff_2017-03-19 19:00:00,851f18b7fffffff,2017-03-19 19:00:00,0.0,7.0,0.0,6.0,13.0
548,851f18b7fffffff_2017-03-19 20:00:00,851f18b7fffffff,2017-03-19 20:00:00,0.0,5.0,0.0,6.0,11.0
549,851f18b7fffffff_2017-03-19 21:00:00,851f18b7fffffff,2017-03-19 21:00:00,0.0,7.0,0.0,5.0,12.0
550,851f18b7fffffff_2017-03-19 22:00:00,851f18b7fffffff,2017-03-19 22:00:00,0.0,1.0,0.0,4.0,5.0
551,851f18b7fffffff_2017-03-19 23:00:00,851f18b7fffffff,2017-03-19 23:00:00,0.0,0.0,0.0,1.0,1.0
552,851f18b7fffffff_2017-03-20 00:00:00,851f18b7fffffff,2017-03-20 00:00:00,0.0,0.0,0.0,1.0,1.0
553,851f18b7fffffff_2017-03-20 01:00:00,851f18b7fffffff,2017-03-20 01:00:00,0.0,0.0,0.0,0.0,0.0
554,851f18b7fffffff_2017-03-20 02:00:00,851f18b7fffffff,2017-03-20 02:00:00,0.0,1.0,0.0,0.0,1.0
555,851f18b7fffffff_2017-03-20 03:00:00,851f18b7fffffff,2017-03-20 03:00:00,0.0,1.0,0.0,0.0,1.0
556,851f18b7fffffff_2017-03-20 04:00:00,851f18b7fffffff,2017-03-20 04:00:00,0.0,1.0,0.0,0.0,1.0
557,851f18b7fffffff_2017-03-20 05:00:00,851f18b7fffffff,2017-03-20 05:00:00,0.0,0.0,0.0,0.0,0.0
558,851f18b7fffffff_2017-03-20 06:00:00,851f18b7fffffff,2017-03-20 06:00:00,0.0,1.0,0.0,0.0,1.0
559,851f18b7fffffff_2017-03-20 07:00:00,851f18b7fffffff,2017-03-20 07:00:00,0.0,0.0,0.0,0.0,0.0
560,851f18b7fffffff_2017-03-20 08:00:00,851f18b7fffffff,2017-03-20 08:00:00,0.0,0.0,0.0,1.0,1.0
561,851f18b7fffffff_2017-03-20 09:00:00,851f18b7fffffff,2017-03-20 09:00:00,0.0,0.0,0.0,1.0,1.0
562,851f18b7fffffff_2017-03-20 10:00:00,851f18b7fffffff,2017-03-20 10:00:00,0.0,0.0,1.0,2.0,3.0
563,851f18b7fffffff_2017-03-20 11:00:00,851f18b7fffffff,2017-03-20 11:00:00,0.0,2.0,1.0,5.0,8.0
564,851f18b7fffffff_2017-03-20 12:00:00,851f18b7fffffff,2017-03-20 12:00:00,0.0,2.0,1.0,5.0,8.0
565,851f18b7fffffff_2017-03-20 13:00:00,851f18b7fffffff,2017-03-20 13:00:00,0.0,1.0,1.0,5.0,7.0
566,851f18b7fffffff_2017-03-20 14:00:00,851f18b7fffffff,2017-03-20 14:00:00,0.0,1.0,1.0,5.0,7.0
567,851f18b7fffffff_2017-03-20 15:00:00,851f18b7fffffff,2017-03-20 15:00:00,0.0,1.0,1.0,4.0,6.0
568,851f18b7fffffff_2017-03-20 16:00:00,851f18b7fffffff,2017-03-20 16:00:00,0.0,0.0,1.0,3.0,4.0
569,851f18b7fffffff_2017-03-20 17:00:00,851f18b7fffffff,2017-03-20 17:00:00,0.0,2.0,1.0,3.0,6.0
570,851f18b7fffffff_2017-03-20 18:00:00,851f18b7fffffff,2017-03-20 18:00:00,0.0,2.0,0.0,1.0,3.0
571,851f18b7fffffff_2017-03-20 19:00:00,851f18b7fffffff,2017-03-20 19:00:00,0.0,1.0,0.0,1.0,2.0
572,851f18b7fffffff_2017-03-20 20:00:00,851f18b7fffffff,2017-03-20 20:00:00,0.0,0.0,0.0,1.0,1.0
573,851f18b7fffffff_2017-03-20 21:00:00,851f18b7fffffff,2017-03-20 21:00:00,0.0,0.0,0.0,0.0,0.0
574,851f18b7fffffff_2017-03-20 22:00:00,851f18b7fffffff,2017-03-20 22:00:00,0.0,1.0,0.0,1.0,2.0
575,851f18b7fffffff_2017-03-20 23:00:00,851f18b7fffffff,2017-03-20 23:00:00,0.0,1.0,0.0,0.0,1.0
576,851f1d4bfffffff_2017-03-13 00:00:00,851f1d4bfffffff,2017-03-13 00:00:00,0.0,420.0,29.0,393.0,842.0
577,851f1d4bfffffff_2017-03-13 01:00:00,851f1d4bfffffff,2017-03-13 01:00:00,0.0,430.0,27.0,399.0,856.0
578,851f1d4bfffffff_2017-03-13 02:00:00,851f1d4bfffffff,2017-03-13 02:00:00,0.0,429.0,25.0,407.0,861.0
579,851f1d4bfffffff_2017-03-13 03:00:00,851f1d4bfffffff,2017-03-13 03:00:00,0.0,431.0,26.0,407.0,864.0
580,851f1d4bfffffff_2017-03-13 04:00:00,851f1d4bfffffff,2017-03-13 04:00:00,0.0,426.0,35.0,412.0,873.0
581,851f1d4bfffffff_2017-03-13 05:00:00,851f1d4bfffffff,2017-03-13 05:00:00,0.0,421.0,35.0,409.0,865.0
582,851f1d4bfffffff_2017-03-13 06:00:00,851f1d4bfffffff,2017-03-13 06:00:00,0.0,415.0,39.0,410.0,864.0
583,851f1d4bfffffff_2017-03-13 07:00:00,851f1d4bfffffff,2017-03-13 07:00:00,0.0,366.0,33.0,358.0,757.0
584,851f1d4bfffffff_2017-03-13 08:00:00,851f1d4bfffffff,2017-03-13 08:00:00,0.0,362.0,42.0,334.0,738.0
585,851f1d4bfffffff_2017-03-13 09:00:00,851f1d4bfffffff,2017-03-13 09:00:00,0.0,452.0,49.0,433.0,934.0
586,851f1d4bfffffff_2017-03-13 10:00:00,851f1d4bfffffff,2017-03-13 10:00:00,0.0,470.0,45.0,471.0,986.0
587,851f1d4bfffffff_2017-03-13 11:00:00,851f1d4bfffffff,2017-03-13 11:00:00,0.0,475.0,44.0,483.0,1002.0
588,851f1d4bfffffff_2017-03-13 12:00:00,851f1d4bfffffff,2017-03-13 12:00:00,0.0,486.0,49.0,476.0,1011.0
589,851f1d4bfffffff_2017-03-13 13:00:00,851f1d4bfffffff,2017-03-13 13:00:00,0.0,489.0,49.0,480.0,1018.0
590,851f1d4bfffffff_2017-03-13 14:00:00,851f1d4bfffffff,2017-03-13 14:00:00,0.0,468.0,42.0,457.0,967.0
591,851f1d4bfffffff_2017-03-13 15:00:00,851f1d4bfffffff,2017-03-13 15:00:00,0.0,431.0,38.0,464.0,933.0
592,851f1d4bfffffff_2017-03-13 16:00:00,851f1d4bfffffff,2017-03-13 16:00:00,0.0,395.0,35.0,414.0,844.0
593,851f1d4bfffffff_2017-03-13 17:00:00,851f1d4bfffffff,2017-03-13 17:00:00,0.0,329.0,30.0,351.0,710.0
594,851f1d4bfffffff_2017-03-13 18:00:00,851f1d4bfffffff,2017-03-13 18:00:00,0.0,284.0,23.0,300.0,607.0
595,851f1d4bfffffff_2017-03-13 19:00:00,851f1d4bfffffff,2017-03-13 19:00:00,0.0,351.0,35.0,325.0,711.0
596,851f1d4bfffffff_2017-03-13 20:00:00,851f1d4bfffffff,2017-03-13 20:00:00,0.0,332.0,0.0,0.0,332.0
597,851f1d4bfffffff_2017-03-13 21:00:00,851f1d4bfffffff,2017-03-13 21:00:00,0.0,338.0,0.0,0.0,338.0
598,851f1d4bfffffff_2017-03-13 22:00:00,851f1d4bfffffff,2017-03-13 22:00:00,0.0,360.0,20.0,300.0,680.0
599,851f1d4bfffffff_2017-03-13 23:00:00,851f1d4bfffffff,2017-03-13 23:00:00,0.0,384.0,27.0,366.0,777.0
600,851f1d4bfffffff_2017-03-14 00:00:00,851f1d4bfffffff,2017-03-14 00:00:00,0.0,397.0,28.0,389.0,814.0
601,851f1d4bfffffff_2017-03-14 01:00:00,851f1d4bfffffff,2017-03-14 01:00:00,0.0,410.0,30.0,399.0,839.0
602,851f1d4bfffffff_2017-03-14 02:00:00,851f1d4bfffffff,2017-03-14 02:00:00,0.0,415.0,31.0,400.0,846.0
603,851f1d4bfffffff_2017-03-14 03:00:00,851f1d4bfffffff,2017-03-14 03:00:00,0.0,429.0,31.0,403.0,863.0
604,851f1d4bfffffff_2017-03-14 04:00:00,851f1d4bfffffff,2017-03-14 04:00:00,0.0,429.0,34.0,409.0,872.0
605,851f1d4bfffffff_2017-03-14 05:00:00,851f1d4bfffffff,2017-03-14 05:00:00,0.0,427.0,42.0,413.0,882.0
606,851f1d4bfffffff_2017-03-14 06:00:00,851f1d4bfffffff,2017-03-14 06:00:00,0.0,400.0,40.0,405.0,845.0
607,851f1d4bfffffff_2017-03-14 07:00:00,851f1d4bfffffff,2017-03-14 07:00:00,0.0,345.0,38.0,349.0,732.0
608,851f1d4bfffffff_2017-03-14 08:00:00,851f1d4bfffffff,2017-03-14 08:00:00,0.0,365.0,37.0,367.0,769.0
609,851f1d4bfffffff_2017-03-14 09:00:00,851f1d4bfffffff,2017-03-14 09:00:00,0.0,437.0,41.0,419.0,897.0
610,851f1d4bfffffff_2017-03-14 10:00:00,851f1d4bfffffff,2017-03-14 10:00:00,0.0,449.0,42.0,474.0,965.0
611,851f1d4bfffffff_2017-03-14 11:00:00,851f1d4bfffffff,2017-03-14 11:00:00,0.0,471.0,55.0,469.0,995.0
612,851f1d4bfffffff_2017-03-14 12:00:00,851f1d4bfffffff,2017-03-14 12:00:00,0.0,460.0,46.0,455.0,961.0
613,851f1d4bfffffff_2017-03-14 13:00:00,851f1d4bfffffff,2017-03-14 13:00:00,0.0,445.0,48.0,448.0,941.0
614,851f1d4bfffffff_2017-03-14 14:00:00,851f1d4bfffffff,2017-03-14 14:00:00,0.0,416.0,43.0,438.0,897.0
615,851f1d4bfffffff_2017-03-14 15:00:00,851f1d4bfffffff,2017-03-14 15:00:00,0.0,401.0,46.0,427.0,874.0
616,851f1d4bfffffff_2017-03-14 16:00:00,851f1d4bfffffff,2017-03-14 16:00:00,0.0,364.0,39.0,417.0,820.0
617,851f1d4bfffffff_2017-03-14 17:00:00,851f1d4bfffffff,2017-03-14 17:00:00,0.0,309.0,41.0,353.0,703.0
618,851f1d4bfffffff_2017-03-14 18:00:00,851f1d4bfffffff,2017-03-14 18:00:00,0.0,285.0,31.0,310.0,626.0
619,851f1d4bfffffff_2017-03-14 19:00:00,851f1d4bfffffff,2017-03-14 19:00:00,0.0,305.0,27.0,312.0,644.0
620,851f1d4bfffffff_2017-03-14 20:00:00,851f1d4bfffffff,2017-03-14 20:00:00,0.0,349.0,30.0,355.0,734.0
621,851f1d4bfffffff_2017-03-14 21:00:00,851f1d4bfffffff,2017-03-14 21:00:00,0.0,349.0,25.0,350.0,724.0
622,851f1d4bfffffff_2017-03-14 22:00:00,851f1d4bfffffff,2017-03-14 22:00:00,0.0,348.0,28.0,376.0,752.0
623,851f1d4bfffffff_2017-03-14 23:00:00,851f1d4bfffffff,2017-03-14 23:00:00,0.0,382.0,26.0,383.0,791.0
624,851f1d4bfffffff_2017-03-15 00:00:00,851f1d4bfffffff,2017-03-15 00:00:00,0.0,408.0,31.0,385.0,824.0
625,851f1d4bfffffff_2017-03-15 01:00:00,851f1d4bfffffff,2017-03-15 01:00:00,0.0,434.0,32.0,394.0,860.0
626,851f1d4bfffffff_2017-03-15 02:00:00,851f1d4bfffffff,2017-03-15 02:00:00,0.0,437.0,34.0,394.0,865.0
627,851f1d4bfffffff_2017-03-15 03:00:00,851f1d4bfffffff,2017-03-15 03:00:00,0.0,436.0,35.0,392.0,863.0
628,851f1d4bfffffff_2017-03-15 04:00:00,851f1d4bfffffff,2017-03-15 04:00:00,0.0,427.0,40.0,391.0,858.0
629,851f1d4bfffffff_2017-03-15 05:00:00,851f1d4bfffffff,2017-03-15 05:00:00,0.0,429.0,44.0,389.0,862.0
630,851f1d4bfffffff_2017-03-15 06:00:00,851f1d4bfffffff,2017-03-15 06:00:00,0.0,390.0,41.0,381.0,812.0
631,851f1d4bfffffff_2017-03-15 07:00:00,851f1d4bfffffff,2017-03-15 07:00:00,0.0,353.0,34.0,319.0,706.0
632,851f1d4bfffffff_2017-03-15 08:00:00,851f1d4bfffffff,2017-03-15 08:00:00,0.0,339.0,35.0,326.0,700.0
633,851f1d4bfffffff_2017-03-15 09:00:00,851f1d4bfffffff,2017-03-15 09:00:00,0.0,409.0,43.0,366.0,818.0
634,851f1d4bfffffff_2017-03-15 10:00:00,851f1d4bfffffff,2017-03-15 10:00:00,0.0,433.0,57.0,410.0,900.0
635,851f1d4bfffffff_2017-03-15 11:00:00,851f1d4bfffffff,2017-03-15 11:00:00,0.0,439.0,57.0,436.0,932.0
636,851f1d4bfffffff_2017-03-15 12:00:00,851f1d4bfffffff,2017-03-15 12:00:00,0.0,419.0,56.0,454.0,929.0
637,851f1d4bfffffff_2017-03-15 13:00:00,851f1d4bfffffff,2017-03-15 13:00:00,0.0,417.0,53.0,417.0,887.0
638,851f1d4bfffffff_2017-03-15 14:00:00,851f1d4bfffffff,2017-03-15 14:00:00,0.0,385.0,54.0,402.0,841.0
639,851f1d4bfffffff_2017-03-15 15:00:00,851f1d4bfffffff,2017-03-15 15:00:00,0.0,366.0,52.0,403.0,821.0
640,851f1d4bfffffff_2017-03-15 16:00:00,851f1d4bfffffff,2017-03-15 16:00:00,0.0,361.0,42.0,388.0,791.0
641,851f1d4bfffffff_2017-03-15 17:00:00,851f1d4bfffffff,2017-03-15 17:00:00,0.0,307.0,35.0,335.0,677.0
642,851f1d4bfffffff_2017-03-15 18:00:00,851f1d4bfffffff,2017-03-15 18:00:00,0.0,248.0,26.0,264.0,538.0
643,851f1d4bfffffff_2017-03-15 19:00:00,851f1d4bfffffff,2017-03-15 19:00:00,0.0,289.0,31.0,255.0,575.0
644,851f1d4bfffffff_2017-03-15 20:00:00,851f1d4bfffffff,2017-03-15 20:00:00,0.0,324.0,26.0,269.0,619.0
645,851f1d4bfffffff_2017-03-15 21:00:00,851f1d4bfffffff,2017-03-15 21:00:00,0.0,340.0,24.0,295.0,659.0
646,851f1d4bfffffff_2017-03-15 22:00:00,851f1d4bfffffff,2017-03-15 22:00:00,0.0,353.0,26.0,310.0,689.0
647,851f1d4bfffffff_2017-03-15 23:00:00,851f1d4bfffffff,2017-03-15 23:00:00,0.0,387.0,24.0,337.0,748.0
648,851f1d4bfffffff_2017-03-16 00:00:00,851f1d4bfffffff,2017-03-16 00:00:00,0.0,404.0,27.0,343.0,774.0
649,851f1d4bfffffff_2017-03-16 01:00:00,851f1d4bfffffff,2017-03-16 01:00:00,0.0,422.0,26.0,338.0,786.0
650,851f1d4bfffffff_2017-03-16 02:00:00,851f1d4bfffffff,2017-03-16 02:00:00,0.0,421.0,28.0,348.0,797.0
651,851f1d4bfffffff_2017-03-16 03:00:00,851f1d4bfffffff,2017-03-16 03:00:00,0.0,417.0,27.0,357.0,801.0
652,851f1d4bfffffff_2017-03-16 04:00:00,851f1d4bfffffff,2017-03-16 04:00:00,0.0,410.0,30.0,346.0,786.0
653,851f1d4bfffffff_2017-03-16 05:00:00,851f1d4bfffffff,2017-03-16 05:00:00,0.0,426.0,33.0,348.0,807.0
654,851f1d4bfffffff_2017-03-16 06:00:00,851f1d4bfffffff,2017-03-16 06:00:00,0.0,398.0,35.0,341.0,774.0
655,851f1d4bfffffff_2017-03-16 07:00:00,851f1d4bfffffff,2017-03-16 07:00:00,0.0,359.0,33.0,316.0,708.0
656,851f1d4bfffffff_2017-03-16 08:00:00,851f1d4bfffffff,2017-03-16 08:00:00,0.0,370.0,31.0,324.0,725.0
657,851f1d4bfffffff_2017-03-16 09:00:00,851f1d4bfffffff,2017-03-16 09:00:00,0.0,437.0,38.0,390.0,865.0
658,851f1d4bfffffff_2017-03-16 10:00:00,851f1d4bfffffff,2017-03-16 10:00:00,0.0,472.0,39.0,424.0,935.0
659,851f1d4bfffffff_2017-03-16 11:00:00,851f1d4bfffffff,2017-03-16 11:00:00,0.0,459.0,41.0,415.0,915.0
660,851f1d4bfffffff_2017-03-16 12:00:00,851f1d4bfffffff,2017-03-16 12:00:00,0.0,440.0,48.0,382.0,870.0
661,851f1d4bfffffff_2017-03-16 13:00:00,851f1d4bfffffff,2017-03-16 13:00:00,0.0,449.0,38.0,410.0,897.0
662,851f1d4bfffffff_2017-03-16 14:00:00,851f1d4bfffffff,2017-03-16 14:00:00,0.0,443.0,35.0,400.0,878.0
663,851f1d4bfffffff_2017-03-16 15:00:00,851f1d4bfffffff,2017-03-16 15:00:00,0.0,399.0,30.0,373.0,802.0
664,851f1d4bfffffff_2017-03-16 16:00:00,851f1d4bfffffff,2017-03-16 16:00:00,0.0,343.0,31.0,353.0,727.0
665,851f1d4bfffffff_2017-03-16 17:00:00,851f1d4bfffffff,2017-03-16 17:00:00,0.0,326.0,19.0,306.0,651.0
666,851f1d4bfffffff_2017-03-16 18:00:00,851f1d4bfffffff,2017-03-16 18:00:00,0.0,251.0,19.0,241.0,511.0
667,851f1d4bfffffff_2017-03-16 19:00:00,851f1d4bfffffff,2017-03-16 19:00:00,0.0,286.0,17.0,227.0,530.0
668,851f1d4bfffffff_2017-03-16 20:00:00,851f1d4bfffffff,2017-03-16 20:00:00,0.0,323.0,19.0,264.0,606.0
669,851f1d4bfffffff_2017-03-16 21:00:00,851f1d4bfffffff,2017-03-16 21:00:00,0.0,335.0,17.0,275.0,627.0
670,851f1d4bfffffff_2017-03-16 22:00:00,851f1d4bfffffff,2017-03-16 22:00:00,0.0,332.0,19.0,274.0,625.0
671,851f1d4bfffffff_2017-03-16 23:00:00,851f1d4bfffffff,2017-03-16 23:00:00,0.0,370.0,22.0,289.0,681.0
672,851f1d4bfffffff_2017-03-17 00:00:00,851f1d4bfffffff,2017-03-17 00:00:00,0.0,391.0,25.0,292.0,708.0
673,851f1d4bfffffff_2017-03-17 01:00:00,851f1d4bfffffff,2017-03-17 01:00:00,0.0,409.0,23.0,289.0,721.0
674,851f1d4bfffffff_2017-03-17 02:00:00,851f1d4bfffffff,2017-03-17 02:00:00,0.0,421.0,28.0,294.0,743.0
675,851f1d4bfffffff_2017-03-17 03:00:00,851f1d4bfffffff,2017-03-17 03:00:00,0.0,429.0,30.0,293.0,752.0
676,851f1d4bfffffff_2017-03-17 04:00:00,851f1d4bfffffff,2017-03-17 04:00:00,0.0,428.0,28.0,300.0,756.0
677,851f1d4bfffffff_2017-03-17 05:00:00,851f1d4bfffffff,2017-03-17 05:00:00,0.0,429.0,32.0,303.0,764.0
678,851f1d4bfffffff_2017-03-17 06:00:00,851f1d4bfffffff,2017-03-17 06:00:00,0.0,411.0,33.0,295.0,739.0
679,851f1d4bfffffff_2017-03-17 07:00:00,851f1d4bfffffff,2017-03-17 07:00:00,0.0,377.0,33.0,255.0,665.0
680,851f1d4bfffffff_2017-03-17 08:00:00,851f1d4bfffffff,2017-03-17 08:00:00,0.0,381.0,35.0,291.0,707.0
681,851f1d4bfffffff_2017-03-17 09:00:00,851f1d4bfffffff,2017-03-17 09:00:00,0.0,420.0,38.0,345.0,803.0
682,851f1d4bfffffff_2017-03-17 10:00:00,851f1d4bfffffff,2017-03-17 10:00:00,0.0,437.0,42.0,375.0,854.0
683,851f1d4bfffffff_2017-03-17 11:00:00,851f1d4bfffffff,2017-03-17 11:00:00,0.0,440.0,38.0,391.0,869.0
684,851f1d4bfffffff_2017-03-17 12:00:00,851f1d4bfffffff,2017-03-17 12:00:00,0.0,443.0,35.0,376.0,854.0
685,851f1d4bfffffff_2017-03-17 13:00:00,851f1d4bfffffff,2017-03-17 13:00:00,0.0,415.0,43.0,376.0,834.0
686,851f1d4bfffffff_2017-03-17 14:00:00,851f1d4bfffffff,2017-03-17 14:00:00,0.0,394.0,34.0,386.0,814.0
687,851f1d4bfffffff_2017-03-17 15:00:00,851f1d4bfffffff,2017-03-17 15:00:00,0.0,366.0,33.0,353.0,752.0
688,851f1d4bfffffff_2017-03-17 16:00:00,851f1d4bfffffff,2017-03-17 16:00:00,0.0,333.0,28.0,330.0,691.0
689,851f1d4bfffffff_2017-03-17 17:00:00,851f1d4bfffffff,2017-03-17 17:00:00,0.0,265.0,16.0,276.0,557.0
690,851f1d4bfffffff_2017-03-17 18:00:00,851f1d4bfffffff,2017-03-17 18:00:00,0.0,227.0,13.0,243.0,483.0
691,851f1d4bfffffff_2017-03-17 19:00:00,851f1d4bfffffff,2017-03-17 19:00:00,0.0,248.0,15.0,270.0,533.0
692,851f1d4bfffffff_2017-03-17 20:00:00,851f1d4bfffffff,2017-03-17 20:00:00,0.0,312.0,17.0,283.0,612.0
693,851f1d4bfffffff_2017-03-17 21:00:00,851f1d4bfffffff,2017-03-17 21:00:00,0.0,301.0,23.0,302.0,626.0
694,851f1d4bfffffff_2017-03-17 22:00:00,851f1d4bfffffff,2017-03-17 22:00:00,0.0,310.0,18.0,269.0,597.0
695,851f1d4bfffffff_2017-03-17 23:00:00,851f1d4bfffffff,2017-03-17 23:00:00,0.0,310.0,16.0,284.0,610.0
696,851f1d4bfffffff_2017-03-18 00:00:00,851f1d4bfffffff,2017-03-18 00:00:00,0.0,335.0,18.0,294.0,647.0
697,851f1d4bfffffff_2017-03-18 01:00:00,851f1d4bfffffff,2017-03-18 01:00:00,0.0,356.0,22.0,314.0,692.0
698,851f1d4bfffffff_2017-03-18 02:00:00,851f1d4bfffffff,2017-03-18 02:00:00,0.0,365.0,29.0,333.0,727.0
699,851f1d4bfffffff_2017-03-18 03:00:00,851f1d4bfffffff,2017-03-18 03:00:00,0.0,373.0,30.0,338.0,741.0
700,851f1d4bfffffff_2017-03-18 04:00:00,851f1d4bfffffff,2017-03-18 04:00:00,0.0,386.0,28.0,341.0,755.0
701,851f1d4bfffffff_2017-03-18 05:00:00,851f1d4bfffffff,2017-03-18 05:00:00,0.0,376.0,28.0,357.0,761.0
702,851f1d4bfffffff_2017-03-18 06:00:00,851f1d4bfffffff,2017-03-18 06:00:00,0.0,391.0,32.0,360.0,783.0
703,851f1d4bfffffff_2017-03-18 07:00:00,851f1d4bfffffff,2017-03-18 07:00:00,0.0,372.0,30.0,342.0,744.0
704,851f1d4bfffffff_2017-03-18 08:00:00,851f1d4bfffffff,2017-03-18 08:00:00,0.0,366.0,34.0,332.0,732.0
705,851f1d4bfffffff_2017-03-18 09:00:00,851f1d4bfffffff,2017-03-18 09:00:00,0.0,369.0,32.0,343.0,744.0
706,851f1d4bfffffff_2017-03-18 10:00:00,851f1d4bfffffff,2017-03-18 10:00:00,0.0,367.0,33.0,334.0,734.0
707,851f1d4bfffffff_2017-03-18 11:00:00,851f1d4bfffffff,2017-03-18 11:00:00,0.0,355.0,30.0,315.0,700.0
708,851f1d4bfffffff_2017-03-18 12:00:00,851f1d4bfffffff,2017-03-18 12:00:00,0.0,347.0,30.0,321.0,698.0
709,851f1d4bfffffff_2017-03-18 13:00:00,851f1d4bfffffff,2017-03-18 13:00:00,0.0,326.0,27.0,303.0,656.0
710,851f1d4bfffffff_2017-03-18 14:00:00,851f1d4bfffffff,2017-03-18 14:00:00,0.0,327.0,27.0,316.0,670.0
711,851f1d4bfffffff_2017-03-18 15:00:00,851f1d4bfffffff,2017-03-18 15:00:00,0.0,329.0,22.0,296.0,647.0
712,851f1d4bfffffff_2017-03-18 16:00:00,851f1d4bfffffff,2017-03-18 16:00:00,0.0,323.0,26.0,300.0,649.0
713,851f1d4bfffffff_2017-03-18 17:00:00,851f1d4bfffffff,2017-03-18 17:00:00,0.0,289.0,23.0,261.0,573.0
714,851f1d4bfffffff_2017-03-18 18:00:00,851f1d4bfffffff,2017-03-18 18:00:00,0.0,242.0,18.0,236.0,496.0
715,851f1d4bfffffff_2017-03-18 19:00:00,851f1d4bfffffff,2017-03-18 19:00:00,0.0,234.0,19.0,286.0,539.0
716,851f1d4bfffffff_2017-03-18 20:00:00,851f1d4bfffffff,2017-03-18 20:00:00,0.0,251.0,27.0,299.0,577.0
717,851f1d4bfffffff_2017-03-18 21:00:00,851f1d4bfffffff,2017-03-18 21:00:00,0.0,255.0,32.0,331.0,618.0
718,851f1d4bfffffff_2017-03-18 22:00:00,851f1d4bfffffff,2017-03-18 22:00:00,0.0,271.0,21.0,342.0,634.0
719,851f1d4bfffffff_2017-03-18 23:00:00,851f1d4bfffffff,2017-03-18 23:00:00,0.0,281.0,20.0,342.0,643.0
720,851f1d4bfffffff_2017-03-19 00:00:00,851f1d4bfffffff,2017-03-19 00:00:00,0.0,317.0,14.0,340.0,671.0
721,851f1d4bfffffff_2017-03-19 01:00:00,851f1d4bfffffff,2017-03-19 01:00:00,0.0,328.0,20.0,354.0,702.0
722,851f1d4bfffffff_2017-03-19 02:00:00,851f1d4bfffffff,2017-03-19 02:00:00,0.0,360.0,22.0,377.0,759.0
723,851f1d4bfffffff_2017-03-19 03:00:00,851f1d4bfffffff,2017-03-19 03:00:00,0.0,381.0,28.0,386.0,795.0
724,851f1d4bfffffff_2017-03-19 04:00:00,851f1d4bfffffff,2017-03-19 04:00:00,0.0,376.0,28.0,382.0,786.0
725,851f1d4bfffffff_2017-03-19 05:00:00,851f1d4bfffffff,2017-03-19 05:00:00,0.0,383.0,33.0,390.0,806.0
726,851f1d4bfffffff_2017-03-19 06:00:00,851f1d4bfffffff,2017-03-19 06:00:00,0.0,393.0,37.0,391.0,821.0
727,851f1d4bfffffff_2017-03-19 07:00:00,851f1d4bfffffff,2017-03-19 07:00:00,0.0,398.0,36.0,400.0,834.0
728,851f1d4bfffffff_2017-03-19 08:00:00,851f1d4bfffffff,2017-03-19 08:00:00,0.0,388.0,35.0,367.0,790.0
729,851f1d4bfffffff_2017-03-19 09:00:00,851f1d4bfffffff,2017-03-19 09:00:00,0.0,398.0,38.0,343.0,779.0
730,851f1d4bfffffff_2017-03-19 10:00:00,851f1d4bfffffff,2017-03-19 10:00:00,0.0,376.0,29.0,322.0,727.0
731,851f1d4bfffffff_2017-03-19 11:00:00,851f1d4bfffffff,2017-03-19 11:00:00,0.0,367.0,34.0,317.0,718.0
732,851f1d4bfffffff_2017-03-19 12:00:00,851f1d4bfffffff,2017-03-19 12:00:00,0.0,331.0,33.0,274.0,638.0
733,851f1d4bfffffff_2017-03-19 13:00:00,851f1d4bfffffff,2017-03-19 13:00:00,0.0,314.0,26.0,261.0,601.0
734,851f1d4bfffffff_2017-03-19 14:00:00,851f1d4bfffffff,2017-03-19 14:00:00,0.0,325.0,22.0,261.0,608.0
735,851f1d4bfffffff_2017-03-19 15:00:00,851f1d4bfffffff,2017-03-19 15:00:00,0.0,338.0,23.0,297.0,658.0
736,851f1d4bfffffff_2017-03-19 16:00:00,851f1d4bfffffff,2017-03-19 16:00:00,0.0,326.0,27.0,312.0,665.0
737,851f1d4bfffffff_2017-03-19 17:00:00,851f1d4bfffffff,2017-03-19 17:00:00,0.0,328.0,23.0,265.0,616.0
738,851f1d4bfffffff_2017-03-19 18:00:00,851f1d4bfffffff,2017-03-19 18:00:00,0.0,304.0,19.0,285.0,608.0
739,851f1d4bfffffff_2017-03-19 19:00:00,851f1d4bfffffff,2017-03-19 19:00:00,0.0,284.0,18.0,287.0,589.0
740,851f1d4bfffffff_2017-03-19 20:00:00,851f1d4bfffffff,2017-03-19 20:00:00,0.0,325.0,26.0,323.0,674.0
741,851f1d4bfffffff_2017-03-19 21:00:00,851f1d4bfffffff,2017-03-19 21:00:00,0.0,333.0,24.0,303.0,660.0
742,851f1d4bfffffff_2017-03-19 22:00:00,851f1d4bfffffff,2017-03-19 22:00:00,0.0,354.0,25.0,311.0,690.0
743,851f1d4bfffffff_2017-03-19 23:00:00,851f1d4bfffffff,2017-03-19 23:00:00,0.0,385.0,26.0,332.0,743.0
744,851f1d4bfffffff_2017-03-20 00:00:00,851f1d4bfffffff,2017-03-20 00:00:00,0.0,411.0,27.0,345.0,783.0
745,851f1d4bfffffff_2017-03-20 01:00:00,851f1d4bfffffff,2017-03-20 01:00:00,0.0,401.0,27.0,335.0,763.0
746,851f1d4bfffffff_2017-03-20 02:00:00,851f1d4bfffffff,2017-03-20 02:00:00,0.0,422.0,28.0,348.0,798.0
747,851f1d4bfffffff_2017-03-20 03:00:00,851f1d4bfffffff,2017-03-20 03:00:00,0.0,421.0,29.0,349.0,799.0
748,851f1d4bfffffff_2017-03-20 04:00:00,851f1d4bfffffff,2017-03-20 04:00:00,0.0,414.0,33.0,357.0,804.0
749,851f1d4bfffffff_2017-03-20 05:00:00,851f1d4bfffffff,2017-03-20 05:00:00,0.0,419.0,38.0,353.0,810.0
750,851f1d4bfffffff_2017-03-20 06:00:00,851f1d4bfffffff,2017-03-20 06:00:00,0.0,410.0,39.0,367.0,816.0
751,851f1d4bfffffff_2017-03-20 07:00:00,851f1d4bfffffff,2017-03-20 07:00:00,0.0,363.0,29.0,317.0,709.0
752,851f1d4bfffffff_2017-03-20 08:00:00,851f1d4bfffffff,2017-03-20 08:00:00,0.0,376.0,27.0,341.0,744.0
753,851f1d4bfffffff_2017-03-20 09:00:00,851f1d4bfffffff,2017-03-20 09:00:00,0.0,451.0,32.0,387.0,870.0
754,851f1d4bfffffff_2017-03-20 10:00:00,851f1d4bfffffff,2017-03-20 10:00:00,0.0,483.0,33.0,436.0,952.0
755,851f1d4bfffffff_2017-03-20 11:00:00,851f1d4bfffffff,2017-03-20 11:00:00,0.0,461.0,32.0,441.0,934.0
756,851f1d4bfffffff_2017-03-20 12:00:00,851f1d4bfffffff,2017-03-20 12:00:00,0.0,480.0,34.0,449.0,963.0
757,851f1d4bfffffff_2017-03-20 13:00:00,851f1d4bfffffff,2017-03-20 13:00:00,0.0,488.0,41.0,461.0,990.0
758,851f1d4bfffffff_2017-03-20 14:00:00,851f1d4bfffffff,2017-03-20 14:00:00,0.0,455.0,38.0,444.0,937.0
759,851f1d4bfffffff_2017-03-20 15:00:00,851f1d4bfffffff,2017-03-20 15:00:00,0.0,426.0,34.0,418.0,878.0
760,851f1d4bfffffff_2017-03-20 16:00:00,851f1d4bfffffff,2017-03-20 16:00:00,0.0,394.0,29.0,379.0,802.0
761,851f1d4bfffffff_2017-03-20 17:00:00,851f1d4bfffffff,2017-03-20 17:00:00,0.0,311.0,26.0,328.0,665.0
762,851f1d4bfffffff_2017-03-20 18:00:00,851f1d4bfffffff,2017-03-20 18:00:00,0.0,277.0,23.0,282.0,582.0
763,851f1d4bfffffff_2017-03-20 19:00:00,851f1d4bfffffff,2017-03-20 19:00:00,0.0,283.0,25.0,323.0,631.0
764,851f1d4bfffffff_2017-03-20 20:00:00,851f1d4bfffffff,2017-03-20 20:00:00,0.0,303.0,35.0,342.0,680.0
765,851f1d4bfffffff_2017-03-20 21:00:00,851f1d4bfffffff,2017-03-20 21:00:00,0.0,329.0,35.0,335.0,699.0
766,851f1d4bfffffff_2017-03-20 22:00:00,851f1d4bfffffff,2017-03-20 22:00:00,0.0,340.0,40.0,332.0,712.0
767,851f1d4bfffffff_2017-03-20 23:00:00,851f1d4bfffffff,2017-03-20 23:00:00,0.0,395.0,38.0,344.0,777.0
768,851f1d4ffffffff_2017-03-13 00:00:00,851f1d4ffffffff,2017-03-13 00:00:00,0.0,243.0,31.0,425.0,699.0
769,851f1d4ffffffff_2017-03-13 01:00:00,851f1d4ffffffff,2017-03-13 01:00:00,0.0,258.0,35.0,420.0,713.0
770,851f1d4ffffffff_2017-03-13 02:00:00,851f1d4ffffffff,2017-03-13 02:00:00,0.0,260.0,38.0,428.0,726.0
771,851f1d4ffffffff_2017-03-13 03:00:00,851f1d4ffffffff,2017-03-13 03:00:00,0.0,268.0,38.0,423.0,729.0
772,851f1d4ffffffff_2017-03-13 04:00:00,851f1d4ffffffff,2017-03-13 04:00:00,0.0,261.0,41.0,420.0,722.0
773,851f1d4ffffffff_2017-03-13 05:00:00,851f1d4ffffffff,2017-03-13 05:00:00,0.0,250.0,43.0,413.0,706.0
774,851f1d4ffffffff_2017-03-13 06:00:00,851f1d4ffffffff,2017-03-13 06:00:00,0.0,222.0,45.0,389.0,656.0
775,851f1d4ffffffff_2017-03-13 07:00:00,851f1d4ffffffff,2017-03-13 07:00:00,0.0,173.0,34.0,307.0,514.0
776,851f1d4ffffffff_2017-03-13 08:00:00,851f1d4ffffffff,2017-03-13 08:00:00,0.0,130.0,23.0,241.0,394.0
777,851f1d4ffffffff_2017-03-13 09:00:00,851f1d4ffffffff,2017-03-13 09:00:00,0.0,139.0,19.0,239.0,397.0
778,851f1d4ffffffff_2017-03-13 10:00:00,851f1d4ffffffff,2017-03-13 10:00:00,0.0,134.0,30.0,241.0,405.0
779,851f1d4ffffffff_2017-03-13 11:00:00,851f1d4ffffffff,2017-03-13 11:00:00,0.0,133.0,23.0,236.0,392.0
780,851f1d4ffffffff_2017-03-13 12:00:00,851f1d4ffffffff,2017-03-13 12:00:00,0.0,134.0,17.0,223.0,374.0
781,851f1d4ffffffff_2017-03-13 13:00:00,851f1d4ffffffff,2017-03-13 13:00:00,0.0,128.0,25.0,222.0,375.0
782,851f1d4ffffffff_2017-03-13 14:00:00,851f1d4ffffffff,2017-03-13 14:00:00,0.0,123.0,23.0,228.0,374.0
783,851f1d4ffffffff_2017-03-13 15:00:00,851f1d4ffffffff,2017-03-13 15:00:00,0.0,111.0,27.0,230.0,368.0
784,851f1d4ffffffff_2017-03-13 16:00:00,851f1d4ffffffff,2017-03-13 16:00:00,0.0,109.0,27.0,235.0,371.0
785,851f1d4ffffffff_2017-03-13 17:00:00,851f1d4ffffffff,2017-03-13 17:00:00,0.0,92.0,28.0,244.0,364.0
786,851f1d4ffffffff_2017-03-13 18:00:00,851f1d4ffffffff,2017-03-13 18:00:00,0.0,113.0,27.0,269.0,409.0
787,851f1d4ffffffff_2017-03-13 19:00:00,851f1d4ffffffff,2017-03-13 19:00:00,0.0,149.0,32.0,292.0,473.0
788,851f1d4ffffffff_2017-03-13 20:00:00,851f1d4ffffffff,2017-03-13 20:00:00,0.0,185.0,0.0,0.0,185.0
789,851f1d4ffffffff_2017-03-13 21:00:00,851f1d4ffffffff,2017-03-13 21:00:00,0.0,193.0,0.0,0.0,193.0
790,851f1d4ffffffff_2017-03-13 22:00:00,851f1d4ffffffff,2017-03-13 22:00:00,0.0,210.0,31.0,290.0,531.0
791,851f1d4ffffffff_2017-03-13 23:00:00,851f1d4ffffffff,2017-03-13 23:00:00,0.0,226.0,39.0,343.0,608.0
792,851f1d4ffffffff_2017-03-14 00:00:00,851f1d4ffffffff,2017-03-14 00:00:00,0.0,252.0,45.0,375.0,672.0
793,851f1d4ffffffff_2017-03-14 01:00:00,851f1d4ffffffff,2017-03-14 01:00:00,0.0,261.0,47.0,390.0,698.0
794,851f1d4ffffffff_2017-03-14 02:00:00,851f1d4ffffffff,2017-03-14 02:00:00,0.0,257.0,46.0,391.0,694.0
795,851f1d4ffffffff_2017-03-14 03:00:00,851f1d4ffffffff,2017-03-14 03:00:00,0.0,257.0,45.0,398.0,700.0
796,851f1d4ffffffff_2017-03-14 04:00:00,851f1d4ffffffff,2017-03-14 04:00:00,0.0,255.0,43.0,392.0,690.0
797,851f1d4ffffffff_2017-03-14 05:00:00,851f1d4ffffffff,2017-03-14 05:00:00,0.0,239.0,43.0,383.0,665.0
798,851f1d4ffffffff_2017-03-14 06:00:00,851f1d4ffffffff,2017-03-14 06:00:00,0.0,217.0,40.0,334.0,591.0
799,851f1d4ffffffff_2017-03-14 07:00:00,851f1d4ffffffff,2017-03-14 07:00:00,0.0,170.0,32.0,289.0,491.0
800,851f1d4ffffffff_2017-03-14 08:00:00,851f1d4ffffffff,2017-03-14 08:00:00,0.0,150.0,26.0,221.0,397.0
801,851f1d4ffffffff_2017-03-14 09:00:00,851f1d4ffffffff,2017-03-14 09:00:00,0.0,152.0,23.0,210.0,385.0
802,851f1d4ffffffff_2017-03-14 10:00:00,851f1d4ffffffff,2017-03-14 10:00:00,0.0,136.0,24.0,209.0,369.0
803,851f1d4ffffffff_2017-03-14 11:00:00,851f1d4ffffffff,2017-03-14 11:00:00,0.0,121.0,23.0,204.0,348.0
804,851f1d4ffffffff_2017-03-14 12:00:00,851f1d4ffffffff,2017-03-14 12:00:00,0.0,126.0,24.0,209.0,359.0
805,851f1d4ffffffff_2017-03-14 13:00:00,851f1d4ffffffff,2017-03-14 13:00:00,0.0,130.0,24.0,207.0,361.0
806,851f1d4ffffffff_2017-03-14 14:00:00,851f1d4ffffffff,2017-03-14 14:00:00,0.0,139.0,22.0,198.0,359.0
807,851f1d4ffffffff_2017-03-14 15:00:00,851f1d4ffffffff,2017-03-14 15:00:00,0.0,124.0,20.0,185.0,329.0
808,851f1d4ffffffff_2017-03-14 16:00:00,851f1d4ffffffff,2017-03-14 16:00:00,0.0,119.0,21.0,190.0,330.0
809,851f1d4ffffffff_2017-03-14 17:00:00,851f1d4ffffffff,2017-03-14 17:00:00,0.0,121.0,24.0,203.0,348.0
810,851f1d4ffffffff_2017-03-14 18:00:00,851f1d4ffffffff,2017-03-14 18:00:00,0.0,119.0,19.0,209.0,347.0
811,851f1d4ffffffff_2017-03-14 19:00:00,851f1d4ffffffff,2017-03-14 19:00:00,0.0,146.0,27.0,238.0,411.0
812,851f1d4ffffffff_2017-03-14 20:00:00,851f1d4ffffffff,2017-03-14 20:00:00,0.0,193.0,30.0,288.0,511.0
813,851f1d4ffffffff_2017-03-14 21:00:00,851f1d4ffffffff,2017-03-14 21:00:00,0.0,177.0,27.0,292.0,496.0
814,851f1d4ffffffff_2017-03-14 22:00:00,851f1d4ffffffff,2017-03-14 22:00:00,0.0,215.0,32.0,326.0,573.0
815,851f1d4ffffffff_2017-03-14 23:00:00,851f1d4ffffffff,2017-03-14 23:00:00,0.0,247.0,34.0,357.0,638.0
816,851f1d4ffffffff_2017-03-15 00:00:00,851f1d4ffffffff,2017-03-15 00:00:00,0.0,249.0,37.0,377.0,663.0
817,851f1d4ffffffff_2017-03-15 01:00:00,851f1d4ffffffff,2017-03-15 01:00:00,0.0,250.0,34.0,391.0,675.0
818,851f1d4ffffffff_2017-03-15 02:00:00,851f1d4ffffffff,2017-03-15 02:00:00,0.0,246.0,37.0,402.0,685.0
819,851f1d4ffffffff_2017-03-15 03:00:00,851f1d4ffffffff,2017-03-15 03:00:00,0.0,253.0,37.0,396.0,686.0
820,851f1d4ffffffff_2017-03-15 04:00:00,851f1d4ffffffff,2017-03-15 04:00:00,0.0,251.0,38.0,390.0,679.0
821,851f1d4ffffffff_2017-03-15 05:00:00,851f1d4ffffffff,2017-03-15 05:00:00,0.0,239.0,38.0,381.0,658.0
822,851f1d4ffffffff_2017-03-15 06:00:00,851f1d4ffffffff,2017-03-15 06:00:00,0.0,219.0,36.0,354.0,609.0
823,851f1d4ffffffff_2017-03-15 07:00:00,851f1d4ffffffff,2017-03-15 07:00:00,0.0,174.0,36.0,284.0,494.0
824,851f1d4ffffffff_2017-03-15 08:00:00,851f1d4ffffffff,2017-03-15 08:00:00,0.0,144.0,30.0,207.0,381.0
825,851f1d4ffffffff_2017-03-15 09:00:00,851f1d4ffffffff,2017-03-15 09:00:00,0.0,139.0,24.0,192.0,355.0
826,851f1d4ffffffff_2017-03-15 10:00:00,851f1d4ffffffff,2017-03-15 10:00:00,0.0,131.0,22.0,211.0,364.0
827,851f1d4ffffffff_2017-03-15 11:00:00,851f1d4ffffffff,2017-03-15 11:00:00,0.0,132.0,23.0,199.0,354.0
828,851f1d4ffffffff_2017-03-15 12:00:00,851f1d4ffffffff,2017-03-15 12:00:00,0.0,138.0,27.0,186.0,351.0
829,851f1d4ffffffff_2017-03-15 13:00:00,851f1d4ffffffff,2017-03-15 13:00:00,0.0,132.0,22.0,186.0,340.0
830,851f1d4ffffffff_2017-03-15 14:00:00,851f1d4ffffffff,2017-03-15 14:00:00,0.0,123.0,25.0,189.0,337.0
831,851f1d4ffffffff_2017-03-15 15:00:00,851f1d4ffffffff,2017-03-15 15:00:00,0.0,114.0,25.0,191.0,330.0
832,851f1d4ffffffff_2017-03-15 16:00:00,851f1d4ffffffff,2017-03-15 16:00:00,0.0,126.0,24.0,200.0,350.0
833,851f1d4ffffffff_2017-03-15 17:00:00,851f1d4ffffffff,2017-03-15 17:00:00,0.0,125.0,22.0,216.0,363.0
834,851f1d4ffffffff_2017-03-15 18:00:00,851f1d4ffffffff,2017-03-15 18:00:00,0.0,106.0,26.0,224.0,356.0
835,851f1d4ffffffff_2017-03-15 19:00:00,851f1d4ffffffff,2017-03-15 19:00:00,0.0,152.0,29.0,253.0,434.0
836,851f1d4ffffffff_2017-03-15 20:00:00,851f1d4ffffffff,2017-03-15 20:00:00,0.0,170.0,28.0,301.0,499.0
837,851f1d4ffffffff_2017-03-15 21:00:00,851f1d4ffffffff,2017-03-15 21:00:00,0.0,183.0,29.0,335.0,547.0
838,851f1d4ffffffff_2017-03-15 22:00:00,851f1d4ffffffff,2017-03-15 22:00:00,0.0,179.0,29.0,351.0,559.0
839,851f1d4ffffffff_2017-03-15 23:00:00,851f1d4ffffffff,2017-03-15 23:00:00,0.0,202.0,31.0,369.0,602.0
840,851f1d4ffffffff_2017-03-16 00:00:00,851f1d4ffffffff,2017-03-16 00:00:00,0.0,231.0,34.0,393.0,658.0
841,851f1d4ffffffff_2017-03-16 01:00:00,851f1d4ffffffff,2017-03-16 01:00:00,0.0,243.0,37.0,410.0,690.0
842,851f1d4ffffffff_2017-03-16 02:00:00,851f1d4ffffffff,2017-03-16 02:00:00,0.0,248.0,38.0,419.0,705.0
843,851f1d4ffffffff_2017-03-16 03:00:00,851f1d4ffffffff,2017-03-16 03:00:00,0.0,250.0,39.0,415.0,704.0
844,851f1d4ffffffff_2017-03-16 04:00:00,851f1d4ffffffff,2017-03-16 04:00:00,0.0,250.0,40.0,411.0,701.0
845,851f1d4ffffffff_2017-03-16 05:00:00,851f1d4ffffffff,2017-03-16 05:00:00,0.0,230.0,38.0,403.0,671.0
846,851f1d4ffffffff_2017-03-16 06:00:00,851f1d4ffffffff,2017-03-16 06:00:00,0.0,211.0,31.0,357.0,599.0
847,851f1d4ffffffff_2017-03-16 07:00:00,851f1d4ffffffff,2017-03-16 07:00:00,0.0,165.0,30.0,281.0,476.0
848,851f1d4ffffffff_2017-03-16 08:00:00,851f1d4ffffffff,2017-03-16 08:00:00,0.0,123.0,32.0,206.0,361.0
849,851f1d4ffffffff_2017-03-16 09:00:00,851f1d4ffffffff,2017-03-16 09:00:00,0.0,122.0,26.0,195.0,343.0
850,851f1d4ffffffff_2017-03-16 10:00:00,851f1d4ffffffff,2017-03-16 10:00:00,0.0,137.0,22.0,194.0,353.0
851,851f1d4ffffffff_2017-03-16 11:00:00,851f1d4ffffffff,2017-03-16 11:00:00,0.0,124.0,26.0,192.0,342.0
852,851f1d4ffffffff_2017-03-16 12:00:00,851f1d4ffffffff,2017-03-16 12:00:00,0.0,103.0,29.0,175.0,307.0
853,851f1d4ffffffff_2017-03-16 13:00:00,851f1d4ffffffff,2017-03-16 13:00:00,0.0,115.0,27.0,180.0,322.0
854,851f1d4ffffffff_2017-03-16 14:00:00,851f1d4ffffffff,2017-03-16 14:00:00,0.0,114.0,27.0,180.0,321.0
855,851f1d4ffffffff_2017-03-16 15:00:00,851f1d4ffffffff,2017-03-16 15:00:00,0.0,101.0,25.0,176.0,302.0
856,851f1d4ffffffff_2017-03-16 16:00:00,851f1d4ffffffff,2017-03-16 16:00:00,0.0,110.0,29.0,188.0,327.0
857,851f1d4ffffffff_2017-03-16 17:00:00,851f1d4ffffffff,2017-03-16 17:00:00,0.0,122.0,28.0,187.0,337.0
858,851f1d4ffffffff_2017-03-16 18:00:00,851f1d4ffffffff,2017-03-16 18:00:00,0.0,101.0,24.0,199.0,324.0
859,851f1d4ffffffff_2017-03-16 19:00:00,851f1d4ffffffff,2017-03-16 19:00:00,0.0,126.0,23.0,258.0,407.0
860,851f1d4ffffffff_2017-03-16 20:00:00,851f1d4ffffffff,2017-03-16 20:00:00,0.0,144.0,26.0,296.0,466.0
861,851f1d4ffffffff_2017-03-16 21:00:00,851f1d4ffffffff,2017-03-16 21:00:00,0.0,170.0,26.0,308.0,504.0
862,851f1d4ffffffff_2017-03-16 22:00:00,851f1d4ffffffff,2017-03-16 22:00:00,0.0,206.0,26.0,344.0,576.0
863,851f1d4ffffffff_2017-03-16 23:00:00,851f1d4ffffffff,2017-03-16 23:00:00,0.0,236.0,30.0,368.0,634.0
864,851f1d4ffffffff_2017-03-17 00:00:00,851f1d4ffffffff,2017-03-17 00:00:00,0.0,251.0,27.0,389.0,667.0
865,851f1d4ffffffff_2017-03-17 01:00:00,851f1d4ffffffff,2017-03-17 01:00:00,0.0,259.0,29.0,408.0,696.0
866,851f1d4ffffffff_2017-03-17 02:00:00,851f1d4ffffffff,2017-03-17 02:00:00,0.0,262.0,28.0,411.0,701.0
867,851f1d4ffffffff_2017-03-17 03:00:00,851f1d4ffffffff,2017-03-17 03:00:00,0.0,252.0,29.0,404.0,685.0
868,851f1d4ffffffff_2017-03-17 04:00:00,851f1d4ffffffff,2017-03-17 04:00:00,0.0,234.0,31.0,406.0,671.0
869,851f1d4ffffffff_2017-03-17 05:00:00,851f1d4ffffffff,2017-03-17 05:00:00,0.0,212.0,32.0,382.0,626.0
870,851f1d4ffffffff_2017-03-17 06:00:00,851f1d4ffffffff,2017-03-17 06:00:00,0.0,190.0,29.0,353.0,572.0
871,851f1d4ffffffff_2017-03-17 07:00:00,851f1d4ffffffff,2017-03-17 07:00:00,0.0,147.0,22.0,276.0,445.0
872,851f1d4ffffffff_2017-03-17 08:00:00,851f1d4ffffffff,2017-03-17 08:00:00,0.0,111.0,15.0,205.0,331.0
873,851f1d4ffffffff_2017-03-17 09:00:00,851f1d4ffffffff,2017-03-17 09:00:00,0.0,107.0,18.0,182.0,307.0
874,851f1d4ffffffff_2017-03-17 10:00:00,851f1d4ffffffff,2017-03-17 10:00:00,0.0,114.0,14.0,187.0,315.0
875,851f1d4ffffffff_2017-03-17 11:00:00,851f1d4ffffffff,2017-03-17 11:00:00,0.0,114.0,17.0,169.0,300.0
876,851f1d4ffffffff_2017-03-17 12:00:00,851f1d4ffffffff,2017-03-17 12:00:00,0.0,113.0,13.0,150.0,276.0
877,851f1d4ffffffff_2017-03-17 13:00:00,851f1d4ffffffff,2017-03-17 13:00:00,0.0,114.0,13.0,158.0,285.0
878,851f1d4ffffffff_2017-03-17 14:00:00,851f1d4ffffffff,2017-03-17 14:00:00,0.0,112.0,11.0,151.0,274.0
879,851f1d4ffffffff_2017-03-17 15:00:00,851f1d4ffffffff,2017-03-17 15:00:00,0.0,121.0,13.0,161.0,295.0
880,851f1d4ffffffff_2017-03-17 16:00:00,851f1d4ffffffff,2017-03-17 16:00:00,0.0,129.0,20.0,174.0,323.0
881,851f1d4ffffffff_2017-03-17 17:00:00,851f1d4ffffffff,2017-03-17 17:00:00,0.0,105.0,14.0,159.0,278.0
882,851f1d4ffffffff_2017-03-17 18:00:00,851f1d4ffffffff,2017-03-17 18:00:00,0.0,106.0,13.0,131.0,250.0
883,851f1d4ffffffff_2017-03-17 19:00:00,851f1d4ffffffff,2017-03-17 19:00:00,0.0,112.0,13.0,161.0,286.0
884,851f1d4ffffffff_2017-03-17 20:00:00,851f1d4ffffffff,2017-03-17 20:00:00,0.0,136.0,16.0,181.0,333.0
885,851f1d4ffffffff_2017-03-17 21:00:00,851f1d4ffffffff,2017-03-17 21:00:00,0.0,153.0,18.0,238.0,409.0
886,851f1d4ffffffff_2017-03-17 22:00:00,851f1d4ffffffff,2017-03-17 22:00:00,0.0,192.0,21.0,273.0,486.0
887,851f1d4ffffffff_2017-03-17 23:00:00,851f1d4ffffffff,2017-03-17 23:00:00,0.0,215.0,23.0,332.0,570.0
888,851f1d4ffffffff_2017-03-18 00:00:00,851f1d4ffffffff,2017-03-18 00:00:00,0.0,224.0,19.0,361.0,604.0
889,851f1d4ffffffff_2017-03-18 01:00:00,851f1d4ffffffff,2017-03-18 01:00:00,0.0,262.0,20.0,390.0,672.0
890,851f1d4ffffffff_2017-03-18 02:00:00,851f1d4ffffffff,2017-03-18 02:00:00,0.0,256.0,22.0,389.0,667.0
891,851f1d4ffffffff_2017-03-18 03:00:00,851f1d4ffffffff,2017-03-18 03:00:00,0.0,252.0,22.0,375.0,649.0
892,851f1d4ffffffff_2017-03-18 04:00:00,851f1d4ffffffff,2017-03-18 04:00:00,0.0,261.0,22.0,371.0,654.0
893,851f1d4ffffffff_2017-03-18 05:00:00,851f1d4ffffffff,2017-03-18 05:00:00,0.0,247.0,20.0,365.0,632.0
894,851f1d4ffffffff_2017-03-18 06:00:00,851f1d4ffffffff,2017-03-18 06:00:00,0.0,243.0,21.0,352.0,616.0
895,851f1d4ffffffff_2017-03-18 07:00:00,851f1d4ffffffff,2017-03-18 07:00:00,0.0,222.0,19.0,316.0,557.0
896,851f1d4ffffffff_2017-03-18 08:00:00,851f1d4ffffffff,2017-03-18 08:00:00,0.0,186.0,20.0,259.0,465.0
897,851f1d4ffffffff_2017-03-18 09:00:00,851f1d4ffffffff,2017-03-18 09:00:00,0.0,157.0,14.0,214.0,385.0
898,851f1d4ffffffff_2017-03-18 10:00:00,851f1d4ffffffff,2017-03-18 10:00:00,0.0,117.0,8.0,169.0,294.0
899,851f1d4ffffffff_2017-03-18 11:00:00,851f1d4ffffffff,2017-03-18 11:00:00,0.0,102.0,13.0,152.0,267.0
900,851f1d4ffffffff_2017-03-18 12:00:00,851f1d4ffffffff,2017-03-18 12:00:00,0.0,88.0,7.0,114.0,209.0
901,851f1d4ffffffff_2017-03-18 13:00:00,851f1d4ffffffff,2017-03-18 13:00:00,0.0,84.0,8.0,97.0,189.0
902,851f1d4ffffffff_2017-03-18 14:00:00,851f1d4ffffffff,2017-03-18 14:00:00,0.0,71.0,12.0,107.0,190.0
903,851f1d4ffffffff_2017-03-18 15:00:00,851f1d4ffffffff,2017-03-18 15:00:00,0.0,74.0,7.0,107.0,188.0
904,851f1d4ffffffff_2017-03-18 16:00:00,851f1d4ffffffff,2017-03-18 16:00:00,0.0,94.0,14.0,144.0,252.0
905,851f1d4ffffffff_2017-03-18 17:00:00,851f1d4ffffffff,2017-03-18 17:00:00,0.0,113.0,11.0,126.0,250.0
906,851f1d4ffffffff_2017-03-18 18:00:00,851f1d4ffffffff,2017-03-18 18:00:00,0.0,106.0,15.0,135.0,256.0
907,851f1d4ffffffff_2017-03-18 19:00:00,851f1d4ffffffff,2017-03-18 19:00:00,0.0,118.0,8.0,150.0,276.0
908,851f1d4ffffffff_2017-03-18 20:00:00,851f1d4ffffffff,2017-03-18 20:00:00,0.0,148.0,14.0,182.0,344.0
909,851f1d4ffffffff_2017-03-18 21:00:00,851f1d4ffffffff,2017-03-18 21:00:00,0.0,211.0,16.0,218.0,445.0
910,851f1d4ffffffff_2017-03-18 22:00:00,851f1d4ffffffff,2017-03-18 22:00:00,0.0,206.0,14.0,262.0,482.0
911,851f1d4ffffffff_2017-03-18 23:00:00,851f1d4ffffffff,2017-03-18 23:00:00,0.0,223.0,20.0,280.0,523.0
912,851f1d4ffffffff_2017-03-19 00:00:00,851f1d4ffffffff,2017-03-19 00:00:00,0.0,232.0,20.0,328.0,580.0
913,851f1d4ffffffff_2017-03-19 01:00:00,851f1d4ffffffff,2017-03-19 01:00:00,0.0,258.0,23.0,367.0,648.0
914,851f1d4ffffffff_2017-03-19 02:00:00,851f1d4ffffffff,2017-03-19 02:00:00,0.0,266.0,19.0,380.0,665.0
915,851f1d4ffffffff_2017-03-19 03:00:00,851f1d4ffffffff,2017-03-19 03:00:00,0.0,275.0,23.0,390.0,688.0
916,851f1d4ffffffff_2017-03-19 04:00:00,851f1d4ffffffff,2017-03-19 04:00:00,0.0,272.0,25.0,377.0,674.0
917,851f1d4ffffffff_2017-03-19 05:00:00,851f1d4ffffffff,2017-03-19 05:00:00,0.0,258.0,28.0,377.0,663.0
918,851f1d4ffffffff_2017-03-19 06:00:00,851f1d4ffffffff,2017-03-19 06:00:00,0.0,247.0,29.0,371.0,647.0
919,851f1d4ffffffff_2017-03-19 07:00:00,851f1d4ffffffff,2017-03-19 07:00:00,0.0,234.0,29.0,352.0,615.0
920,851f1d4ffffffff_2017-03-19 08:00:00,851f1d4ffffffff,2017-03-19 08:00:00,0.0,216.0,28.0,339.0,583.0
921,851f1d4ffffffff_2017-03-19 09:00:00,851f1d4ffffffff,2017-03-19 09:00:00,0.0,196.0,29.0,300.0,525.0
922,851f1d4ffffffff_2017-03-19 10:00:00,851f1d4ffffffff,2017-03-19 10:00:00,0.0,176.0,24.0,275.0,475.0
923,851f1d4ffffffff_2017-03-19 11:00:00,851f1d4ffffffff,2017-03-19 11:00:00,0.0,156.0,27.0,261.0,444.0
924,851f1d4ffffffff_2017-03-19 12:00:00,851f1d4ffffffff,2017-03-19 12:00:00,0.0,144.0,22.0,234.0,400.0
925,851f1d4ffffffff_2017-03-19 13:00:00,851f1d4ffffffff,2017-03-19 13:00:00,0.0,143.0,21.0,204.0,368.0
926,851f1d4ffffffff_2017-03-19 14:00:00,851f1d4ffffffff,2017-03-19 14:00:00,0.0,135.0,15.0,185.0,335.0
927,851f1d4ffffffff_2017-03-19 15:00:00,851f1d4ffffffff,2017-03-19 15:00:00,0.0,125.0,15.0,176.0,316.0
928,851f1d4ffffffff_2017-03-19 16:00:00,851f1d4ffffffff,2017-03-19 16:00:00,0.0,141.0,18.0,210.0,369.0
929,851f1d4ffffffff_2017-03-19 17:00:00,851f1d4ffffffff,2017-03-19 17:00:00,0.0,155.0,21.0,224.0,400.0
930,851f1d4ffffffff_2017-03-19 18:00:00,851f1d4ffffffff,2017-03-19 18:00:00,0.0,169.0,20.0,242.0,431.0
931,851f1d4ffffffff_2017-03-19 19:00:00,851f1d4ffffffff,2017-03-19 19:00:00,0.0,168.0,22.0,268.0,458.0
932,851f1d4ffffffff_2017-03-19 20:00:00,851f1d4ffffffff,2017-03-19 20:00:00,0.0,202.0,27.0,319.0,548.0
933,851f1d4ffffffff_2017-03-19 21:00:00,851f1d4ffffffff,2017-03-19 21:00:00,0.0,205.0,26.0,361.0,592.0
934,851f1d4ffffffff_2017-03-19 22:00:00,851f1d4ffffffff,2017-03-19 22:00:00,0.0,221.0,29.0,392.0,642.0
935,851f1d4ffffffff_2017-03-19 23:00:00,851f1d4ffffffff,2017-03-19 23:00:00,0.0,232.0,27.0,396.0,655.0
936,851f1d4ffffffff_2017-03-20 00:00:00,851f1d4ffffffff,2017-03-20 00:00:00,0.0,245.0,27.0,419.0,691.0
937,851f1d4ffffffff_2017-03-20 01:00:00,851f1d4ffffffff,2017-03-20 01:00:00,0.0,253.0,27.0,422.0,702.0
938,851f1d4ffffffff_2017-03-20 02:00:00,851f1d4ffffffff,2017-03-20 02:00:00,0.0,267.0,27.0,428.0,722.0
939,851f1d4ffffffff_2017-03-20 03:00:00,851f1d4ffffffff,2017-03-20 03:00:00,0.0,262.0,24.0,432.0,718.0
940,851f1d4ffffffff_2017-03-20 04:00:00,851f1d4ffffffff,2017-03-20 04:00:00,0.0,249.0,26.0,425.0,700.0
941,851f1d4ffffffff_2017-03-20 05:00:00,851f1d4ffffffff,2017-03-20 05:00:00,0.0,234.0,27.0,405.0,666.0
942,851f1d4ffffffff_2017-03-20 06:00:00,851f1d4ffffffff,2017-03-20 06:00:00,0.0,213.0,27.0,364.0,604.0
943,851f1d4ffffffff_2017-03-20 07:00:00,851f1d4ffffffff,2017-03-20 07:00:00,0.0,149.0,20.0,286.0,455.0
944,851f1d4ffffffff_2017-03-20 08:00:00,851f1d4ffffffff,2017-03-20 08:00:00,0.0,115.0,10.0,230.0,355.0
945,851f1d4ffffffff_2017-03-20 09:00:00,851f1d4ffffffff,2017-03-20 09:00:00,0.0,117.0,10.0,221.0,348.0
946,851f1d4ffffffff_2017-03-20 10:00:00,851f1d4ffffffff,2017-03-20 10:00:00,0.0,139.0,10.0,200.0,349.0
947,851f1d4ffffffff_2017-03-20 11:00:00,851f1d4ffffffff,2017-03-20 11:00:00,0.0,140.0,15.0,200.0,355.0
948,851f1d4ffffffff_2017-03-20 12:00:00,851f1d4ffffffff,2017-03-20 12:00:00,0.0,118.0,15.0,202.0,335.0
949,851f1d4ffffffff_2017-03-20 13:00:00,851f1d4ffffffff,2017-03-20 13:00:00,0.0,123.0,21.0,193.0,337.0
950,851f1d4ffffffff_2017-03-20 14:00:00,851f1d4ffffffff,2017-03-20 14:00:00,0.0,122.0,19.0,199.0,340.0
951,851f1d4ffffffff_2017-03-20 15:00:00,851f1d4ffffffff,2017-03-20 15:00:00,0.0,123.0,21.0,211.0,355.0
952,851f1d4ffffffff_2017-03-20 16:00:00,851f1d4ffffffff,2017-03-20 16:00:00,0.0,135.0,28.0,230.0,393.0
953,851f1d4ffffffff_2017-03-20 17:00:00,851f1d4ffffffff,2017-03-20 17:00:00,0.0,132.0,22.0,225.0,379.0
954,851f1d4ffffffff_2017-03-20 18:00:00,851f1d4ffffffff,2017-03-20 18:00:00,0.0,144.0,28.0,220.0,392.0
955,851f1d4ffffffff_2017-03-20 19:00:00,851f1d4ffffffff,2017-03-20 19:00:00,0.0,174.0,23.0,249.0,446.0
956,851f1d4ffffffff_2017-03-20 20:00:00,851f1d4ffffffff,2017-03-20 20:00:00,0.0,202.0,21.0,312.0,535.0
957,851f1d4ffffffff_2017-03-20 21:00:00,851f1d4ffffffff,2017-03-20 21:00:00,0.0,218.0,22.0,325.0,565.0
958,851f1d4ffffffff_2017-03-20 22:00:00,851f1d4ffffffff,2017-03-20 22:00:00,0.0,228.0,29.0,348.0,605.0
959,851f1d4ffffffff_2017-03-20 23:00:00,851f1d4ffffffff,2017-03-20 23:00:00,0.0,243.0,34.0,393.0,670.0
