,key_6hex_6h,y_hat,y_true,y_hat_adjust,hex_id_6hex,timestamp
0,861f18847ffffff_2017-03-13 00:00:00,0.6726708167756994,0,1,861f18847ffffff,2017-03-13 00:00:00
1,861f18847ffffff_2017-03-13 06:00:00,4.292515766593587,8,4,861f18847ffffff,2017-03-13 06:00:00
2,861f18847ffffff_2017-03-13 12:00:00,-0.1207187148655644,0,0,861f18847ffffff,2017-03-13 12:00:00
3,861f18847ffffff_2017-03-13 18:00:00,0.025724361205944568,0,0,861f18847ffffff,2017-03-13 18:00:00
4,861f18847ffffff_2017-03-14 00:00:00,-0.2885383792515219,1,0,861f18847ffffff,2017-03-14 00:00:00
5,861f18847ffffff_2017-03-14 06:00:00,6.973133143943954,9,7,861f18847ffffff,2017-03-14 06:00:00
6,861f18847ffffff_2017-03-14 12:00:00,0.08401261650348157,1,0,861f18847ffffff,2017-03-14 12:00:00
7,861f18847ffffff_2017-03-14 18:00:00,-0.8004251685472077,1,0,861f18847ffffff,2017-03-14 18:00:00
8,861f18847ffffff_2017-03-15 00:00:00,0.32312696942496366,1,0,861f18847ffffff,2017-03-15 00:00:00
9,861f18847ffffff_2017-03-15 06:00:00,8.856832283299658,11,9,861f18847ffffff,2017-03-15 06:00:00
10,861f18847ffffff_2017-03-15 12:00:00,2.064125432646485,1,2,861f18847ffffff,2017-03-15 12:00:00
11,861f18847ffffff_2017-03-15 18:00:00,0.691365574518054,0,1,861f18847ffffff,2017-03-15 18:00:00
12,861f18847ffffff_2017-03-16 00:00:00,-0.07083234061679344,0,0,861f18847ffffff,2017-03-16 00:00:00
13,861f18847ffffff_2017-03-16 06:00:00,5.769708758144007,10,6,861f18847ffffff,2017-03-16 06:00:00
14,861f18847ffffff_2017-03-16 12:00:00,-0.912649890110439,1,0,861f18847ffffff,2017-03-16 12:00:00
15,861f18847ffffff_2017-03-16 18:00:00,1.036955047636395,1,1,861f18847ffffff,2017-03-16 18:00:00
16,861f18847ffffff_2017-03-17 00:00:00,-0.37940991613901676,0,0,861f18847ffffff,2017-03-17 00:00:00
17,861f18847ffffff_2017-03-17 06:00:00,5.907531586776527,6,6,861f18847ffffff,2017-03-17 06:00:00
18,861f18847ffffff_2017-03-17 12:00:00,0.34445712334808465,2,0,861f18847ffffff,2017-03-17 12:00:00
19,861f18847ffffff_2017-03-17 18:00:00,0.4617313124252349,0,0,861f18847ffffff,2017-03-17 18:00:00
20,861f18847ffffff_2017-03-18 00:00:00,-0.027754497340672923,0,0,861f18847ffffff,2017-03-18 00:00:00
21,861f18847ffffff_2017-03-18 06:00:00,1.7875036565534104,0,2,861f18847ffffff,2017-03-18 06:00:00
22,861f18847ffffff_2017-03-18 12:00:00,1.0961276367971893,1,1,861f18847ffffff,2017-03-18 12:00:00
23,861f18847ffffff_2017-03-18 18:00:00,1.191643371302694,0,1,861f18847ffffff,2017-03-18 18:00:00
24,861f18847ffffff_2017-03-19 00:00:00,0.13337866203146143,0,0,861f18847ffffff,2017-03-19 00:00:00
25,861f18847ffffff_2017-03-19 06:00:00,0.9103256613066357,0,1,861f18847ffffff,2017-03-19 06:00:00
26,861f18847ffffff_2017-03-19 12:00:00,-0.4033581985928312,1,0,861f18847ffffff,2017-03-19 12:00:00
27,861f18847ffffff_2017-03-19 18:00:00,-0.7702209376374423,0,0,861f18847ffffff,2017-03-19 18:00:00
28,861f18847ffffff_2017-03-20 00:00:00,0.5695735675374216,0,1,861f18847ffffff,2017-03-20 00:00:00
29,861f18847ffffff_2017-03-20 06:00:00,6.577193534890309,6,7,861f18847ffffff,2017-03-20 06:00:00
30,861f18847ffffff_2017-03-20 12:00:00,-0.026766329302033487,0,0,861f18847ffffff,2017-03-20 12:00:00
31,861f18847ffffff_2017-03-20 18:00:00,0.6078365410516242,0,1,861f18847ffffff,2017-03-20 18:00:00
32,861f1886fffffff_2017-03-13 00:00:00,0.14209184213028458,0,0,861f1886fffffff,2017-03-13 00:00:00
33,861f1886fffffff_2017-03-13 06:00:00,1.9751606897865346,4,2,861f1886fffffff,2017-03-13 06:00:00
34,861f1886fffffff_2017-03-13 12:00:00,1.6358052210365346,3,2,861f1886fffffff,2017-03-13 12:00:00
35,861f1886fffffff_2017-03-13 18:00:00,0.8760090784584096,1,1,861f1886fffffff,2017-03-13 18:00:00
36,861f1886fffffff_2017-03-14 00:00:00,-0.2570170445884654,0,0,861f1886fffffff,2017-03-14 00:00:00
37,861f1886fffffff_2017-03-14 06:00:00,1.2033101038490346,3,1,861f1886fffffff,2017-03-14 06:00:00
38,861f1886fffffff_2017-03-14 12:00:00,0.10577592416153458,0,0,861f1886fffffff,2017-03-14 12:00:00
39,861f1886fffffff_2017-03-14 18:00:00,0.5092488245521596,1,1,861f1886fffffff,2017-03-14 18:00:00
40,861f1886fffffff_2017-03-15 00:00:00,-0.21001997427596542,0,0,861f1886fffffff,2017-03-15 00:00:00
41,861f1886fffffff_2017-03-15 06:00:00,1.4104634241615346,6,1,861f1886fffffff,2017-03-15 06:00:00
42,861f1886fffffff_2017-03-15 12:00:00,0.9055806116615346,2,1,861f1886fffffff,2017-03-15 12:00:00
43,861f1886fffffff_2017-03-15 18:00:00,1.0050984339271596,2,1,861f1886fffffff,2017-03-15 18:00:00
44,861f1886fffffff_2017-03-16 00:00:00,0.2512227015052846,0,0,861f1886fffffff,2017-03-16 00:00:00
45,861f1886fffffff_2017-03-16 06:00:00,1.8718892054115346,2,2,861f1886fffffff,2017-03-16 06:00:00
46,861f1886fffffff_2017-03-16 12:00:00,1.0842915491615346,0,1,861f1886fffffff,2017-03-16 12:00:00
47,861f1886fffffff_2017-03-16 18:00:00,0.4903279261146596,1,0,861f1886fffffff,2017-03-16 18:00:00
48,861f1886fffffff_2017-03-17 00:00:00,0.21447953744278458,0,0,861f1886fffffff,2017-03-17 00:00:00
49,861f1886fffffff_2017-03-17 06:00:00,1.3309956507240346,4,1,861f1886fffffff,2017-03-17 06:00:00
50,861f1886fffffff_2017-03-17 12:00:00,1.3352681116615346,0,1,861f1886fffffff,2017-03-17 12:00:00
51,861f1886fffffff_2017-03-17 18:00:00,1.0506306604896596,1,1,861f1886fffffff,2017-03-17 18:00:00
52,861f1886fffffff_2017-03-18 00:00:00,0.13684281869278458,0,0,861f1886fffffff,2017-03-18 00:00:00
53,861f1886fffffff_2017-03-18 06:00:00,1.1522847132240346,1,1,861f1886fffffff,2017-03-18 06:00:00
54,861f1886fffffff_2017-03-18 12:00:00,1.3456440882240346,2,1,861f1886fffffff,2017-03-18 12:00:00
55,861f1886fffffff_2017-03-18 18:00:00,0.6043721155677846,1,1,861f1886fffffff,2017-03-18 18:00:00
56,861f1886fffffff_2017-03-19 00:00:00,-0.054502396150965415,0,0,861f1886fffffff,2017-03-19 00:00:00
57,861f1886fffffff_2017-03-19 06:00:00,2.0072651819740344,0,2,861f1886fffffff,2017-03-19 06:00:00
58,861f1886fffffff_2017-03-19 12:00:00,1.5940571741615346,3,2,861f1886fffffff,2017-03-19 12:00:00
59,861f1886fffffff_2017-03-19 18:00:00,1.0229512171302846,0,1,861f1886fffffff,2017-03-19 18:00:00
60,861f1886fffffff_2017-03-20 00:00:00,-0.07946577505721542,0,0,861f1886fffffff,2017-03-20 00:00:00
61,861f1886fffffff_2017-03-20 06:00:00,1.6284810022865346,2,2,861f1886fffffff,2017-03-20 06:00:00
62,861f1886fffffff_2017-03-20 12:00:00,1.7500630335365346,2,2,861f1886fffffff,2017-03-20 12:00:00
63,861f1886fffffff_2017-03-20 18:00:00,0.9704915003334096,1,1,861f1886fffffff,2017-03-20 18:00:00
64,861f18b07ffffff_2017-03-13 00:00:00,2.665167935931735,2,3,861f18b07ffffff,2017-03-13 00:00:00
65,861f18b07ffffff_2017-03-13 06:00:00,6.655954082321181,4,7,861f18b07ffffff,2017-03-13 06:00:00
66,861f18b07ffffff_2017-03-13 12:00:00,11.827072299091519,11,12,861f18b07ffffff,2017-03-13 12:00:00
67,861f18b07ffffff_2017-03-13 18:00:00,10.667315824487408,11,11,861f18b07ffffff,2017-03-13 18:00:00
68,861f18b07ffffff_2017-03-14 00:00:00,3.7464474771841876,4,4,861f18b07ffffff,2017-03-14 00:00:00
69,861f18b07ffffff_2017-03-14 06:00:00,7.04005831843978,7,7,861f18b07ffffff,2017-03-14 06:00:00
70,861f18b07ffffff_2017-03-14 12:00:00,9.850546391334914,17,10,861f18b07ffffff,2017-03-14 12:00:00
71,861f18b07ffffff_2017-03-14 18:00:00,9.451827264934646,8,9,861f18b07ffffff,2017-03-14 18:00:00
72,861f18b07ffffff_2017-03-15 00:00:00,4.488696181631946,3,4,861f18b07ffffff,2017-03-15 00:00:00
73,861f18b07ffffff_2017-03-15 06:00:00,6.8435140119611475,11,7,861f18b07ffffff,2017-03-15 06:00:00
74,861f18b07ffffff_2017-03-15 12:00:00,12.292993756920339,16,12,861f18b07ffffff,2017-03-15 12:00:00
75,861f18b07ffffff_2017-03-15 18:00:00,11.078519580423926,9,11,861f18b07ffffff,2017-03-15 18:00:00
76,861f18b07ffffff_2017-03-16 00:00:00,4.0112314905058035,4,4,861f18b07ffffff,2017-03-16 00:00:00
77,861f18b07ffffff_2017-03-16 06:00:00,7.71184839695815,4,8,861f18b07ffffff,2017-03-16 06:00:00
78,861f18b07ffffff_2017-03-16 12:00:00,13.990553281341978,8,14,861f18b07ffffff,2017-03-16 12:00:00
79,861f18b07ffffff_2017-03-16 18:00:00,10.263501786696752,10,10,861f18b07ffffff,2017-03-16 18:00:00
80,861f18b07ffffff_2017-03-17 00:00:00,4.783277136659376,4,5,861f18b07ffffff,2017-03-17 00:00:00
81,861f18b07ffffff_2017-03-17 06:00:00,10.34033359034942,13,10,861f18b07ffffff,2017-03-17 06:00:00
82,861f18b07ffffff_2017-03-17 12:00:00,15.473548494820434,16,15,861f18b07ffffff,2017-03-17 12:00:00
83,861f18b07ffffff_2017-03-17 18:00:00,11.458562316362991,19,11,861f18b07ffffff,2017-03-17 18:00:00
84,861f18b07ffffff_2017-03-18 00:00:00,2.164600806476706,5,2,861f18b07ffffff,2017-03-18 00:00:00
85,861f18b07ffffff_2017-03-18 06:00:00,5.029401955809133,9,5,861f18b07ffffff,2017-03-18 06:00:00
86,861f18b07ffffff_2017-03-18 12:00:00,9.393107347008787,15,9,861f18b07ffffff,2017-03-18 12:00:00
87,861f18b07ffffff_2017-03-18 18:00:00,7.827075381147458,13,8,861f18b07ffffff,2017-03-18 18:00:00
88,861f18b07ffffff_2017-03-19 00:00:00,0.8604563766322286,5,1,861f18b07ffffff,2017-03-19 00:00:00
89,861f18b07ffffff_2017-03-19 06:00:00,7.953183010072194,7,8,861f18b07ffffff,2017-03-19 06:00:00
90,861f18b07ffffff_2017-03-19 12:00:00,9.6770077814339,15,10,861f18b07ffffff,2017-03-19 12:00:00
91,861f18b07ffffff_2017-03-19 18:00:00,8.230346180950344,10,8,861f18b07ffffff,2017-03-19 18:00:00
92,861f18b07ffffff_2017-03-20 00:00:00,3.290690791517526,4,3,861f18b07ffffff,2017-03-20 00:00:00
93,861f18b07ffffff_2017-03-20 06:00:00,7.575851027577081,5,8,861f18b07ffffff,2017-03-20 06:00:00
94,861f18b07ffffff_2017-03-20 12:00:00,12.382077042796837,6,12,861f18b07ffffff,2017-03-20 12:00:00
95,861f18b07ffffff_2017-03-20 18:00:00,11.281363928131068,13,11,861f18b07ffffff,2017-03-20 18:00:00
96,861f18b0fffffff_2017-03-13 00:00:00,18.137077189160014,2,18,861f18b0fffffff,2017-03-13 00:00:00
97,861f18b0fffffff_2017-03-13 06:00:00,34.07604973554888,11,34,861f18b0fffffff,2017-03-13 06:00:00
98,861f18b0fffffff_2017-03-13 12:00:00,19.93767832759308,8,20,861f18b0fffffff,2017-03-13 12:00:00
99,861f18b0fffffff_2017-03-13 18:00:00,11.577121473132717,3,12,861f18b0fffffff,2017-03-13 18:00:00
100,861f18b0fffffff_2017-03-14 00:00:00,11.004152168835265,4,11,861f18b0fffffff,2017-03-14 00:00:00
101,861f18b0fffffff_2017-03-14 06:00:00,26.916484612312594,16,27,861f18b0fffffff,2017-03-14 06:00:00
102,861f18b0fffffff_2017-03-14 12:00:00,13.676994958146729,10,14,861f18b0fffffff,2017-03-14 12:00:00
103,861f18b0fffffff_2017-03-14 18:00:00,9.198388210808876,3,9,861f18b0fffffff,2017-03-14 18:00:00
104,861f18b0fffffff_2017-03-15 00:00:00,13.96791023864164,14,14,861f18b0fffffff,2017-03-15 00:00:00
105,861f18b0fffffff_2017-03-15 06:00:00,29.184843589318085,31,29,861f18b0fffffff,2017-03-15 06:00:00
106,861f18b0fffffff_2017-03-15 12:00:00,15.719416452952508,18,16,861f18b0fffffff,2017-03-15 12:00:00
107,861f18b0fffffff_2017-03-15 18:00:00,7.545831592495876,12,8,861f18b0fffffff,2017-03-15 18:00:00
108,861f18b0fffffff_2017-03-16 00:00:00,12.58859556441081,20,13,861f18b0fffffff,2017-03-16 00:00:00
109,861f18b0fffffff_2017-03-16 06:00:00,29.99854398564125,32,30,861f18b0fffffff,2017-03-16 06:00:00
110,861f18b0fffffff_2017-03-16 12:00:00,20.229561333497777,21,20,861f18b0fffffff,2017-03-16 12:00:00
111,861f18b0fffffff_2017-03-16 18:00:00,10.767818744538403,15,11,861f18b0fffffff,2017-03-16 18:00:00
112,861f18b0fffffff_2017-03-17 00:00:00,18.444001529955496,30,18,861f18b0fffffff,2017-03-17 00:00:00
113,861f18b0fffffff_2017-03-17 06:00:00,27.403617731981363,26,27,861f18b0fffffff,2017-03-17 06:00:00
114,861f18b0fffffff_2017-03-17 12:00:00,18.293753844849228,21,18,861f18b0fffffff,2017-03-17 12:00:00
115,861f18b0fffffff_2017-03-17 18:00:00,14.724876821247717,13,15,861f18b0fffffff,2017-03-17 18:00:00
116,861f18b0fffffff_2017-03-18 00:00:00,14.008765105443805,23,14,861f18b0fffffff,2017-03-18 00:00:00
117,861f18b0fffffff_2017-03-18 06:00:00,16.123636230529147,18,16,861f18b0fffffff,2017-03-18 06:00:00
118,861f18b0fffffff_2017-03-18 12:00:00,14.419319021069622,9,14,861f18b0fffffff,2017-03-18 12:00:00
119,861f18b0fffffff_2017-03-18 18:00:00,8.218797647856238,4,8,861f18b0fffffff,2017-03-18 18:00:00
120,861f18b0fffffff_2017-03-19 00:00:00,5.090981872839926,13,5,861f18b0fffffff,2017-03-19 00:00:00
121,861f18b0fffffff_2017-03-19 06:00:00,13.238563064739258,8,13,861f18b0fffffff,2017-03-19 06:00:00
122,861f18b0fffffff_2017-03-19 12:00:00,7.5317283937670565,8,8,861f18b0fffffff,2017-03-19 12:00:00
123,861f18b0fffffff_2017-03-19 18:00:00,-0.5793896253269519,2,0,861f18b0fffffff,2017-03-19 18:00:00
124,861f18b0fffffff_2017-03-20 00:00:00,10.544898660279841,14,11,861f18b0fffffff,2017-03-20 00:00:00
125,861f18b0fffffff_2017-03-20 06:00:00,21.798310783360712,21,22,861f18b0fffffff,2017-03-20 06:00:00
126,861f18b0fffffff_2017-03-20 12:00:00,17.08039893084178,11,17,861f18b0fffffff,2017-03-20 12:00:00
127,861f18b0fffffff_2017-03-20 18:00:00,14.88736171828044,9,15,861f18b0fffffff,2017-03-20 18:00:00
128,861f18b27ffffff_2017-03-13 00:00:00,49.413825801670555,49,49,861f18b27ffffff,2017-03-13 00:00:00
129,861f18b27ffffff_2017-03-13 06:00:00,172.57591696489584,197,173,861f18b27ffffff,2017-03-13 06:00:00
130,861f18b27ffffff_2017-03-13 12:00:00,311.42162642101016,326,311,861f18b27ffffff,2017-03-13 12:00:00
131,861f18b27ffffff_2017-03-13 18:00:00,322.5600821339809,339,323,861f18b27ffffff,2017-03-13 18:00:00
132,861f18b27ffffff_2017-03-14 00:00:00,43.916760653467975,63,44,861f18b27ffffff,2017-03-14 00:00:00
133,861f18b27ffffff_2017-03-14 06:00:00,192.40187182497445,200,192,861f18b27ffffff,2017-03-14 06:00:00
134,861f18b27ffffff_2017-03-14 12:00:00,304.16356031061366,327,304,861f18b27ffffff,2017-03-14 12:00:00
135,861f18b27ffffff_2017-03-14 18:00:00,363.8851480908374,306,364,861f18b27ffffff,2017-03-14 18:00:00
136,861f18b27ffffff_2017-03-15 00:00:00,58.07329684354133,48,58,861f18b27ffffff,2017-03-15 00:00:00
137,861f18b27ffffff_2017-03-15 06:00:00,189.46226851545958,198,189,861f18b27ffffff,2017-03-15 06:00:00
138,861f18b27ffffff_2017-03-15 12:00:00,294.2537644103858,334,294,861f18b27ffffff,2017-03-15 12:00:00
139,861f18b27ffffff_2017-03-15 18:00:00,364.89214379656323,371,365,861f18b27ffffff,2017-03-15 18:00:00
140,861f18b27ffffff_2017-03-16 00:00:00,49.42708398315091,64,49,861f18b27ffffff,2017-03-16 00:00:00
141,861f18b27ffffff_2017-03-16 06:00:00,186.05373679862907,210,186,861f18b27ffffff,2017-03-16 06:00:00
142,861f18b27ffffff_2017-03-16 12:00:00,281.6131990661163,321,282,861f18b27ffffff,2017-03-16 12:00:00
143,861f18b27ffffff_2017-03-16 18:00:00,377.5897310172379,345,378,861f18b27ffffff,2017-03-16 18:00:00
144,861f18b27ffffff_2017-03-17 00:00:00,73.51501006695054,70,74,861f18b27ffffff,2017-03-17 00:00:00
145,861f18b27ffffff_2017-03-17 06:00:00,199.12929752086842,200,199,861f18b27ffffff,2017-03-17 06:00:00
146,861f18b27ffffff_2017-03-17 12:00:00,328.30156357953126,287,328,861f18b27ffffff,2017-03-17 12:00:00
147,861f18b27ffffff_2017-03-17 18:00:00,423.2280511244289,457,423,861f18b27ffffff,2017-03-17 18:00:00
148,861f18b27ffffff_2017-03-18 00:00:00,142.93842889031134,136,143,861f18b27ffffff,2017-03-18 00:00:00
149,861f18b27ffffff_2017-03-18 06:00:00,213.9101552399028,224,214,861f18b27ffffff,2017-03-18 06:00:00
150,861f18b27ffffff_2017-03-18 12:00:00,391.3437366977332,405,391,861f18b27ffffff,2017-03-18 12:00:00
151,861f18b27ffffff_2017-03-18 18:00:00,446.62414128744894,495,447,861f18b27ffffff,2017-03-18 18:00:00
152,861f18b27ffffff_2017-03-19 00:00:00,108.59089319541533,121,109,861f18b27ffffff,2017-03-19 00:00:00
153,861f18b27ffffff_2017-03-19 06:00:00,151.55176161464692,147,152,861f18b27ffffff,2017-03-19 06:00:00
154,861f18b27ffffff_2017-03-19 12:00:00,378.6843938828503,343,379,861f18b27ffffff,2017-03-19 12:00:00
155,861f18b27ffffff_2017-03-19 18:00:00,322.2725075254849,323,322,861f18b27ffffff,2017-03-19 18:00:00
156,861f18b27ffffff_2017-03-20 00:00:00,52.479695079863404,58,52,861f18b27ffffff,2017-03-20 00:00:00
157,861f18b27ffffff_2017-03-20 06:00:00,175.69685371938883,213,176,861f18b27ffffff,2017-03-20 06:00:00
158,861f18b27ffffff_2017-03-20 12:00:00,312.25105148791914,316,312,861f18b27ffffff,2017-03-20 12:00:00
159,861f18b27ffffff_2017-03-20 18:00:00,290.39750473468246,349,290,861f18b27ffffff,2017-03-20 18:00:00
160,861f18b2fffffff_2017-03-13 00:00:00,9.647603419685773,15,10,861f18b2fffffff,2017-03-13 00:00:00
161,861f18b2fffffff_2017-03-13 06:00:00,19.387825789581452,23,19,861f18b2fffffff,2017-03-13 06:00:00
162,861f18b2fffffff_2017-03-13 12:00:00,44.18047010048996,37,44,861f18b2fffffff,2017-03-13 12:00:00
163,861f18b2fffffff_2017-03-13 18:00:00,55.48367426067502,33,55,861f18b2fffffff,2017-03-13 18:00:00
164,861f18b2fffffff_2017-03-14 00:00:00,3.4112711494741426,11,3,861f18b2fffffff,2017-03-14 00:00:00
165,861f18b2fffffff_2017-03-14 06:00:00,22.628729904295632,24,23,861f18b2fffffff,2017-03-14 06:00:00
166,861f18b2fffffff_2017-03-14 12:00:00,25.868914676623273,39,26,861f18b2fffffff,2017-03-14 12:00:00
167,861f18b2fffffff_2017-03-14 18:00:00,55.83746415558096,57,56,861f18b2fffffff,2017-03-14 18:00:00
168,861f18b2fffffff_2017-03-15 00:00:00,24.067629797476208,13,24,861f18b2fffffff,2017-03-15 00:00:00
169,861f18b2fffffff_2017-03-15 06:00:00,46.41222119961691,24,46,861f18b2fffffff,2017-03-15 06:00:00
170,861f18b2fffffff_2017-03-15 12:00:00,45.829843261554146,37,46,861f18b2fffffff,2017-03-15 12:00:00
171,861f18b2fffffff_2017-03-15 18:00:00,71.86309182480717,51,72,861f18b2fffffff,2017-03-15 18:00:00
172,861f18b2fffffff_2017-03-16 00:00:00,5.443209013364946,5,5,861f18b2fffffff,2017-03-16 00:00:00
173,861f18b2fffffff_2017-03-16 06:00:00,42.8857941847853,18,43,861f18b2fffffff,2017-03-16 06:00:00
174,861f18b2fffffff_2017-03-16 12:00:00,35.59740562784379,36,36,861f18b2fffffff,2017-03-16 12:00:00
175,861f18b2fffffff_2017-03-16 18:00:00,75.2760830932701,40,75,861f18b2fffffff,2017-03-16 18:00:00
176,861f18b2fffffff_2017-03-17 00:00:00,16.650562395122854,14,17,861f18b2fffffff,2017-03-17 00:00:00
177,861f18b2fffffff_2017-03-17 06:00:00,33.1099672855989,32,33,861f18b2fffffff,2017-03-17 06:00:00
178,861f18b2fffffff_2017-03-17 12:00:00,45.61457113618541,38,46,861f18b2fffffff,2017-03-17 12:00:00
179,861f18b2fffffff_2017-03-17 18:00:00,82.27183394703866,49,82,861f18b2fffffff,2017-03-17 18:00:00
180,861f18b2fffffff_2017-03-18 00:00:00,-2.6962978705725007,18,0,861f18b2fffffff,2017-03-18 00:00:00
181,861f18b2fffffff_2017-03-18 06:00:00,7.107517013063383,23,7,861f18b2fffffff,2017-03-18 06:00:00
182,861f18b2fffffff_2017-03-18 12:00:00,48.12058970026135,46,48,861f18b2fffffff,2017-03-18 12:00:00
183,861f18b2fffffff_2017-03-18 18:00:00,61.3963409737811,54,61,861f18b2fffffff,2017-03-18 18:00:00
184,861f18b2fffffff_2017-03-19 00:00:00,19.330532963322995,17,19,861f18b2fffffff,2017-03-19 00:00:00
185,861f18b2fffffff_2017-03-19 06:00:00,28.83381632836825,26,29,861f18b2fffffff,2017-03-19 06:00:00
186,861f18b2fffffff_2017-03-19 12:00:00,26.708680807378684,40,27,861f18b2fffffff,2017-03-19 12:00:00
187,861f18b2fffffff_2017-03-19 18:00:00,17.02349641877648,49,17,861f18b2fffffff,2017-03-19 18:00:00
188,861f18b2fffffff_2017-03-20 00:00:00,11.830172353728212,9,12,861f18b2fffffff,2017-03-20 00:00:00
189,861f18b2fffffff_2017-03-20 06:00:00,20.5898869489911,23,21,861f18b2fffffff,2017-03-20 06:00:00
190,861f18b2fffffff_2017-03-20 12:00:00,40.71058661732263,24,41,861f18b2fffffff,2017-03-20 12:00:00
191,861f18b2fffffff_2017-03-20 18:00:00,44.91366938587972,45,45,861f18b2fffffff,2017-03-20 18:00:00
192,861f18b37ffffff_2017-03-13 00:00:00,14.896781871708882,10,15,861f18b37ffffff,2017-03-13 00:00:00
193,861f18b37ffffff_2017-03-13 06:00:00,44.00536341467763,42,44,861f18b37ffffff,2017-03-13 06:00:00
194,861f18b37ffffff_2017-03-13 12:00:00,70.18556971350576,84,70,861f18b37ffffff,2017-03-13 12:00:00
195,861f18b37ffffff_2017-03-13 18:00:00,57.65810389319326,59,58,861f18b37ffffff,2017-03-13 18:00:00
196,861f18b37ffffff_2017-03-14 00:00:00,9.561973522099507,12,10,861f18b37ffffff,2017-03-14 00:00:00
197,861f18b37ffffff_2017-03-14 06:00:00,41.08296961584951,42,41,861f18b37ffffff,2017-03-14 06:00:00
198,861f18b37ffffff_2017-03-14 12:00:00,67.11513514319326,79,67,861f18b37ffffff,2017-03-14 12:00:00
199,861f18b37ffffff_2017-03-14 18:00:00,63.51876063147451,78,64,861f18b37ffffff,2017-03-14 18:00:00
200,861f18b37ffffff_2017-03-15 00:00:00,14.934349010380757,10,15,861f18b37ffffff,2017-03-15 00:00:00
201,861f18b37ffffff_2017-03-15 06:00:00,43.83169550696279,53,44,861f18b37ffffff,2017-03-15 06:00:00
202,861f18b37ffffff_2017-03-15 12:00:00,75.51860804358388,82,76,861f18b37ffffff,2017-03-15 12:00:00
203,861f18b37ffffff_2017-03-15 18:00:00,78.58522791663076,66,79,861f18b37ffffff,2017-03-15 18:00:00
204,861f18b37ffffff_2017-03-16 00:00:00,13.542350719365132,19,14,861f18b37ffffff,2017-03-16 00:00:00
205,861f18b37ffffff_2017-03-16 06:00:00,43.93471522131826,47,44,861f18b37ffffff,2017-03-16 06:00:00
206,861f18b37ffffff_2017-03-16 12:00:00,77.78395838538076,72,78,861f18b37ffffff,2017-03-16 12:00:00
207,861f18b37ffffff_2017-03-16 18:00:00,67.63039393225576,63,68,861f18b37ffffff,2017-03-16 18:00:00
208,861f18b37ffffff_2017-03-17 00:00:00,19.586448619755757,14,20,861f18b37ffffff,2017-03-17 00:00:00
209,861f18b37ffffff_2017-03-17 06:00:00,49.85991663733388,45,50,861f18b37ffffff,2017-03-17 06:00:00
210,861f18b37ffffff_2017-03-17 12:00:00,89.93239588538076,87,90,861f18b37ffffff,2017-03-17 12:00:00
211,861f18b37ffffff_2017-03-17 18:00:00,74.60488123694326,74,75,861f18b37ffffff,2017-03-17 18:00:00
212,861f18b37ffffff_2017-03-18 00:00:00,28.528526256474507,33,29,861f18b37ffffff,2017-03-18 00:00:00
213,861f18b37ffffff_2017-03-18 06:00:00,47.36649317541982,59,47,861f18b37ffffff,2017-03-18 06:00:00
214,861f18b37ffffff_2017-03-18 12:00:00,88.3163680533495,81,88,861f18b37ffffff,2017-03-18 12:00:00
215,861f18b37ffffff_2017-03-18 18:00:00,70.39333338538076,64,70,861f18b37ffffff,2017-03-18 18:00:00
216,861f18b37ffffff_2017-03-19 00:00:00,21.764976451787007,27,22,861f18b37ffffff,2017-03-19 00:00:00
217,861f18b37ffffff_2017-03-19 06:00:00,41.95705408850576,32,42,861f18b37ffffff,2017-03-19 06:00:00
218,861f18b37ffffff_2017-03-19 12:00:00,78.63671107092763,56,79,861f18b37ffffff,2017-03-19 12:00:00
219,861f18b37ffffff_2017-03-19 18:00:00,62.47493738928701,55,62,861f18b37ffffff,2017-03-19 18:00:00
220,861f18b37ffffff_2017-03-20 00:00:00,13.146964977177632,15,13,861f18b37ffffff,2017-03-20 00:00:00
221,861f18b37ffffff_2017-03-20 06:00:00,41.08095545569326,43,41,861f18b37ffffff,2017-03-20 06:00:00
222,861f18b37ffffff_2017-03-20 12:00:00,70.71327967444326,54,71,861f18b37ffffff,2017-03-20 12:00:00
223,861f18b37ffffff_2017-03-20 18:00:00,61.94390101233388,60,62,861f18b37ffffff,2017-03-20 18:00:00
224,861f18b77ffffff_2017-03-13 00:00:00,0.6853008907211451,0,1,861f18b77ffffff,2017-03-13 00:00:00
225,861f18b77ffffff_2017-03-13 06:00:00,3.2751888379336864,5,3,861f18b77ffffff,2017-03-13 06:00:00
226,861f18b77ffffff_2017-03-13 12:00:00,3.7550951857854535,2,4,861f18b77ffffff,2017-03-13 12:00:00
227,861f18b77ffffff_2017-03-13 18:00:00,2.8711707107241615,3,3,861f18b77ffffff,2017-03-13 18:00:00
228,861f18b77ffffff_2017-03-14 00:00:00,1.324941910436497,0,1,861f18b77ffffff,2017-03-14 00:00:00
229,861f18b77ffffff_2017-03-14 06:00:00,3.969367286082498,2,4,861f18b77ffffff,2017-03-14 06:00:00
230,861f18b77ffffff_2017-03-14 12:00:00,3.4733241099425185,1,3,861f18b77ffffff,2017-03-14 12:00:00
231,861f18b77ffffff_2017-03-14 18:00:00,4.614144646650393,2,5,861f18b77ffffff,2017-03-14 18:00:00
232,861f18b77ffffff_2017-03-15 00:00:00,1.560634249705685,2,2,861f18b77ffffff,2017-03-15 00:00:00
233,861f18b77ffffff_2017-03-15 06:00:00,3.425101229708331,4,3,861f18b77ffffff,2017-03-15 06:00:00
234,861f18b77ffffff_2017-03-15 12:00:00,3.90614677258612,3,4,861f18b77ffffff,2017-03-15 12:00:00
235,861f18b77ffffff_2017-03-15 18:00:00,5.8762014447193005,3,6,861f18b77ffffff,2017-03-15 18:00:00
236,861f18b77ffffff_2017-03-16 00:00:00,0.8648937525081992,1,1,861f18b77ffffff,2017-03-16 00:00:00
237,861f18b77ffffff_2017-03-16 06:00:00,3.37190792183988,8,3,861f18b77ffffff,2017-03-16 06:00:00
238,861f18b77ffffff_2017-03-16 12:00:00,3.745079156655793,2,4,861f18b77ffffff,2017-03-16 12:00:00
239,861f18b77ffffff_2017-03-16 18:00:00,3.195579234594981,5,3,861f18b77ffffff,2017-03-16 18:00:00
240,861f18b77ffffff_2017-03-17 00:00:00,1.5845206128119584,2,2,861f18b77ffffff,2017-03-17 00:00:00
241,861f18b77ffffff_2017-03-17 06:00:00,3.955883006254023,3,4,861f18b77ffffff,2017-03-17 06:00:00
242,861f18b77ffffff_2017-03-17 12:00:00,4.55507232929852,2,5,861f18b77ffffff,2017-03-17 12:00:00
243,861f18b77ffffff_2017-03-17 18:00:00,5.14529764433582,7,5,861f18b77ffffff,2017-03-17 18:00:00
244,861f18b77ffffff_2017-03-18 00:00:00,1.4893394269815252,2,1,861f18b77ffffff,2017-03-18 00:00:00
245,861f18b77ffffff_2017-03-18 06:00:00,2.382901287700606,2,2,861f18b77ffffff,2017-03-18 06:00:00
246,861f18b77ffffff_2017-03-18 12:00:00,4.608531542686598,6,5,861f18b77ffffff,2017-03-18 12:00:00
247,861f18b77ffffff_2017-03-18 18:00:00,5.530406076535378,8,6,861f18b77ffffff,2017-03-18 18:00:00
248,861f18b77ffffff_2017-03-19 00:00:00,0.15232477570474456,3,0,861f18b77ffffff,2017-03-19 00:00:00
249,861f18b77ffffff_2017-03-19 06:00:00,2.148356618973465,5,2,861f18b77ffffff,2017-03-19 06:00:00
250,861f18b77ffffff_2017-03-19 12:00:00,2.815437824056739,4,3,861f18b77ffffff,2017-03-19 12:00:00
251,861f18b77ffffff_2017-03-19 18:00:00,3.6736116425910152,7,4,861f18b77ffffff,2017-03-19 18:00:00
252,861f18b77ffffff_2017-03-20 00:00:00,0.8192604014742813,3,1,861f18b77ffffff,2017-03-20 00:00:00
253,861f18b77ffffff_2017-03-20 06:00:00,2.2777552089531143,5,2,861f18b77ffffff,2017-03-20 06:00:00
254,861f18b77ffffff_2017-03-20 12:00:00,4.252335753508909,3,4,861f18b77ffffff,2017-03-20 12:00:00
255,861f18b77ffffff_2017-03-20 18:00:00,9.120076237525105,1,9,861f18b77ffffff,2017-03-20 18:00:00
256,861f1d487ffffff_2017-03-13 00:00:00,32.34266260777837,22,32,861f1d487ffffff,2017-03-13 00:00:00
257,861f1d487ffffff_2017-03-13 06:00:00,85.4004014491924,69,85,861f1d487ffffff,2017-03-13 06:00:00
258,861f1d487ffffff_2017-03-13 12:00:00,112.49268787235934,110,112,861f1d487ffffff,2017-03-13 12:00:00
259,861f1d487ffffff_2017-03-13 18:00:00,95.81975220473602,99,96,861f1d487ffffff,2017-03-13 18:00:00
260,861f1d487ffffff_2017-03-14 00:00:00,32.98299692812794,36,33,861f1d487ffffff,2017-03-14 00:00:00
261,861f1d487ffffff_2017-03-14 06:00:00,88.55299361435263,91,89,861f1d487ffffff,2017-03-14 06:00:00
262,861f1d487ffffff_2017-03-14 12:00:00,114.62477115205684,113,115,861f1d487ffffff,2017-03-14 12:00:00
263,861f1d487ffffff_2017-03-14 18:00:00,100.87450869741924,105,101,861f1d487ffffff,2017-03-14 18:00:00
264,861f1d487ffffff_2017-03-15 00:00:00,38.557596357698344,35,39,861f1d487ffffff,2017-03-15 00:00:00
265,861f1d487ffffff_2017-03-15 06:00:00,95.94173076815555,98,96,861f1d487ffffff,2017-03-15 06:00:00
266,861f1d487ffffff_2017-03-15 12:00:00,128.66323799594022,106,129,861f1d487ffffff,2017-03-15 12:00:00
267,861f1d487ffffff_2017-03-15 18:00:00,111.4212454624678,114,111,861f1d487ffffff,2017-03-15 18:00:00
268,861f1d487ffffff_2017-03-16 00:00:00,39.6007944032831,41,40,861f1d487ffffff,2017-03-16 00:00:00
269,861f1d487ffffff_2017-03-16 06:00:00,97.17592382721351,111,97,861f1d487ffffff,2017-03-16 06:00:00
270,861f1d487ffffff_2017-03-16 12:00:00,127.71080433606097,122,128,861f1d487ffffff,2017-03-16 12:00:00
271,861f1d487ffffff_2017-03-16 18:00:00,115.70077859177412,127,116,861f1d487ffffff,2017-03-16 18:00:00
272,861f1d487ffffff_2017-03-17 00:00:00,47.515795591406004,33,48,861f1d487ffffff,2017-03-17 00:00:00
273,861f1d487ffffff_2017-03-17 06:00:00,101.79318929856495,107,102,861f1d487ffffff,2017-03-17 06:00:00
274,861f1d487ffffff_2017-03-17 12:00:00,136.02258904109001,129,136,861f1d487ffffff,2017-03-17 12:00:00
275,861f1d487ffffff_2017-03-17 18:00:00,119.06844823790553,121,119,861f1d487ffffff,2017-03-17 18:00:00
276,861f1d487ffffff_2017-03-18 00:00:00,60.47928866217387,39,60,861f1d487ffffff,2017-03-18 00:00:00
277,861f1d487ffffff_2017-03-18 06:00:00,108.99183582018473,97,109,861f1d487ffffff,2017-03-18 06:00:00
278,861f1d487ffffff_2017-03-18 12:00:00,144.80444201278317,144,145,861f1d487ffffff,2017-03-18 12:00:00
279,861f1d487ffffff_2017-03-18 18:00:00,108.99265182276216,110,109,861f1d487ffffff,2017-03-18 18:00:00
280,861f1d487ffffff_2017-03-19 00:00:00,42.21597143497028,37,42,861f1d487ffffff,2017-03-19 00:00:00
281,861f1d487ffffff_2017-03-19 06:00:00,82.30598938572689,68,82,861f1d487ffffff,2017-03-19 06:00:00
282,861f1d487ffffff_2017-03-19 12:00:00,143.91227708157453,131,144,861f1d487ffffff,2017-03-19 12:00:00
283,861f1d487ffffff_2017-03-19 18:00:00,100.75421726373679,94,101,861f1d487ffffff,2017-03-19 18:00:00
284,861f1d487ffffff_2017-03-20 00:00:00,36.74786961012122,38,37,861f1d487ffffff,2017-03-20 00:00:00
285,861f1d487ffffff_2017-03-20 06:00:00,81.17646502418532,93,81,861f1d487ffffff,2017-03-20 06:00:00
286,861f1d487ffffff_2017-03-20 12:00:00,121.93641592079148,126,122,861f1d487ffffff,2017-03-20 12:00:00
287,861f1d487ffffff_2017-03-20 18:00:00,95.53349254294722,86,96,861f1d487ffffff,2017-03-20 18:00:00
288,861f1d48fffffff_2017-03-13 00:00:00,148.39132401319358,139,148,861f1d48fffffff,2017-03-13 00:00:00
289,861f1d48fffffff_2017-03-13 06:00:00,660.8539832570975,668,661,861f1d48fffffff,2017-03-13 06:00:00
290,861f1d48fffffff_2017-03-13 12:00:00,642.9639231736605,677,643,861f1d48fffffff,2017-03-13 12:00:00
291,861f1d48fffffff_2017-03-13 18:00:00,409.495032330324,447,409,861f1d48fffffff,2017-03-13 18:00:00
292,861f1d48fffffff_2017-03-14 00:00:00,101.42068333477323,118,101,861f1d48fffffff,2017-03-14 00:00:00
293,861f1d48fffffff_2017-03-14 06:00:00,738.2204919195585,661,738,861f1d48fffffff,2017-03-14 06:00:00
294,861f1d48fffffff_2017-03-14 12:00:00,619.7825480745464,608,620,861f1d48fffffff,2017-03-14 12:00:00
295,861f1d48fffffff_2017-03-14 18:00:00,485.7339012839139,432,486,861f1d48fffffff,2017-03-14 18:00:00
296,861f1d48fffffff_2017-03-15 00:00:00,112.00937058629029,126,112,861f1d48fffffff,2017-03-15 00:00:00
297,861f1d48fffffff_2017-03-15 06:00:00,650.9408720779434,558,651,861f1d48fffffff,2017-03-15 06:00:00
298,861f1d48fffffff_2017-03-15 12:00:00,648.1630936418933,600,648,861f1d48fffffff,2017-03-15 12:00:00
299,861f1d48fffffff_2017-03-15 18:00:00,514.4119739044896,434,514,861f1d48fffffff,2017-03-15 18:00:00
300,861f1d48fffffff_2017-03-16 00:00:00,115.79713556379818,116,116,861f1d48fffffff,2017-03-16 00:00:00
301,861f1d48fffffff_2017-03-16 06:00:00,637.8234969708599,650,638,861f1d48fffffff,2017-03-16 06:00:00
302,861f1d48fffffff_2017-03-16 12:00:00,627.989065243294,601,628,861f1d48fffffff,2017-03-16 12:00:00
303,861f1d48fffffff_2017-03-16 18:00:00,479.3340077380501,506,479,861f1d48fffffff,2017-03-16 18:00:00
304,861f1d48fffffff_2017-03-17 00:00:00,128.69198932553996,147,129,861f1d48fffffff,2017-03-17 00:00:00
305,861f1d48fffffff_2017-03-17 06:00:00,668.3015437140236,618,668,861f1d48fffffff,2017-03-17 06:00:00
306,861f1d48fffffff_2017-03-17 12:00:00,620.8007269151183,619,621,861f1d48fffffff,2017-03-17 12:00:00
307,861f1d48fffffff_2017-03-17 18:00:00,603.383898675802,655,603,861f1d48fffffff,2017-03-17 18:00:00
308,861f1d48fffffff_2017-03-18 00:00:00,214.6297386190322,181,215,861f1d48fffffff,2017-03-18 00:00:00
309,861f1d48fffffff_2017-03-18 06:00:00,479.1179440744908,470,479,861f1d48fffffff,2017-03-18 06:00:00
310,861f1d48fffffff_2017-03-18 12:00:00,766.1553335356355,814,766,861f1d48fffffff,2017-03-18 12:00:00
311,861f1d48fffffff_2017-03-18 18:00:00,724.6427547410323,734,725,861f1d48fffffff,2017-03-18 18:00:00
312,861f1d48fffffff_2017-03-19 00:00:00,133.1591980262353,174,133,861f1d48fffffff,2017-03-19 00:00:00
313,861f1d48fffffff_2017-03-19 06:00:00,377.31376241093017,381,377,861f1d48fffffff,2017-03-19 06:00:00
314,861f1d48fffffff_2017-03-19 12:00:00,716.647588733399,748,717,861f1d48fffffff,2017-03-19 12:00:00
315,861f1d48fffffff_2017-03-19 18:00:00,473.47002826770347,420,473,861f1d48fffffff,2017-03-19 18:00:00
316,861f1d48fffffff_2017-03-20 00:00:00,132.26197774273743,154,132,861f1d48fffffff,2017-03-20 00:00:00
317,861f1d48fffffff_2017-03-20 06:00:00,606.1865346384518,694,606,861f1d48fffffff,2017-03-20 06:00:00
318,861f1d48fffffff_2017-03-20 12:00:00,613.486354922805,633,613,861f1d48fffffff,2017-03-20 12:00:00
319,861f1d48fffffff_2017-03-20 18:00:00,386.41985129563534,451,386,861f1d48fffffff,2017-03-20 18:00:00
320,861f1d497ffffff_2017-03-13 00:00:00,2.056775688134309,2,2,861f1d497ffffff,2017-03-13 00:00:00
321,861f1d497ffffff_2017-03-13 06:00:00,2.6550390985156485,5,3,861f1d497ffffff,2017-03-13 06:00:00
322,861f1d497ffffff_2017-03-13 12:00:00,9.608106948666652,10,10,861f1d497ffffff,2017-03-13 12:00:00
323,861f1d497ffffff_2017-03-13 18:00:00,5.565583289573645,8,6,861f1d497ffffff,2017-03-13 18:00:00
324,861f1d497ffffff_2017-03-14 00:00:00,2.446881412315535,1,2,861f1d497ffffff,2017-03-14 00:00:00
325,861f1d497ffffff_2017-03-14 06:00:00,4.554522540840038,6,5,861f1d497ffffff,2017-03-14 06:00:00
326,861f1d497ffffff_2017-03-14 12:00:00,10.056919609948435,8,10,861f1d497ffffff,2017-03-14 12:00:00
327,861f1d497ffffff_2017-03-14 18:00:00,6.12943277616289,10,6,861f1d497ffffff,2017-03-14 18:00:00
328,861f1d497ffffff_2017-03-15 00:00:00,0.7272241343416592,2,1,861f1d497ffffff,2017-03-15 00:00:00
329,861f1d497ffffff_2017-03-15 06:00:00,2.038734490287047,4,2,861f1d497ffffff,2017-03-15 06:00:00
330,861f1d497ffffff_2017-03-15 12:00:00,9.018829183191482,6,9,861f1d497ffffff,2017-03-15 12:00:00
331,861f1d497ffffff_2017-03-15 18:00:00,5.3817400452425606,9,5,861f1d497ffffff,2017-03-15 18:00:00
332,861f1d497ffffff_2017-03-16 00:00:00,0.9471664590850786,1,1,861f1d497ffffff,2017-03-16 00:00:00
333,861f1d497ffffff_2017-03-16 06:00:00,3.9102072388560414,3,4,861f1d497ffffff,2017-03-16 06:00:00
334,861f1d497ffffff_2017-03-16 12:00:00,8.044033335717927,7,8,861f1d497ffffff,2017-03-16 12:00:00
335,861f1d497ffffff_2017-03-16 18:00:00,6.570898039676154,10,7,861f1d497ffffff,2017-03-16 18:00:00
336,861f1d497ffffff_2017-03-17 00:00:00,2.1026126868593247,0,2,861f1d497ffffff,2017-03-17 00:00:00
337,861f1d497ffffff_2017-03-17 06:00:00,3.2121794543176874,3,3,861f1d497ffffff,2017-03-17 06:00:00
338,861f1d497ffffff_2017-03-17 12:00:00,9.064482184375336,14,9,861f1d497ffffff,2017-03-17 12:00:00
339,861f1d497ffffff_2017-03-17 18:00:00,4.564711901546334,7,5,861f1d497ffffff,2017-03-17 18:00:00
340,861f1d497ffffff_2017-03-18 00:00:00,2.4061415728696165,1,2,861f1d497ffffff,2017-03-18 00:00:00
341,861f1d497ffffff_2017-03-18 06:00:00,6.314100580860599,7,6,861f1d497ffffff,2017-03-18 06:00:00
342,861f1d497ffffff_2017-03-18 12:00:00,8.392644619070099,16,8,861f1d497ffffff,2017-03-18 12:00:00
343,861f1d497ffffff_2017-03-18 18:00:00,5.569450417070971,7,6,861f1d497ffffff,2017-03-18 18:00:00
344,861f1d497ffffff_2017-03-19 00:00:00,3.6700659687103325,4,4,861f1d497ffffff,2017-03-19 00:00:00
345,861f1d497ffffff_2017-03-19 06:00:00,6.926273120461306,12,7,861f1d497ffffff,2017-03-19 06:00:00
346,861f1d497ffffff_2017-03-19 12:00:00,13.185843169369086,12,13,861f1d497ffffff,2017-03-19 12:00:00
347,861f1d497ffffff_2017-03-19 18:00:00,9.121099764554792,9,9,861f1d497ffffff,2017-03-19 18:00:00
348,861f1d497ffffff_2017-03-20 00:00:00,1.6679254287725325,2,2,861f1d497ffffff,2017-03-20 00:00:00
349,861f1d497ffffff_2017-03-20 06:00:00,4.112381283224757,4,4,861f1d497ffffff,2017-03-20 06:00:00
350,861f1d497ffffff_2017-03-20 12:00:00,8.475648794050123,6,8,861f1d497ffffff,2017-03-20 12:00:00
351,861f1d497ffffff_2017-03-20 18:00:00,6.10686613288228,8,6,861f1d497ffffff,2017-03-20 18:00:00
352,861f1d49fffffff_2017-03-13 00:00:00,71.38450999500381,56,71,861f1d49fffffff,2017-03-13 00:00:00
353,861f1d49fffffff_2017-03-13 06:00:00,233.89417372521592,300,234,861f1d49fffffff,2017-03-13 06:00:00
354,861f1d49fffffff_2017-03-13 12:00:00,430.01530183380714,412,430,861f1d49fffffff,2017-03-13 12:00:00
355,861f1d49fffffff_2017-03-13 18:00:00,313.07279646994385,370,313,861f1d49fffffff,2017-03-13 18:00:00
356,861f1d49fffffff_2017-03-14 00:00:00,50.16372933250955,59,50,861f1d49fffffff,2017-03-14 00:00:00
357,861f1d49fffffff_2017-03-14 06:00:00,266.3264763066364,334,266,861f1d49fffffff,2017-03-14 06:00:00
358,861f1d49fffffff_2017-03-14 12:00:00,427.30516147744504,454,427,861f1d49fffffff,2017-03-14 12:00:00
359,861f1d49fffffff_2017-03-14 18:00:00,357.063655731095,325,357,861f1d49fffffff,2017-03-14 18:00:00
360,861f1d49fffffff_2017-03-15 00:00:00,66.29619501435317,54,66,861f1d49fffffff,2017-03-15 00:00:00
361,861f1d49fffffff_2017-03-15 06:00:00,319.6537652805824,294,320,861f1d49fffffff,2017-03-15 06:00:00
362,861f1d49fffffff_2017-03-15 12:00:00,446.62405482655726,394,447,861f1d49fffffff,2017-03-15 12:00:00
363,861f1d49fffffff_2017-03-15 18:00:00,341.6802389322693,389,342,861f1d49fffffff,2017-03-15 18:00:00
364,861f1d49fffffff_2017-03-16 00:00:00,53.73432683055242,62,54,861f1d49fffffff,2017-03-16 00:00:00
365,861f1d49fffffff_2017-03-16 06:00:00,328.8252173357879,289,329,861f1d49fffffff,2017-03-16 06:00:00
366,861f1d49fffffff_2017-03-16 12:00:00,431.73802804081754,428,432,861f1d49fffffff,2017-03-16 12:00:00
367,861f1d49fffffff_2017-03-16 18:00:00,381.82470852609754,331,382,861f1d49fffffff,2017-03-16 18:00:00
368,861f1d49fffffff_2017-03-17 00:00:00,71.35691816135872,79,71,861f1d49fffffff,2017-03-17 00:00:00
369,861f1d49fffffff_2017-03-17 06:00:00,326.08592316469975,340,326,861f1d49fffffff,2017-03-17 06:00:00
370,861f1d49fffffff_2017-03-17 12:00:00,488.5811012509729,431,489,861f1d49fffffff,2017-03-17 12:00:00
371,861f1d49fffffff_2017-03-17 18:00:00,409.5368067814205,428,410,861f1d49fffffff,2017-03-17 18:00:00
372,861f1d49fffffff_2017-03-18 00:00:00,145.3126108334027,131,145,861f1d49fffffff,2017-03-18 00:00:00
373,861f1d49fffffff_2017-03-18 06:00:00,313.78755922899865,274,314,861f1d49fffffff,2017-03-18 06:00:00
374,861f1d49fffffff_2017-03-18 12:00:00,544.7598356267721,508,545,861f1d49fffffff,2017-03-18 12:00:00
375,861f1d49fffffff_2017-03-18 18:00:00,425.6258715945867,398,426,861f1d49fffffff,2017-03-18 18:00:00
376,861f1d49fffffff_2017-03-19 00:00:00,100.26694732956463,121,100,861f1d49fffffff,2017-03-19 00:00:00
377,861f1d49fffffff_2017-03-19 06:00:00,224.00098522455568,180,224,861f1d49fffffff,2017-03-19 06:00:00
378,861f1d49fffffff_2017-03-19 12:00:00,433.5344580090034,407,434,861f1d49fffffff,2017-03-19 12:00:00
379,861f1d49fffffff_2017-03-19 18:00:00,299.3898721809224,298,299,861f1d49fffffff,2017-03-19 18:00:00
380,861f1d49fffffff_2017-03-20 00:00:00,97.32795593908187,68,97,861f1d49fffffff,2017-03-20 00:00:00
381,861f1d49fffffff_2017-03-20 06:00:00,274.6400148504589,308,275,861f1d49fffffff,2017-03-20 06:00:00
382,861f1d49fffffff_2017-03-20 12:00:00,441.4746548344451,414,441,861f1d49fffffff,2017-03-20 12:00:00
383,861f1d49fffffff_2017-03-20 18:00:00,348.6307232914879,365,349,861f1d49fffffff,2017-03-20 18:00:00
384,861f1d4afffffff_2017-03-13 00:00:00,29.540313080170435,20,30,861f1d4afffffff,2017-03-13 00:00:00
385,861f1d4afffffff_2017-03-13 06:00:00,49.112179345146856,68,49,861f1d4afffffff,2017-03-13 06:00:00
386,861f1d4afffffff_2017-03-13 12:00:00,105.54723943855203,100,106,861f1d4afffffff,2017-03-13 12:00:00
387,861f1d4afffffff_2017-03-13 18:00:00,99.94211461912019,109,100,861f1d4afffffff,2017-03-13 18:00:00
388,861f1d4afffffff_2017-03-14 00:00:00,22.645827733209124,19,23,861f1d4afffffff,2017-03-14 00:00:00
389,861f1d4afffffff_2017-03-14 06:00:00,63.29942733053682,82,63,861f1d4afffffff,2017-03-14 06:00:00
390,861f1d4afffffff_2017-03-14 12:00:00,94.78316785593451,113,95,861f1d4afffffff,2017-03-14 12:00:00
391,861f1d4afffffff_2017-03-14 18:00:00,116.05216526191495,104,116,861f1d4afffffff,2017-03-14 18:00:00
392,861f1d4afffffff_2017-03-15 00:00:00,19.85623619532884,19,20,861f1d4afffffff,2017-03-15 00:00:00
393,861f1d4afffffff_2017-03-15 06:00:00,58.2928991838428,71,58,861f1d4afffffff,2017-03-15 06:00:00
394,861f1d4afffffff_2017-03-15 12:00:00,91.86335267025234,95,92,861f1d4afffffff,2017-03-15 12:00:00
395,861f1d4afffffff_2017-03-15 18:00:00,104.71847503709388,91,105,861f1d4afffffff,2017-03-15 18:00:00
396,861f1d4afffffff_2017-03-16 00:00:00,23.207684871279454,24,23,861f1d4afffffff,2017-03-16 00:00:00
397,861f1d4afffffff_2017-03-16 06:00:00,48.3639425537492,61,48,861f1d4afffffff,2017-03-16 06:00:00
398,861f1d4afffffff_2017-03-16 12:00:00,90.55792616958966,68,91,861f1d4afffffff,2017-03-16 12:00:00
399,861f1d4afffffff_2017-03-16 18:00:00,101.3165127621067,107,101,861f1d4afffffff,2017-03-16 18:00:00
400,861f1d4afffffff_2017-03-17 00:00:00,27.255759245809358,25,27,861f1d4afffffff,2017-03-17 00:00:00
401,861f1d4afffffff_2017-03-17 06:00:00,52.08102857205933,64,52,861f1d4afffffff,2017-03-17 06:00:00
402,861f1d4afffffff_2017-03-17 12:00:00,94.12459785457752,90,94,861f1d4afffffff,2017-03-17 12:00:00
403,861f1d4afffffff_2017-03-17 18:00:00,121.91477998963249,114,122,861f1d4afffffff,2017-03-17 18:00:00
404,861f1d4afffffff_2017-03-18 00:00:00,48.62234500842254,40,49,861f1d4afffffff,2017-03-18 00:00:00
405,861f1d4afffffff_2017-03-18 06:00:00,62.02661937116603,74,62,861f1d4afffffff,2017-03-18 06:00:00
406,861f1d4afffffff_2017-03-18 12:00:00,120.29887649770764,142,120,861f1d4afffffff,2017-03-18 12:00:00
407,861f1d4afffffff_2017-03-18 18:00:00,118.68957694019178,119,119,861f1d4afffffff,2017-03-18 18:00:00
408,861f1d4afffffff_2017-03-19 00:00:00,38.253883964770786,44,38,861f1d4afffffff,2017-03-19 00:00:00
409,861f1d4afffffff_2017-03-19 06:00:00,45.880792213275505,39,46,861f1d4afffffff,2017-03-19 06:00:00
410,861f1d4afffffff_2017-03-19 12:00:00,128.44807423462095,121,128,861f1d4afffffff,2017-03-19 12:00:00
411,861f1d4afffffff_2017-03-19 18:00:00,102.00208493822097,88,102,861f1d4afffffff,2017-03-19 18:00:00
412,861f1d4afffffff_2017-03-20 00:00:00,25.12149132364472,21,25,861f1d4afffffff,2017-03-20 00:00:00
413,861f1d4afffffff_2017-03-20 06:00:00,50.26360896851595,59,50,861f1d4afffffff,2017-03-20 06:00:00
414,861f1d4afffffff_2017-03-20 12:00:00,106.16125222373313,84,106,861f1d4afffffff,2017-03-20 12:00:00
415,861f1d4afffffff_2017-03-20 18:00:00,104.27354375502631,91,104,861f1d4afffffff,2017-03-20 18:00:00
416,861f1d4b7ffffff_2017-03-13 00:00:00,12.046455724559912,14,12,861f1d4b7ffffff,2017-03-13 00:00:00
417,861f1d4b7ffffff_2017-03-13 06:00:00,19.585229412558355,32,20,861f1d4b7ffffff,2017-03-13 06:00:00
418,861f1d4b7ffffff_2017-03-13 12:00:00,48.96954707637375,41,49,861f1d4b7ffffff,2017-03-13 12:00:00
419,861f1d4b7ffffff_2017-03-13 18:00:00,37.028563958363335,34,37,861f1d4b7ffffff,2017-03-13 18:00:00
420,861f1d4b7ffffff_2017-03-14 00:00:00,8.781935767524029,10,9,861f1d4b7ffffff,2017-03-14 00:00:00
421,861f1d4b7ffffff_2017-03-14 06:00:00,26.029517525362863,25,26,861f1d4b7ffffff,2017-03-14 06:00:00
422,861f1d4b7ffffff_2017-03-14 12:00:00,38.78654545986623,60,39,861f1d4b7ffffff,2017-03-14 12:00:00
423,861f1d4b7ffffff_2017-03-14 18:00:00,37.26620216472128,40,37,861f1d4b7ffffff,2017-03-14 18:00:00
424,861f1d4b7ffffff_2017-03-15 00:00:00,7.537738470433272,14,8,861f1d4b7ffffff,2017-03-15 00:00:00
425,861f1d4b7ffffff_2017-03-15 06:00:00,20.238974554185514,36,20,861f1d4b7ffffff,2017-03-15 06:00:00
426,861f1d4b7ffffff_2017-03-15 12:00:00,45.14269805962806,52,45,861f1d4b7ffffff,2017-03-15 12:00:00
427,861f1d4b7ffffff_2017-03-15 18:00:00,44.74252727645298,45,45,861f1d4b7ffffff,2017-03-15 18:00:00
428,861f1d4b7ffffff_2017-03-16 00:00:00,9.293495841912982,12,9,861f1d4b7ffffff,2017-03-16 00:00:00
429,861f1d4b7ffffff_2017-03-16 06:00:00,27.480779257288656,45,27,861f1d4b7ffffff,2017-03-16 06:00:00
430,861f1d4b7ffffff_2017-03-16 12:00:00,40.46051838489965,56,40,861f1d4b7ffffff,2017-03-16 12:00:00
431,861f1d4b7ffffff_2017-03-16 18:00:00,50.76678633881565,44,51,861f1d4b7ffffff,2017-03-16 18:00:00
432,861f1d4b7ffffff_2017-03-17 00:00:00,11.791825864037953,11,12,861f1d4b7ffffff,2017-03-17 00:00:00
433,861f1d4b7ffffff_2017-03-17 06:00:00,31.696613914439745,34,32,861f1d4b7ffffff,2017-03-17 06:00:00
434,861f1d4b7ffffff_2017-03-17 12:00:00,52.34017053739922,51,52,861f1d4b7ffffff,2017-03-17 12:00:00
435,861f1d4b7ffffff_2017-03-17 18:00:00,48.440481748963926,55,48,861f1d4b7ffffff,2017-03-17 18:00:00
436,861f1d4b7ffffff_2017-03-18 00:00:00,19.746695922045753,23,20,861f1d4b7ffffff,2017-03-18 00:00:00
437,861f1d4b7ffffff_2017-03-18 06:00:00,35.870360348161654,50,36,861f1d4b7ffffff,2017-03-18 06:00:00
438,861f1d4b7ffffff_2017-03-18 12:00:00,49.45620108059488,53,49,861f1d4b7ffffff,2017-03-18 12:00:00
439,861f1d4b7ffffff_2017-03-18 18:00:00,50.316821172010734,56,50,861f1d4b7ffffff,2017-03-18 18:00:00
440,861f1d4b7ffffff_2017-03-19 00:00:00,10.331376792776094,22,10,861f1d4b7ffffff,2017-03-19 00:00:00
441,861f1d4b7ffffff_2017-03-19 06:00:00,28.95153142169228,29,29,861f1d4b7ffffff,2017-03-19 06:00:00
442,861f1d4b7ffffff_2017-03-19 12:00:00,52.0284100808954,54,52,861f1d4b7ffffff,2017-03-19 12:00:00
443,861f1d4b7ffffff_2017-03-19 18:00:00,42.5924481045259,38,43,861f1d4b7ffffff,2017-03-19 18:00:00
444,861f1d4b7ffffff_2017-03-20 00:00:00,8.56408344460485,8,9,861f1d4b7ffffff,2017-03-20 00:00:00
445,861f1d4b7ffffff_2017-03-20 06:00:00,22.691149759750253,26,23,861f1d4b7ffffff,2017-03-20 06:00:00
446,861f1d4b7ffffff_2017-03-20 12:00:00,37.42581197922982,40,37,861f1d4b7ffffff,2017-03-20 12:00:00
447,861f1d4b7ffffff_2017-03-20 18:00:00,38.430079718142984,43,38,861f1d4b7ffffff,2017-03-20 18:00:00
448,861f1d4c7ffffff_2017-03-13 00:00:00,-0.0036045744390860255,0,0,861f1d4c7ffffff,2017-03-13 00:00:00
449,861f1d4c7ffffff_2017-03-13 06:00:00,0.004374453862007647,0,0,861f1d4c7ffffff,2017-03-13 06:00:00
450,861f1d4c7ffffff_2017-03-13 12:00:00,0.02631678169001525,0,0,861f1d4c7ffffff,2017-03-13 12:00:00
451,861f1d4c7ffffff_2017-03-13 18:00:00,0.0030446158118253687,0,0,861f1d4c7ffffff,2017-03-13 18:00:00
452,861f1d4c7ffffff_2017-03-14 00:00:00,-0.0036045744390860255,0,0,861f1d4c7ffffff,2017-03-14 00:00:00
453,861f1d4c7ffffff_2017-03-14 06:00:00,0.0033770753243709383,0,0,861f1d4c7ffffff,2017-03-14 06:00:00
454,861f1d4c7ffffff_2017-03-14 12:00:00,0.02565186266492411,0,0,861f1d4c7ffffff,2017-03-14 12:00:00
455,861f1d4c7ffffff_2017-03-14 18:00:00,0.0013823182490975195,0,0,861f1d4c7ffffff,2017-03-14 18:00:00
456,861f1d4c7ffffff_2017-03-15 00:00:00,-0.0036045744390860255,0,0,861f1d4c7ffffff,2017-03-15 00:00:00
457,861f1d4c7ffffff_2017-03-15 06:00:00,0.0030446158118253687,0,0,861f1d4c7ffffff,2017-03-15 06:00:00
458,861f1d4c7ffffff_2017-03-15 12:00:00,0.029308917302925376,0,0,861f1d4c7ffffff,2017-03-15 12:00:00
459,861f1d4c7ffffff_2017-03-15 18:00:00,0.00104985873655195,0,0,861f1d4c7ffffff,2017-03-15 18:00:00
460,861f1d4c7ffffff_2017-03-16 00:00:00,-0.0036045744390860255,0,0,861f1d4c7ffffff,2017-03-16 00:00:00
461,861f1d4c7ffffff_2017-03-16 06:00:00,0.0040419943494620775,0,0,861f1d4c7ffffff,2017-03-16 06:00:00
462,861f1d4c7ffffff_2017-03-16 12:00:00,0.028643998277834242,0,0,861f1d4c7ffffff,2017-03-16 12:00:00
463,861f1d4c7ffffff_2017-03-16 18:00:00,5.2480198915240764e-05,0,0,861f1d4c7ffffff,2017-03-16 18:00:00
464,861f1d4c7ffffff_2017-03-17 00:00:00,-0.0036045744390860255,0,0,861f1d4c7ffffff,2017-03-17 00:00:00
465,861f1d4c7ffffff_2017-03-17 06:00:00,0.0033770753243709383,0,0,861f1d4c7ffffff,2017-03-17 06:00:00
466,861f1d4c7ffffff_2017-03-17 12:00:00,0.0279790792527431,0,0,861f1d4c7ffffff,2017-03-17 12:00:00
467,861f1d4c7ffffff_2017-03-17 18:00:00,-0.0006124388261758975,0,0,861f1d4c7ffffff,2017-03-17 18:00:00
468,861f1d4c7ffffff_2017-03-18 00:00:00,-0.0036045744390860255,0,0,861f1d4c7ffffff,2017-03-18 00:00:00
469,861f1d4c7ffffff_2017-03-18 06:00:00,0.003709534836916508,0,0,861f1d4c7ffffff,2017-03-18 06:00:00
470,861f1d4c7ffffff_2017-03-18 12:00:00,0.02565186266492411,0,0,861f1d4c7ffffff,2017-03-18 12:00:00
471,861f1d4c7ffffff_2017-03-18 18:00:00,0.0023796967867342296,0,0,861f1d4c7ffffff,2017-03-18 18:00:00
472,861f1d4c7ffffff_2017-03-19 00:00:00,-0.003272114926540457,0,0,861f1d4c7ffffff,2017-03-19 00:00:00
473,861f1d4c7ffffff_2017-03-19 06:00:00,0.004374453862007647,0,0,861f1d4c7ffffff,2017-03-19 06:00:00
474,861f1d4c7ffffff_2017-03-19 12:00:00,0.02664924120256082,0,0,861f1d4c7ffffff,2017-03-19 12:00:00
475,861f1d4c7ffffff_2017-03-19 18:00:00,0.002712156299279799,0,0,861f1d4c7ffffff,2017-03-19 18:00:00
476,861f1d4c7ffffff_2017-03-20 00:00:00,-0.003272114926540457,0,0,861f1d4c7ffffff,2017-03-20 00:00:00
477,861f1d4c7ffffff_2017-03-20 06:00:00,0.004374453862007647,0,0,861f1d4c7ffffff,2017-03-20 06:00:00
478,861f1d4c7ffffff_2017-03-20 12:00:00,0.020664969976740565,0,0,861f1d4c7ffffff,2017-03-20 12:00:00
479,861f1d4c7ffffff_2017-03-20 18:00:00,0.001714777761643089,0,0,861f1d4c7ffffff,2017-03-20 18:00:00
480,861f1d4d7ffffff_2017-03-13 00:00:00,96.80414593245081,74,97,861f1d4d7ffffff,2017-03-13 00:00:00
481,861f1d4d7ffffff_2017-03-13 06:00:00,246.49715768936727,289,246,861f1d4d7ffffff,2017-03-13 06:00:00
482,861f1d4d7ffffff_2017-03-13 12:00:00,346.96161661812783,294,347,861f1d4d7ffffff,2017-03-13 12:00:00
483,861f1d4d7ffffff_2017-03-13 18:00:00,373.9922556859791,368,374,861f1d4d7ffffff,2017-03-13 18:00:00
484,861f1d4d7ffffff_2017-03-14 00:00:00,63.62043832240323,71,64,861f1d4d7ffffff,2017-03-14 00:00:00
485,861f1d4d7ffffff_2017-03-14 06:00:00,264.5884741463304,259,265,861f1d4d7ffffff,2017-03-14 06:00:00
486,861f1d4d7ffffff_2017-03-14 12:00:00,333.84002795313444,341,334,861f1d4d7ffffff,2017-03-14 12:00:00
487,861f1d4d7ffffff_2017-03-14 18:00:00,414.1932968511043,393,414,861f1d4d7ffffff,2017-03-14 18:00:00
488,861f1d4d7ffffff_2017-03-15 00:00:00,60.75841999068794,71,61,861f1d4d7ffffff,2017-03-15 00:00:00
489,861f1d4d7ffffff_2017-03-15 06:00:00,239.88816533449483,279,240,861f1d4d7ffffff,2017-03-15 06:00:00
490,861f1d4d7ffffff_2017-03-15 12:00:00,346.05449732519867,314,346,861f1d4d7ffffff,2017-03-15 12:00:00
491,861f1d4d7ffffff_2017-03-15 18:00:00,432.4214806113978,431,432,861f1d4d7ffffff,2017-03-15 18:00:00
492,861f1d4d7ffffff_2017-03-16 00:00:00,71.90493439452447,91,72,861f1d4d7ffffff,2017-03-16 00:00:00
493,861f1d4d7ffffff_2017-03-16 06:00:00,272.4742809100842,246,272,861f1d4d7ffffff,2017-03-16 06:00:00
494,861f1d4d7ffffff_2017-03-16 12:00:00,337.14830011794834,355,337,861f1d4d7ffffff,2017-03-16 12:00:00
495,861f1d4d7ffffff_2017-03-16 18:00:00,460.160792508941,427,460,861f1d4d7ffffff,2017-03-16 18:00:00
496,861f1d4d7ffffff_2017-03-17 00:00:00,92.17785432321784,99,92,861f1d4d7ffffff,2017-03-17 00:00:00
497,861f1d4d7ffffff_2017-03-17 06:00:00,263.51877459670715,280,264,861f1d4d7ffffff,2017-03-17 06:00:00
498,861f1d4d7ffffff_2017-03-17 12:00:00,388.04707363140074,372,388,861f1d4d7ffffff,2017-03-17 12:00:00
499,861f1d4d7ffffff_2017-03-17 18:00:00,521.4469910374064,556,521,861f1d4d7ffffff,2017-03-17 18:00:00
500,861f1d4d7ffffff_2017-03-18 00:00:00,152.7085744680391,175,153,861f1d4d7ffffff,2017-03-18 00:00:00
501,861f1d4d7ffffff_2017-03-18 06:00:00,241.88202946097613,238,242,861f1d4d7ffffff,2017-03-18 06:00:00
502,861f1d4d7ffffff_2017-03-18 12:00:00,418.42094494036814,510,418,861f1d4d7ffffff,2017-03-18 12:00:00
503,861f1d4d7ffffff_2017-03-18 18:00:00,538.349224386817,634,538,861f1d4d7ffffff,2017-03-18 18:00:00
504,861f1d4d7ffffff_2017-03-19 00:00:00,157.77427976965757,180,158,861f1d4d7ffffff,2017-03-19 00:00:00
505,861f1d4d7ffffff_2017-03-19 06:00:00,191.9628497732452,204,192,861f1d4d7ffffff,2017-03-19 06:00:00
506,861f1d4d7ffffff_2017-03-19 12:00:00,435.29141768834324,513,435,861f1d4d7ffffff,2017-03-19 12:00:00
507,861f1d4d7ffffff_2017-03-19 18:00:00,401.67273742728577,380,402,861f1d4d7ffffff,2017-03-19 18:00:00
508,861f1d4d7ffffff_2017-03-20 00:00:00,73.158745567294,66,73,861f1d4d7ffffff,2017-03-20 00:00:00
509,861f1d4d7ffffff_2017-03-20 06:00:00,259.56149037676397,286,260,861f1d4d7ffffff,2017-03-20 06:00:00
510,861f1d4d7ffffff_2017-03-20 12:00:00,318.79461645806947,346,319,861f1d4d7ffffff,2017-03-20 12:00:00
511,861f1d4d7ffffff_2017-03-20 18:00:00,338.5297378428331,384,339,861f1d4d7ffffff,2017-03-20 18:00:00
512,861f1d4dfffffff_2017-03-13 00:00:00,0.594740743946882,1,1,861f1d4dfffffff,2017-03-13 00:00:00
513,861f1d4dfffffff_2017-03-13 06:00:00,1.2163343906977837,3,1,861f1d4dfffffff,2017-03-13 06:00:00
514,861f1d4dfffffff_2017-03-13 12:00:00,2.353679273338482,1,2,861f1d4dfffffff,2017-03-13 12:00:00
515,861f1d4dfffffff_2017-03-13 18:00:00,2.285020964555282,2,2,861f1d4dfffffff,2017-03-13 18:00:00
516,861f1d4dfffffff_2017-03-14 00:00:00,0.8513608058961797,0,1,861f1d4dfffffff,2017-03-14 00:00:00
517,861f1d4dfffffff_2017-03-14 06:00:00,1.125127926972684,1,1,861f1d4dfffffff,2017-03-14 06:00:00
518,861f1d4dfffffff_2017-03-14 12:00:00,1.622823686884771,2,2,861f1d4dfffffff,2017-03-14 12:00:00
519,861f1d4dfffffff_2017-03-14 18:00:00,2.269395964555282,1,2,861f1d4dfffffff,2017-03-14 18:00:00
520,861f1d4dfffffff_2017-03-15 00:00:00,0.5152265021378795,1,1,861f1d4dfffffff,2017-03-15 00:00:00
521,861f1d4dfffffff_2017-03-15 06:00:00,0.8373310447453776,0,1,861f1d4dfffffff,2017-03-15 06:00:00
522,861f1d4dfffffff_2017-03-15 12:00:00,1.5321502294228835,8,2,861f1d4dfffffff,2017-03-15 12:00:00
523,861f1d4dfffffff_2017-03-15 18:00:00,2.0478940090211797,3,2,861f1d4dfffffff,2017-03-15 18:00:00
524,861f1d4dfffffff_2017-03-16 00:00:00,0.6564726007060839,0,1,861f1d4dfffffff,2017-03-16 00:00:00
525,861f1d4dfffffff_2017-03-16 06:00:00,0.7901761827545795,1,1,861f1d4dfffffff,2017-03-16 06:00:00
526,861f1d4dfffffff_2017-03-16 12:00:00,2.788301767143195,0,3,861f1d4dfffffff,2017-03-16 12:00:00
527,861f1d4dfffffff_2017-03-16 18:00:00,2.479537056240186,2,2,861f1d4dfffffff,2017-03-16 18:00:00
528,861f1d4dfffffff_2017-03-17 00:00:00,1.2092236252794797,1,1,861f1d4dfffffff,2017-03-17 00:00:00
529,861f1d4dfffffff_2017-03-17 06:00:00,1.357156194456084,2,1,861f1d4dfffffff,2017-03-17 06:00:00
530,861f1d4dfffffff_2017-03-17 12:00:00,2.2514908303322647,0,2,861f1d4dfffffff,2017-03-17 12:00:00
531,861f1d4dfffffff_2017-03-17 18:00:00,2.1933071477877797,2,2,861f1d4dfffffff,2017-03-17 18:00:00
532,861f1d4dfffffff_2017-03-18 00:00:00,1.679421819456084,0,2,861f1d4dfffffff,2017-03-18 00:00:00
533,861f1d4dfffffff_2017-03-18 06:00:00,2.334600583222684,1,2,861f1d4dfffffff,2017-03-18 06:00:00
534,861f1d4dfffffff_2017-03-18 12:00:00,1.0954582532388812,5,1,861f1d4dfffffff,2017-03-18 12:00:00
535,861f1d4dfffffff_2017-03-18 18:00:00,2.067294863921982,6,2,861f1d4dfffffff,2017-03-18 18:00:00
536,861f1d4dfffffff_2017-03-19 00:00:00,0.9233349534044797,1,1,861f1d4dfffffff,2017-03-19 00:00:00
537,861f1d4dfffffff_2017-03-19 06:00:00,0.6926220627794797,1,1,861f1d4dfffffff,2017-03-19 06:00:00
538,861f1d4dfffffff_2017-03-19 12:00:00,3.1171401172257927,2,3,861f1d4dfffffff,2017-03-19 12:00:00
539,861f1d4dfffffff_2017-03-19 18:00:00,3.54798191169169,0,4,861f1d4dfffffff,2017-03-19 18:00:00
540,861f1d4dfffffff_2017-03-20 00:00:00,0.9798368585185839,0,1,861f1d4dfffffff,2017-03-20 00:00:00
541,861f1d4dfffffff_2017-03-20 06:00:00,0.8629491607969818,0,1,861f1d4dfffffff,2017-03-20 06:00:00
542,861f1d4dfffffff_2017-03-20 12:00:00,2.832192476119476,1,3,861f1d4dfffffff,2017-03-20 12:00:00
543,861f1d4dfffffff_2017-03-20 18:00:00,2.362558165133869,2,2,861f1d4dfffffff,2017-03-20 18:00:00
544,861f1d4f7ffffff_2017-03-13 00:00:00,37.08484917942425,41,37,861f1d4f7ffffff,2017-03-13 00:00:00
545,861f1d4f7ffffff_2017-03-13 06:00:00,69.04859959781928,64,69,861f1d4f7ffffff,2017-03-13 06:00:00
546,861f1d4f7ffffff_2017-03-13 12:00:00,133.34168906243565,116,133,861f1d4f7ffffff,2017-03-13 12:00:00
547,861f1d4f7ffffff_2017-03-13 18:00:00,174.8095021772234,195,175,861f1d4f7ffffff,2017-03-13 18:00:00
548,861f1d4f7ffffff_2017-03-14 00:00:00,18.392183220771557,17,18,861f1d4f7ffffff,2017-03-14 00:00:00
549,861f1d4f7ffffff_2017-03-14 06:00:00,69.96792041326395,74,70,861f1d4f7ffffff,2017-03-14 06:00:00
550,861f1d4f7ffffff_2017-03-14 12:00:00,124.88680541113112,138,125,861f1d4f7ffffff,2017-03-14 12:00:00
551,861f1d4f7ffffff_2017-03-14 18:00:00,200.3264687178032,173,200,861f1d4f7ffffff,2017-03-14 18:00:00
552,861f1d4f7ffffff_2017-03-15 00:00:00,24.33066307044838,44,24,861f1d4f7ffffff,2017-03-15 00:00:00
553,861f1d4f7ffffff_2017-03-15 06:00:00,61.29861927066859,64,61,861f1d4f7ffffff,2017-03-15 06:00:00
554,861f1d4f7ffffff_2017-03-15 12:00:00,135.0972390689171,123,135,861f1d4f7ffffff,2017-03-15 12:00:00
555,861f1d4f7ffffff_2017-03-15 18:00:00,185.25114333004473,182,185,861f1d4f7ffffff,2017-03-15 18:00:00
556,861f1d4f7ffffff_2017-03-16 00:00:00,34.133134007945955,28,34,861f1d4f7ffffff,2017-03-16 00:00:00
557,861f1d4f7ffffff_2017-03-16 06:00:00,58.782038679830436,68,59,861f1d4f7ffffff,2017-03-16 06:00:00
558,861f1d4f7ffffff_2017-03-16 12:00:00,144.57298119734065,133,145,861f1d4f7ffffff,2017-03-16 12:00:00
559,861f1d4f7ffffff_2017-03-16 18:00:00,184.73265273487,192,185,861f1d4f7ffffff,2017-03-16 18:00:00
560,861f1d4f7ffffff_2017-03-17 00:00:00,33.76091496847894,35,34,861f1d4f7ffffff,2017-03-17 00:00:00
561,861f1d4f7ffffff_2017-03-17 06:00:00,63.97966753188476,72,64,861f1d4f7ffffff,2017-03-17 06:00:00
562,861f1d4f7ffffff_2017-03-17 12:00:00,148.25731225074622,157,148,861f1d4f7ffffff,2017-03-17 12:00:00
563,861f1d4f7ffffff_2017-03-17 18:00:00,214.33990067139422,204,214,861f1d4f7ffffff,2017-03-17 18:00:00
564,861f1d4f7ffffff_2017-03-18 00:00:00,67.53475325365623,77,68,861f1d4f7ffffff,2017-03-18 00:00:00
565,861f1d4f7ffffff_2017-03-18 06:00:00,78.39821787269145,86,78,861f1d4f7ffffff,2017-03-18 06:00:00
566,861f1d4f7ffffff_2017-03-18 12:00:00,178.44798864243654,189,178,861f1d4f7ffffff,2017-03-18 12:00:00
567,861f1d4f7ffffff_2017-03-18 18:00:00,197.66879002174392,204,198,861f1d4f7ffffff,2017-03-18 18:00:00
568,861f1d4f7ffffff_2017-03-19 00:00:00,64.8039469470377,84,65,861f1d4f7ffffff,2017-03-19 00:00:00
569,861f1d4f7ffffff_2017-03-19 06:00:00,73.50079390764276,73,74,861f1d4f7ffffff,2017-03-19 06:00:00
570,861f1d4f7ffffff_2017-03-19 12:00:00,163.13617546057418,178,163,861f1d4f7ffffff,2017-03-19 12:00:00
571,861f1d4f7ffffff_2017-03-19 18:00:00,167.4329691498301,139,167,861f1d4f7ffffff,2017-03-19 18:00:00
572,861f1d4f7ffffff_2017-03-20 00:00:00,40.15446523515023,33,40,861f1d4f7ffffff,2017-03-20 00:00:00
573,861f1d4f7ffffff_2017-03-20 06:00:00,58.737934694501696,72,59,861f1d4f7ffffff,2017-03-20 06:00:00
574,861f1d4f7ffffff_2017-03-20 12:00:00,126.33889815560114,116,126,861f1d4f7ffffff,2017-03-20 12:00:00
575,861f1d4f7ffffff_2017-03-20 18:00:00,172.92379535186785,169,173,861f1d4f7ffffff,2017-03-20 18:00:00
