,key_5hex_6h,DN_total_num_rentals,DN_total_length_rentals,DN_avg_length_rentals,C2G_total_num_rentals,C2G_total_length_rentals,C2G_avg_length_rentals,AVG_avg_length_rentals,hex_id_5hex,timestamp
0,851f1887fffffff_2017-02-25 00:00:00,12.0,925.0,77.08333333333333,1.0,45.0,45.0,74.61538461538461,851f1887fffffff,2017-02-25 00:00:00
1,851f1887fffffff_2017-02-25 06:00:00,52.0,4140.0,79.61538461538461,2.0,90.0,45.0,78.33333333333333,851f1887fffffff,2017-02-25 06:00:00
2,851f1887fffffff_2017-02-25 12:00:00,68.0,5370.0,78.97058823529412,7.0,280.0,40.0,75.33333333333333,851f1887fffffff,2017-02-25 12:00:00
3,851f1887fffffff_2017-02-25 18:00:00,49.0,4045.0,82.55102040816327,2.0,140.0,70.0,82.05882352941177,851f1887fffffff,2017-02-25 18:00:00
4,851f1887fffffff_2017-02-26 00:00:00,3.0,100.0,33.333333333333336,1.0,25.0,25.0,31.25,851f1887fffffff,2017-02-26 00:00:00
5,851f1887fffffff_2017-02-26 06:00:00,29.0,2440.0,84.13793103448276,0.0,0.0,0.0,84.13793103448276,851f1887fffffff,2017-02-26 06:00:00
6,851f1887fffffff_2017-02-26 12:00:00,66.0,3635.0,55.07575757575758,5.0,200.0,40.0,54.014084507042256,851f1887fffffff,2017-02-26 12:00:00
7,851f1887fffffff_2017-02-26 18:00:00,22.0,625.0,28.40909090909091,2.0,60.0,30.0,28.541666666666668,851f1887fffffff,2017-02-26 18:00:00
8,851f1887fffffff_2017-02-27 00:00:00,10.0,945.0,94.5,0.0,0.0,0.0,94.5,851f1887fffffff,2017-02-27 00:00:00
9,851f1887fffffff_2017-02-27 06:00:00,49.0,4300.0,87.75510204081633,5.0,265.0,53.0,84.53703703703704,851f1887fffffff,2017-02-27 06:00:00
10,851f1887fffffff_2017-02-27 12:00:00,66.0,4705.0,71.28787878787878,12.0,595.0,49.58333333333334,67.94871794871794,851f1887fffffff,2017-02-27 12:00:00
11,851f1887fffffff_2017-02-27 18:00:00,39.0,1560.0,40.0,0.0,0.0,0.0,40.0,851f1887fffffff,2017-02-27 18:00:00
12,851f1887fffffff_2017-02-28 00:00:00,9.0,335.0,37.22222222222222,0.0,0.0,0.0,37.22222222222222,851f1887fffffff,2017-02-28 00:00:00
13,851f1887fffffff_2017-02-28 06:00:00,52.0,3030.0,58.269230769230774,3.0,205.0,68.33333333333333,58.81818181818182,851f1887fffffff,2017-02-28 06:00:00
14,851f1887fffffff_2017-02-28 12:00:00,79.0,4095.0,51.83544303797469,13.0,620.0,47.69230769230769,51.25,851f1887fffffff,2017-02-28 12:00:00
15,851f1887fffffff_2017-02-28 18:00:00,42.0,3640.0,86.66666666666669,2.0,75.0,37.5,84.43181818181819,851f1887fffffff,2017-02-28 18:00:00
16,851f1887fffffff_2017-03-01 00:00:00,8.0,270.0,33.75,1.0,50.0,50.0,35.55555555555556,851f1887fffffff,2017-03-01 00:00:00
17,851f1887fffffff_2017-03-01 06:00:00,51.0,3200.0,62.74509803921568,1.0,30.0,30.0,62.11538461538461,851f1887fffffff,2017-03-01 06:00:00
18,851f1887fffffff_2017-03-01 12:00:00,58.0,3350.0,57.75862068965517,8.0,525.0,65.625,58.71212121212121,851f1887fffffff,2017-03-01 12:00:00
19,851f1887fffffff_2017-03-01 18:00:00,37.0,3000.0,81.08108108108108,4.0,150.0,37.5,76.82926829268293,851f1887fffffff,2017-03-01 18:00:00
20,851f1887fffffff_2017-03-02 00:00:00,9.0,730.0,81.1111111111111,3.0,360.0,120.0,90.83333333333333,851f1887fffffff,2017-03-02 00:00:00
21,851f1887fffffff_2017-03-02 06:00:00,89.0,6295.0,70.73033707865169,0.0,0.0,0.0,70.73033707865169,851f1887fffffff,2017-03-02 06:00:00
22,851f1887fffffff_2017-03-02 12:00:00,81.0,4895.0,60.4320987654321,15.0,840.0,56.0,59.739583333333336,851f1887fffffff,2017-03-02 12:00:00
23,851f1887fffffff_2017-03-02 18:00:00,52.0,4985.0,95.8653846153846,1.0,40.0,40.0,94.81132075471699,851f1887fffffff,2017-03-02 18:00:00
24,851f1887fffffff_2017-03-03 00:00:00,5.0,145.0,29.0,1.0,20.0,20.0,27.5,851f1887fffffff,2017-03-03 00:00:00
25,851f1887fffffff_2017-03-03 06:00:00,65.0,3780.0,58.153846153846146,2.0,55.0,27.5,57.23880597014925,851f1887fffffff,2017-03-03 06:00:00
26,851f1887fffffff_2017-03-03 12:00:00,79.0,3745.0,47.40506329113924,6.0,210.0,35.0,46.529411764705884,851f1887fffffff,2017-03-03 12:00:00
27,851f1887fffffff_2017-03-03 18:00:00,48.0,1715.0,35.729166666666664,1.0,40.0,40.0,35.816326530612244,851f1887fffffff,2017-03-03 18:00:00
28,851f1887fffffff_2017-03-04 00:00:00,5.0,270.0,54.0,0.0,0.0,0.0,54.0,851f1887fffffff,2017-03-04 00:00:00
29,851f1887fffffff_2017-03-04 06:00:00,81.0,6485.0,80.06172839506173,1.0,70.0,70.0,79.9390243902439,851f1887fffffff,2017-03-04 06:00:00
30,851f1887fffffff_2017-03-04 12:00:00,68.0,4080.0,60.0,2.0,60.0,30.0,59.142857142857146,851f1887fffffff,2017-03-04 12:00:00
31,851f1887fffffff_2017-03-04 18:00:00,47.0,1705.0,36.276595744680854,2.0,90.0,45.0,36.63265306122449,851f1887fffffff,2017-03-04 18:00:00
32,851f1887fffffff_2017-03-05 00:00:00,6.0,225.0,37.5,0.0,0.0,0.0,37.5,851f1887fffffff,2017-03-05 00:00:00
33,851f1887fffffff_2017-03-05 06:00:00,56.0,4280.0,76.42857142857143,1.0,30.0,30.0,75.6140350877193,851f1887fffffff,2017-03-05 06:00:00
34,851f1887fffffff_2017-03-05 12:00:00,58.0,5210.0,89.82758620689656,2.0,100.0,50.0,88.5,851f1887fffffff,2017-03-05 12:00:00
35,851f1887fffffff_2017-03-05 18:00:00,25.0,900.0,36.0,0.0,0.0,0.0,36.0,851f1887fffffff,2017-03-05 18:00:00
36,851f1887fffffff_2017-03-06 00:00:00,12.0,380.0,31.66666666666667,3.0,165.0,55.0,36.333333333333336,851f1887fffffff,2017-03-06 00:00:00
37,851f1887fffffff_2017-03-06 06:00:00,48.0,3575.0,74.47916666666667,2.0,120.0,60.0,73.9,851f1887fffffff,2017-03-06 06:00:00
38,851f1887fffffff_2017-03-06 12:00:00,54.0,2470.0,45.74074074074074,6.0,280.0,46.66666666666666,45.833333333333336,851f1887fffffff,2017-03-06 12:00:00
39,851f1887fffffff_2017-03-06 18:00:00,36.0,2475.0,68.75,3.0,135.0,45.0,66.92307692307692,851f1887fffffff,2017-03-06 18:00:00
40,851f1887fffffff_2017-03-07 00:00:00,20.0,1515.0,75.75,2.0,70.0,35.0,72.04545454545455,851f1887fffffff,2017-03-07 00:00:00
41,851f1887fffffff_2017-03-07 06:00:00,48.0,3140.0,65.41666666666667,3.0,85.0,28.33333333333333,63.23529411764706,851f1887fffffff,2017-03-07 06:00:00
42,851f1887fffffff_2017-03-07 12:00:00,79.0,4565.0,57.78481012658228,5.0,335.0,67.0,58.333333333333336,851f1887fffffff,2017-03-07 12:00:00
43,851f1887fffffff_2017-03-07 18:00:00,39.0,1795.0,46.02564102564103,0.0,0.0,0.0,46.02564102564103,851f1887fffffff,2017-03-07 18:00:00
44,851f1887fffffff_2017-03-08 00:00:00,8.0,330.0,41.25,0.0,0.0,0.0,41.25,851f1887fffffff,2017-03-08 00:00:00
45,851f1887fffffff_2017-03-08 06:00:00,59.0,3925.0,66.52542372881356,2.0,75.0,37.5,65.57377049180327,851f1887fffffff,2017-03-08 06:00:00
46,851f1887fffffff_2017-03-08 12:00:00,58.0,2725.0,46.98275862068966,9.0,580.0,64.44444444444444,49.32835820895522,851f1887fffffff,2017-03-08 12:00:00
47,851f1887fffffff_2017-03-08 18:00:00,43.0,2525.0,58.72093023255814,2.0,305.0,152.5,62.888888888888886,851f1887fffffff,2017-03-08 18:00:00
48,851f1887fffffff_2017-03-09 00:00:00,10.0,570.0,57.0,2.0,90.0,45.0,55.0,851f1887fffffff,2017-03-09 00:00:00
49,851f1887fffffff_2017-03-09 06:00:00,64.0,4000.0,62.5,3.0,160.0,53.33333333333334,62.08955223880597,851f1887fffffff,2017-03-09 06:00:00
50,851f1887fffffff_2017-03-09 12:00:00,73.0,4185.0,57.32876712328767,7.0,2820.0,402.8571428571428,87.5625,851f1887fffffff,2017-03-09 12:00:00
51,851f1887fffffff_2017-03-09 18:00:00,56.0,4515.0,80.625,2.0,65.0,32.5,78.96551724137932,851f1887fffffff,2017-03-09 18:00:00
52,851f1887fffffff_2017-03-10 00:00:00,11.0,460.0,41.81818181818182,0.0,0.0,0.0,41.81818181818182,851f1887fffffff,2017-03-10 00:00:00
53,851f1887fffffff_2017-03-10 06:00:00,66.0,4200.0,63.63636363636363,2.0,100.0,50.0,63.23529411764706,851f1887fffffff,2017-03-10 06:00:00
54,851f1887fffffff_2017-03-10 12:00:00,73.0,4805.0,65.82191780821917,13.0,530.0,40.769230769230774,62.03488372093023,851f1887fffffff,2017-03-10 12:00:00
55,851f1887fffffff_2017-03-10 18:00:00,39.0,1855.0,47.56410256410256,1.0,65.0,65.0,48.0,851f1887fffffff,2017-03-10 18:00:00
56,851f1887fffffff_2017-03-11 00:00:00,10.0,390.0,39.0,2.0,100.0,50.0,40.833333333333336,851f1887fffffff,2017-03-11 00:00:00
57,851f1887fffffff_2017-03-11 06:00:00,64.0,3835.0,59.921875,1.0,30.0,30.0,59.46153846153846,851f1887fffffff,2017-03-11 06:00:00
58,851f1887fffffff_2017-03-11 12:00:00,65.0,4405.0,67.76923076923077,3.0,145.0,48.33333333333334,66.91176470588235,851f1887fffffff,2017-03-11 12:00:00
59,851f1887fffffff_2017-03-11 18:00:00,43.0,3265.0,75.93023255813954,0.0,0.0,0.0,75.93023255813954,851f1887fffffff,2017-03-11 18:00:00
60,851f1887fffffff_2017-03-12 00:00:00,13.0,440.0,33.846153846153854,0.0,0.0,0.0,33.84615384615385,851f1887fffffff,2017-03-12 00:00:00
61,851f1887fffffff_2017-03-12 06:00:00,24.0,2765.0,115.20833333333331,0.0,0.0,0.0,115.20833333333333,851f1887fffffff,2017-03-12 06:00:00
62,851f1887fffffff_2017-03-12 12:00:00,62.0,3435.0,55.403225806451616,3.0,150.0,50.0,55.15384615384615,851f1887fffffff,2017-03-12 12:00:00
63,851f1887fffffff_2017-03-12 18:00:00,20.0,950.0,47.5,2.0,60.0,30.0,45.90909090909091,851f1887fffffff,2017-03-12 18:00:00
64,851f1887fffffff_2017-03-13 00:00:00,5.0,665.0,133.0,0.0,0.0,0.0,133.0,851f1887fffffff,2017-03-13 00:00:00
65,851f1887fffffff_2017-03-13 06:00:00,56.0,4860.0,86.7857142857143,3.0,85.0,28.33333333333333,83.8135593220339,851f1887fffffff,2017-03-13 06:00:00
66,851f1887fffffff_2017-03-13 12:00:00,52.0,4320.0,83.07692307692308,15.0,655.0,43.66666666666666,74.25373134328358,851f1887fffffff,2017-03-13 12:00:00
67,851f1887fffffff_2017-03-13 18:00:00,13.0,1700.0,130.76923076923077,1.0,45.0,45.0,124.64285714285714,851f1887fffffff,2017-03-13 18:00:00
68,851f1887fffffff_2017-03-14 00:00:00,9.0,265.0,29.444444444444446,0.0,0.0,0.0,29.444444444444443,851f1887fffffff,2017-03-14 00:00:00
69,851f1887fffffff_2017-03-14 06:00:00,53.0,4220.0,79.62264150943396,2.0,130.0,65.0,79.0909090909091,851f1887fffffff,2017-03-14 06:00:00
70,851f1887fffffff_2017-03-14 12:00:00,66.0,3660.0,55.45454545454545,10.0,575.0,57.5,55.723684210526315,851f1887fffffff,2017-03-14 12:00:00
71,851f1887fffffff_2017-03-14 18:00:00,40.0,2750.0,68.75,3.0,145.0,48.33333333333334,67.32558139534883,851f1887fffffff,2017-03-14 18:00:00
72,851f1887fffffff_2017-03-15 00:00:00,8.0,385.0,48.125,1.0,50.0,50.0,48.333333333333336,851f1887fffffff,2017-03-15 00:00:00
73,851f1887fffffff_2017-03-15 06:00:00,51.0,3450.0,67.64705882352939,1.0,150.0,150.0,69.23076923076923,851f1887fffffff,2017-03-15 06:00:00
74,851f1887fffffff_2017-03-15 12:00:00,78.0,6945.0,89.03846153846153,12.0,550.0,45.83333333333334,83.27777777777777,851f1887fffffff,2017-03-15 12:00:00
75,851f1887fffffff_2017-03-15 18:00:00,27.0,1140.0,42.22222222222222,8.0,320.0,40.0,41.714285714285715,851f1887fffffff,2017-03-15 18:00:00
76,851f1887fffffff_2017-03-16 00:00:00,9.0,330.0,36.66666666666666,0.0,0.0,0.0,36.666666666666664,851f1887fffffff,2017-03-16 00:00:00
77,851f1887fffffff_2017-03-16 06:00:00,53.0,4940.0,93.2075471698113,6.0,280.0,46.66666666666666,88.47457627118644,851f1887fffffff,2017-03-16 06:00:00
78,851f1887fffffff_2017-03-16 12:00:00,68.0,3770.0,55.441176470588225,8.0,490.0,61.25,56.05263157894737,851f1887fffffff,2017-03-16 12:00:00
79,851f1887fffffff_2017-03-16 18:00:00,34.0,1235.0,36.3235294117647,3.0,95.0,31.66666666666667,35.945945945945944,851f1887fffffff,2017-03-16 18:00:00
80,851f1887fffffff_2017-03-17 00:00:00,12.0,855.0,71.25,2.0,125.0,62.5,70.0,851f1887fffffff,2017-03-17 00:00:00
81,851f1887fffffff_2017-03-17 06:00:00,82.0,6180.0,75.36585365853658,4.0,215.0,53.75,74.36046511627907,851f1887fffffff,2017-03-17 06:00:00
82,851f1887fffffff_2017-03-17 12:00:00,70.0,4375.0,62.5,13.0,900.0,69.23076923076923,63.55421686746988,851f1887fffffff,2017-03-17 12:00:00
83,851f1887fffffff_2017-03-17 18:00:00,33.0,1115.0,33.78787878787879,0.0,0.0,0.0,33.78787878787879,851f1887fffffff,2017-03-17 18:00:00
84,851f1887fffffff_2017-03-18 00:00:00,5.0,250.0,50.0,1.0,5.0,5.0,42.5,851f1887fffffff,2017-03-18 00:00:00
85,851f1887fffffff_2017-03-18 06:00:00,76.0,4915.0,64.67105263157895,1.0,35.0,35.0,64.28571428571429,851f1887fffffff,2017-03-18 06:00:00
86,851f1887fffffff_2017-03-18 12:00:00,81.0,6065.0,74.87654320987654,3.0,100.0,33.333333333333336,73.39285714285714,851f1887fffffff,2017-03-18 12:00:00
87,851f1887fffffff_2017-03-18 18:00:00,63.0,4975.0,78.96825396825396,1.0,40.0,40.0,78.359375,851f1887fffffff,2017-03-18 18:00:00
88,851f1887fffffff_2017-03-19 00:00:00,3.0,85.0,28.33333333333333,0.0,0.0,0.0,28.333333333333332,851f1887fffffff,2017-03-19 00:00:00
89,851f1887fffffff_2017-03-19 06:00:00,41.0,2120.0,51.707317073170735,0.0,0.0,0.0,51.707317073170735,851f1887fffffff,2017-03-19 06:00:00
90,851f1887fffffff_2017-03-19 12:00:00,77.0,4920.0,63.896103896103895,6.0,1460.0,243.33333333333331,76.86746987951807,851f1887fffffff,2017-03-19 12:00:00
91,851f1887fffffff_2017-03-19 18:00:00,29.0,1695.0,58.44827586206897,0.0,0.0,0.0,58.44827586206897,851f1887fffffff,2017-03-19 18:00:00
92,851f1887fffffff_2017-03-20 00:00:00,10.0,1450.0,145.0,0.0,0.0,0.0,145.0,851f1887fffffff,2017-03-20 00:00:00
93,851f1887fffffff_2017-03-20 06:00:00,42.0,2065.0,49.16666666666666,2.0,175.0,87.5,50.90909090909091,851f1887fffffff,2017-03-20 06:00:00
94,851f1887fffffff_2017-03-20 12:00:00,57.0,2925.0,51.31578947368421,9.0,545.0,60.555555555555564,52.57575757575758,851f1887fffffff,2017-03-20 12:00:00
95,851f1887fffffff_2017-03-20 18:00:00,24.0,865.0,36.04166666666666,1.0,45.0,45.0,36.4,851f1887fffffff,2017-03-20 18:00:00
96,851f1887fffffff_2017-03-21 00:00:00,10.0,560.0,56.0,0.0,0.0,0.0,56.0,851f1887fffffff,2017-03-21 00:00:00
97,851f1887fffffff_2017-03-21 06:00:00,47.0,2260.0,48.085106382978715,2.0,85.0,42.5,47.857142857142854,851f1887fffffff,2017-03-21 06:00:00
98,851f1887fffffff_2017-03-21 12:00:00,54.0,2170.0,40.185185185185176,12.0,735.0,61.25,44.015151515151516,851f1887fffffff,2017-03-21 12:00:00
99,851f1887fffffff_2017-03-21 18:00:00,30.0,1100.0,36.66666666666666,0.0,0.0,0.0,36.666666666666664,851f1887fffffff,2017-03-21 18:00:00
100,851f1887fffffff_2017-03-22 00:00:00,9.0,610.0,67.77777777777777,1.0,50.0,50.0,66.0,851f1887fffffff,2017-03-22 00:00:00
101,851f1887fffffff_2017-03-22 06:00:00,64.0,4585.0,71.640625,0.0,0.0,0.0,71.640625,851f1887fffffff,2017-03-22 06:00:00
102,851f1887fffffff_2017-03-22 12:00:00,72.0,4305.0,59.79166666666666,15.0,960.0,64.0,60.51724137931034,851f1887fffffff,2017-03-22 12:00:00
103,851f1887fffffff_2017-03-22 18:00:00,30.0,1630.0,54.33333333333334,3.0,95.0,31.66666666666667,52.27272727272727,851f1887fffffff,2017-03-22 18:00:00
104,851f1887fffffff_2017-03-23 00:00:00,10.0,550.0,55.0,0.0,0.0,0.0,55.0,851f1887fffffff,2017-03-23 00:00:00
105,851f1887fffffff_2017-03-23 06:00:00,57.0,5115.0,89.73684210526315,2.0,105.0,52.5,88.47457627118644,851f1887fffffff,2017-03-23 06:00:00
106,851f1887fffffff_2017-03-23 12:00:00,83.0,4550.0,54.819277108433745,15.0,940.0,62.66666666666666,56.02040816326531,851f1887fffffff,2017-03-23 12:00:00
107,851f1887fffffff_2017-03-23 18:00:00,27.0,1475.0,54.62962962962962,0.0,0.0,0.0,54.629629629629626,851f1887fffffff,2017-03-23 18:00:00
108,851f1887fffffff_2017-03-24 00:00:00,14.0,645.0,46.07142857142857,0.0,0.0,0.0,46.07142857142857,851f1887fffffff,2017-03-24 00:00:00
109,851f1887fffffff_2017-03-24 06:00:00,61.0,3680.0,60.32786885245902,3.0,290.0,96.66666666666669,62.03125,851f1887fffffff,2017-03-24 06:00:00
110,851f1887fffffff_2017-03-24 12:00:00,71.0,4340.0,61.12676056338028,13.0,605.0,46.53846153846154,58.86904761904762,851f1887fffffff,2017-03-24 12:00:00
111,851f1887fffffff_2017-03-24 18:00:00,36.0,1850.0,51.38888888888889,4.0,190.0,47.5,51.0,851f1887fffffff,2017-03-24 18:00:00
112,851f18b3fffffff_2017-02-25 00:00:00,174.0,6540.0,37.586206896551715,166.0,4905.0,29.548192771084338,33.661764705882355,851f18b3fffffff,2017-02-25 00:00:00
113,851f18b3fffffff_2017-02-25 06:00:00,458.0,28725.0,62.71834061135371,420.0,20750.0,49.404761904761905,56.3496583143508,851f18b3fffffff,2017-02-25 06:00:00
114,851f18b3fffffff_2017-02-25 12:00:00,741.0,44805.0,60.46558704453442,646.0,31855.0,49.31114551083592,55.2703677000721,851f18b3fffffff,2017-02-25 12:00:00
115,851f18b3fffffff_2017-02-25 18:00:00,689.0,35365.0,51.328011611030476,527.0,24870.0,47.19165085388994,49.53536184210526,851f18b3fffffff,2017-02-25 18:00:00
116,851f18b3fffffff_2017-02-26 00:00:00,188.0,5830.0,31.010638297872337,175.0,5080.0,29.02857142857143,30.05509641873278,851f18b3fffffff,2017-02-26 00:00:00
117,851f18b3fffffff_2017-02-26 06:00:00,381.0,21300.0,55.905511811023615,294.0,12745.0,43.35034013605442,50.43703703703704,851f18b3fffffff,2017-02-26 06:00:00
118,851f18b3fffffff_2017-02-26 12:00:00,637.0,30975.0,48.626373626373635,499.0,21975.0,44.03807615230461,46.610915492957744,851f18b3fffffff,2017-02-26 12:00:00
119,851f18b3fffffff_2017-02-26 18:00:00,387.0,17520.0,45.27131782945737,372.0,13825.0,37.163978494623656,41.29776021080369,851f18b3fffffff,2017-02-26 18:00:00
120,851f18b3fffffff_2017-02-27 00:00:00,99.0,4450.0,44.949494949494955,128.0,8230.0,64.296875,55.859030837004404,851f18b3fffffff,2017-02-27 00:00:00
121,851f18b3fffffff_2017-02-27 06:00:00,421.0,23545.0,55.92636579572447,395.0,18355.0,46.468354430379755,51.34803921568628,851f18b3fffffff,2017-02-27 06:00:00
122,851f18b3fffffff_2017-02-27 12:00:00,515.0,26020.0,50.524271844660184,474.0,22150.0,46.72995780590718,48.70576339737108,851f18b3fffffff,2017-02-27 12:00:00
123,851f18b3fffffff_2017-02-27 18:00:00,370.0,18130.0,49.0,429.0,16655.0,38.82284382284382,43.53566958698373,851f18b3fffffff,2017-02-27 18:00:00
124,851f18b3fffffff_2017-02-28 00:00:00,101.0,4470.0,44.257425742574256,146.0,8165.0,55.92465753424658,51.15384615384615,851f18b3fffffff,2017-02-28 00:00:00
125,851f18b3fffffff_2017-02-28 06:00:00,442.0,25065.0,56.70814479638009,404.0,20140.0,49.851485148514854,53.4338061465721,851f18b3fffffff,2017-02-28 06:00:00
126,851f18b3fffffff_2017-02-28 12:00:00,522.0,27920.0,53.48659003831418,472.0,22165.0,46.95974576271186,50.38732394366197,851f18b3fffffff,2017-02-28 12:00:00
127,851f18b3fffffff_2017-02-28 18:00:00,472.0,20460.0,43.347457627118644,436.0,17070.0,39.15137614678899,41.33259911894273,851f18b3fffffff,2017-02-28 18:00:00
128,851f18b3fffffff_2017-03-01 00:00:00,108.0,5465.0,50.60185185185186,141.0,5665.0,40.17730496453901,44.69879518072289,851f18b3fffffff,2017-03-01 00:00:00
129,851f18b3fffffff_2017-03-01 06:00:00,424.0,22220.0,52.4056603773585,370.0,19225.0,51.95945945945946,52.19773299748111,851f18b3fffffff,2017-03-01 06:00:00
130,851f18b3fffffff_2017-03-01 12:00:00,476.0,25395.0,53.35084033613445,489.0,23670.0,48.40490797546012,50.84455958549223,851f18b3fffffff,2017-03-01 12:00:00
131,851f18b3fffffff_2017-03-01 18:00:00,499.0,24165.0,48.42685370741483,473.0,18680.0,39.49260042283298,44.07921810699588,851f18b3fffffff,2017-03-01 18:00:00
132,851f18b3fffffff_2017-03-02 00:00:00,86.0,4125.0,47.965116279069775,133.0,5340.0,40.15037593984962,43.21917808219178,851f18b3fffffff,2017-03-02 00:00:00
133,851f18b3fffffff_2017-03-02 06:00:00,502.0,27740.0,55.2589641434263,422.0,22500.0,53.3175355450237,54.37229437229437,851f18b3fffffff,2017-03-02 06:00:00
134,851f18b3fffffff_2017-03-02 12:00:00,579.0,38950.0,67.27115716753022,469.0,22350.0,47.6545842217484,58.49236641221374,851f18b3fffffff,2017-03-02 12:00:00
135,851f18b3fffffff_2017-03-02 18:00:00,581.0,28640.0,49.29432013769363,495.0,20330.0,41.070707070707066,45.51115241635688,851f18b3fffffff,2017-03-02 18:00:00
136,851f18b3fffffff_2017-03-03 00:00:00,114.0,6020.0,52.807017543859644,171.0,6425.0,37.57309941520468,43.666666666666664,851f18b3fffffff,2017-03-03 00:00:00
137,851f18b3fffffff_2017-03-03 06:00:00,537.0,28115.0,52.35567970204843,401.0,21420.0,53.41645885286784,52.8091684434968,851f18b3fffffff,2017-03-03 06:00:00
138,851f18b3fffffff_2017-03-03 12:00:00,614.0,34775.0,56.63680781758958,502.0,23930.0,47.66932270916335,52.60304659498208,851f18b3fffffff,2017-03-03 12:00:00
139,851f18b3fffffff_2017-03-03 18:00:00,690.0,29730.0,43.08695652173913,602.0,24950.0,41.44518272425249,42.3219814241486,851f18b3fffffff,2017-03-03 18:00:00
140,851f18b3fffffff_2017-03-04 00:00:00,157.0,5715.0,36.40127388535032,172.0,6315.0,36.71511627906977,36.56534954407295,851f18b3fffffff,2017-03-04 00:00:00
141,851f18b3fffffff_2017-03-04 06:00:00,485.0,29810.0,61.4639175257732,395.0,20510.0,51.924050632911396,57.18181818181818,851f18b3fffffff,2017-03-04 06:00:00
142,851f18b3fffffff_2017-03-04 12:00:00,757.0,47165.0,62.30515191545575,593.0,35145.0,59.2664418212479,60.97037037037037,851f18b3fffffff,2017-03-04 12:00:00
143,851f18b3fffffff_2017-03-04 18:00:00,634.0,26000.0,41.00946372239748,562.0,23680.0,42.13523131672598,41.53846153846154,851f18b3fffffff,2017-03-04 18:00:00
144,851f18b3fffffff_2017-03-05 00:00:00,161.0,6260.0,38.88198757763975,151.0,4785.0,31.688741721854306,35.40064102564103,851f18b3fffffff,2017-03-05 00:00:00
145,851f18b3fffffff_2017-03-05 06:00:00,329.0,16990.0,51.641337386018236,315.0,14820.0,47.047619047619044,49.3944099378882,851f18b3fffffff,2017-03-05 06:00:00
146,851f18b3fffffff_2017-03-05 12:00:00,682.0,36560.0,53.60703812316715,486.0,23110.0,47.55144032921811,51.08732876712329,851f18b3fffffff,2017-03-05 12:00:00
147,851f18b3fffffff_2017-03-05 18:00:00,372.0,15760.0,42.36559139784946,303.0,12415.0,40.973597359735976,41.74074074074074,851f18b3fffffff,2017-03-05 18:00:00
148,851f18b3fffffff_2017-03-06 00:00:00,101.0,7910.0,78.31683168316832,118.0,5695.0,48.26271186440679,62.12328767123287,851f18b3fffffff,2017-03-06 00:00:00
149,851f18b3fffffff_2017-03-06 06:00:00,339.0,19225.0,56.71091445427729,440.0,20675.0,46.98863636363637,51.21951219512195,851f18b3fffffff,2017-03-06 06:00:00
150,851f18b3fffffff_2017-03-06 12:00:00,449.0,19940.0,44.40979955456571,438.0,20985.0,47.91095890410959,46.13866967305524,851f18b3fffffff,2017-03-06 12:00:00
151,851f18b3fffffff_2017-03-06 18:00:00,418.0,23010.0,55.047846889952154,441.0,19485.0,44.18367346938776,49.470314318975554,851f18b3fffffff,2017-03-06 18:00:00
152,851f18b3fffffff_2017-03-07 00:00:00,100.0,4365.0,43.65,136.0,5665.0,41.65441176470589,42.5,851f18b3fffffff,2017-03-07 00:00:00
153,851f18b3fffffff_2017-03-07 06:00:00,420.0,21320.0,50.76190476190475,442.0,23600.0,53.393665158371036,52.11136890951276,851f18b3fffffff,2017-03-07 06:00:00
154,851f18b3fffffff_2017-03-07 12:00:00,511.0,25905.0,50.69471624266146,451.0,22245.0,49.32372505543237,50.05197505197505,851f18b3fffffff,2017-03-07 12:00:00
155,851f18b3fffffff_2017-03-07 18:00:00,478.0,19980.0,41.79916317991632,449.0,19045.0,42.41648106904232,42.09816612729234,851f18b3fffffff,2017-03-07 18:00:00
156,851f18b3fffffff_2017-03-08 00:00:00,105.0,6070.0,57.80952380952381,133.0,6875.0,51.69172932330828,54.390756302521005,851f18b3fffffff,2017-03-08 00:00:00
157,851f18b3fffffff_2017-03-08 06:00:00,394.0,23740.0,60.25380710659898,437.0,22840.0,52.26544622425629,56.05294825511432,851f18b3fffffff,2017-03-08 06:00:00
158,851f18b3fffffff_2017-03-08 12:00:00,474.0,28910.0,60.991561181434605,447.0,24670.0,55.19015659955257,58.17589576547231,851f18b3fffffff,2017-03-08 12:00:00
159,851f18b3fffffff_2017-03-08 18:00:00,516.0,24210.0,46.91860465116279,481.0,19975.0,41.52806652806653,44.317953861584755,851f18b3fffffff,2017-03-08 18:00:00
160,851f18b3fffffff_2017-03-09 00:00:00,86.0,3780.0,43.95348837209303,138.0,6085.0,44.094202898550726,44.04017857142857,851f18b3fffffff,2017-03-09 00:00:00
161,851f18b3fffffff_2017-03-09 06:00:00,455.0,25240.0,55.47252747252747,425.0,21920.0,51.576470588235296,53.59090909090909,851f18b3fffffff,2017-03-09 06:00:00
162,851f18b3fffffff_2017-03-09 12:00:00,447.0,25235.0,56.45413870246085,450.0,23260.0,51.68888888888889,54.063545150501675,851f18b3fffffff,2017-03-09 12:00:00
163,851f18b3fffffff_2017-03-09 18:00:00,542.0,25925.0,47.83210332103321,459.0,21505.0,46.85185185185186,47.38261738261738,851f18b3fffffff,2017-03-09 18:00:00
164,851f18b3fffffff_2017-03-10 00:00:00,127.0,6945.0,54.68503937007875,155.0,6100.0,39.354838709677416,46.258865248226954,851f18b3fffffff,2017-03-10 00:00:00
165,851f18b3fffffff_2017-03-10 06:00:00,381.0,23545.0,61.7979002624672,418.0,21350.0,51.076555023923454,56.18898623279099,851f18b3fffffff,2017-03-10 06:00:00
166,851f18b3fffffff_2017-03-10 12:00:00,508.0,33065.0,65.08858267716536,527.0,26735.0,50.73055028462999,57.77777777777778,851f18b3fffffff,2017-03-10 12:00:00
167,851f18b3fffffff_2017-03-10 18:00:00,641.0,30285.0,47.246489859594384,610.0,25240.0,41.377049180327866,44.38449240607514,851f18b3fffffff,2017-03-10 18:00:00
168,851f18b3fffffff_2017-03-11 00:00:00,190.0,7375.0,38.81578947368421,223.0,8490.0,38.071748878923756,38.41404358353511,851f18b3fffffff,2017-03-11 00:00:00
169,851f18b3fffffff_2017-03-11 06:00:00,496.0,36000.0,72.5806451612903,413.0,22125.0,53.57142857142857,63.943894389438945,851f18b3fffffff,2017-03-11 06:00:00
170,851f18b3fffffff_2017-03-11 12:00:00,670.0,40235.0,60.05223880597014,595.0,31850.0,53.529411764705884,56.984189723320156,851f18b3fffffff,2017-03-11 12:00:00
171,851f18b3fffffff_2017-03-11 18:00:00,676.0,29180.0,43.16568047337278,560.0,23845.0,42.580357142857146,42.900485436893206,851f18b3fffffff,2017-03-11 18:00:00
172,851f18b3fffffff_2017-03-12 00:00:00,194.0,5750.0,29.639175257731964,164.0,6220.0,37.92682926829269,33.435754189944134,851f18b3fffffff,2017-03-12 00:00:00
173,851f18b3fffffff_2017-03-12 06:00:00,363.0,23385.0,64.42148760330579,331.0,14925.0,45.090634441087616,55.20172910662824,851f18b3fffffff,2017-03-12 06:00:00
174,851f18b3fffffff_2017-03-12 12:00:00,629.0,33260.0,52.87758346581876,563.0,27470.0,48.79218472468917,50.94798657718121,851f18b3fffffff,2017-03-12 12:00:00
175,851f18b3fffffff_2017-03-12 18:00:00,357.0,15010.0,42.04481792717087,338.0,13755.0,40.69526627218935,41.388489208633096,851f18b3fffffff,2017-03-12 18:00:00
176,851f18b3fffffff_2017-03-13 00:00:00,80.0,3595.0,44.9375,135.0,4905.0,36.333333333333336,39.53488372093023,851f18b3fffffff,2017-03-13 00:00:00
177,851f18b3fffffff_2017-03-13 06:00:00,342.0,18490.0,54.06432748538012,370.0,18315.0,49.5,51.69241573033708,851f18b3fffffff,2017-03-13 06:00:00
178,851f18b3fffffff_2017-03-13 12:00:00,438.0,22050.0,50.342465753424655,435.0,23015.0,52.9080459770115,51.620847651775485,851f18b3fffffff,2017-03-13 12:00:00
179,851f18b3fffffff_2017-03-13 18:00:00,201.0,20235.0,100.67164179104479,407.0,17325.0,42.56756756756757,61.776315789473685,851f18b3fffffff,2017-03-13 18:00:00
180,851f18b3fffffff_2017-03-14 00:00:00,79.0,3150.0,39.87341772151899,146.0,5375.0,36.815068493150676,37.888888888888886,851f18b3fffffff,2017-03-14 00:00:00
181,851f18b3fffffff_2017-03-14 06:00:00,360.0,17675.0,49.09722222222222,400.0,18675.0,46.6875,47.828947368421055,851f18b3fffffff,2017-03-14 06:00:00
182,851f18b3fffffff_2017-03-14 12:00:00,410.0,23975.0,58.47560975609756,457.0,20970.0,45.88621444201313,51.839677047289506,851f18b3fffffff,2017-03-14 12:00:00
183,851f18b3fffffff_2017-03-14 18:00:00,429.0,20495.0,47.77389277389278,448.0,18555.0,41.417410714285715,44.526795895096924,851f18b3fffffff,2017-03-14 18:00:00
184,851f18b3fffffff_2017-03-15 00:00:00,73.0,3385.0,46.369863013698634,123.0,4680.0,38.04878048780488,41.14795918367347,851f18b3fffffff,2017-03-15 00:00:00
185,851f18b3fffffff_2017-03-15 06:00:00,437.0,21925.0,50.17162471395881,402.0,20380.0,50.69651741293532,50.42312276519666,851f18b3fffffff,2017-03-15 06:00:00
186,851f18b3fffffff_2017-03-15 12:00:00,441.0,25840.0,58.59410430839002,505.0,24745.0,49.0,53.47251585623679,851f18b3fffffff,2017-03-15 12:00:00
187,851f18b3fffffff_2017-03-15 18:00:00,478.0,21085.0,44.11087866108787,465.0,18345.0,39.451612903225815,41.813361611876985,851f18b3fffffff,2017-03-15 18:00:00
188,851f18b3fffffff_2017-03-16 00:00:00,107.0,4660.0,43.55140186915888,147.0,5805.0,39.48979591836735,41.2007874015748,851f18b3fffffff,2017-03-16 00:00:00
189,851f18b3fffffff_2017-03-16 06:00:00,411.0,21515.0,52.34793187347932,413.0,18175.0,44.007263922518156,48.16747572815534,851f18b3fffffff,2017-03-16 06:00:00
190,851f18b3fffffff_2017-03-16 12:00:00,481.0,23795.0,49.46985446985447,445.0,19710.0,44.29213483146068,46.981641468682504,851f18b3fffffff,2017-03-16 12:00:00
191,851f18b3fffffff_2017-03-16 18:00:00,513.0,22480.0,43.820662768031184,491.0,21310.0,43.401221995926676,43.61553784860558,851f18b3fffffff,2017-03-16 18:00:00
192,851f18b3fffffff_2017-03-17 00:00:00,104.0,5995.0,57.644230769230774,144.0,6405.0,44.47916666666666,50.0,851f18b3fffffff,2017-03-17 00:00:00
193,851f18b3fffffff_2017-03-17 06:00:00,445.0,26350.0,59.21348314606742,404.0,19300.0,47.77227722772278,53.76914016489988,851f18b3fffffff,2017-03-17 06:00:00
194,851f18b3fffffff_2017-03-17 12:00:00,589.0,32085.0,54.47368421052632,512.0,29490.0,57.59765625,55.926430517711175,851f18b3fffffff,2017-03-17 12:00:00
195,851f18b3fffffff_2017-03-17 18:00:00,659.0,28375.0,43.05766312594841,590.0,25870.0,43.847457627118644,43.43074459567654,851f18b3fffffff,2017-03-17 18:00:00
196,851f18b3fffffff_2017-03-18 00:00:00,168.0,6700.0,39.88095238095238,188.0,6240.0,33.191489361702125,36.348314606741575,851f18b3fffffff,2017-03-18 00:00:00
197,851f18b3fffffff_2017-03-18 06:00:00,502.0,31790.0,63.32669322709164,469.0,23255.0,49.58422174840085,56.68898043254377,851f18b3fffffff,2017-03-18 06:00:00
198,851f18b3fffffff_2017-03-18 12:00:00,779.0,42095.0,54.0372272143774,668.0,32675.0,48.91467065868263,51.67242570836213,851f18b3fffffff,2017-03-18 12:00:00
199,851f18b3fffffff_2017-03-18 18:00:00,727.0,38100.0,52.40715268225585,598.0,33495.0,56.01170568561872,54.033962264150944,851f18b3fffffff,2017-03-18 18:00:00
200,851f18b3fffffff_2017-03-19 00:00:00,184.0,7845.0,42.63586956521739,182.0,7100.0,39.010989010989015,40.833333333333336,851f18b3fffffff,2017-03-19 00:00:00
201,851f18b3fffffff_2017-03-19 06:00:00,431.0,20945.0,48.59628770301625,313.0,15490.0,49.4888178913738,48.971774193548384,851f18b3fffffff,2017-03-19 06:00:00
202,851f18b3fffffff_2017-03-19 12:00:00,807.0,38715.0,47.97397769516729,578.0,30440.0,52.6643598615917,49.931407942238266,851f18b3fffffff,2017-03-19 12:00:00
203,851f18b3fffffff_2017-03-19 18:00:00,457.0,20220.0,44.24507658643327,369.0,15180.0,41.138211382113816,42.857142857142854,851f18b3fffffff,2017-03-19 18:00:00
204,851f18b3fffffff_2017-03-20 00:00:00,100.0,3530.0,35.3,138.0,6415.0,46.48550724637681,41.785714285714285,851f18b3fffffff,2017-03-20 00:00:00
205,851f18b3fffffff_2017-03-20 06:00:00,471.0,27545.0,58.48195329087049,408.0,20565.0,50.404411764705884,54.732650739476675,851f18b3fffffff,2017-03-20 06:00:00
206,851f18b3fffffff_2017-03-20 12:00:00,446.0,24720.0,55.42600896860986,442.0,22535.0,50.984162895927604,53.215090090090094,851f18b3fffffff,2017-03-20 12:00:00
207,851f18b3fffffff_2017-03-20 18:00:00,374.0,15730.0,42.058823529411775,406.0,15760.0,38.817733990147794,40.37179487179487,851f18b3fffffff,2017-03-20 18:00:00
208,851f18b3fffffff_2017-03-21 00:00:00,89.0,4755.0,53.42696629213483,125.0,5355.0,42.84,47.242990654205606,851f18b3fffffff,2017-03-21 00:00:00
209,851f18b3fffffff_2017-03-21 06:00:00,452.0,22600.0,50.0,399.0,21230.0,53.20802005012531,51.50411280846063,851f18b3fffffff,2017-03-21 06:00:00
210,851f18b3fffffff_2017-03-21 12:00:00,485.0,26950.0,55.56701030927835,485.0,25660.0,52.907216494845365,54.23711340206186,851f18b3fffffff,2017-03-21 12:00:00
211,851f18b3fffffff_2017-03-21 18:00:00,430.0,20685.0,48.1046511627907,461.0,17395.0,37.73318872017354,42.7384960718294,851f18b3fffffff,2017-03-21 18:00:00
212,851f18b3fffffff_2017-03-22 00:00:00,93.0,3305.0,35.537634408602145,129.0,5130.0,39.76744186046512,37.9954954954955,851f18b3fffffff,2017-03-22 00:00:00
213,851f18b3fffffff_2017-03-22 06:00:00,389.0,21890.0,56.27249357326478,372.0,17450.0,46.90860215053763,51.69513797634691,851f18b3fffffff,2017-03-22 06:00:00
214,851f18b3fffffff_2017-03-22 12:00:00,455.0,24130.0,53.03296703296704,466.0,22820.0,48.96995708154507,50.9771986970684,851f18b3fffffff,2017-03-22 12:00:00
215,851f18b3fffffff_2017-03-22 18:00:00,460.0,20560.0,44.69565217391305,436.0,16860.0,38.66972477064221,41.763392857142854,851f18b3fffffff,2017-03-22 18:00:00
216,851f18b3fffffff_2017-03-23 00:00:00,99.0,4080.0,41.21212121212121,119.0,4780.0,40.16806722689076,40.642201834862384,851f18b3fffffff,2017-03-23 00:00:00
217,851f18b3fffffff_2017-03-23 06:00:00,448.0,26485.0,59.11830357142857,410.0,20130.0,49.09756097560975,54.32983682983683,851f18b3fffffff,2017-03-23 06:00:00
218,851f18b3fffffff_2017-03-23 12:00:00,511.0,25660.0,50.21526418786693,435.0,23130.0,53.17241379310346,51.575052854122625,851f18b3fffffff,2017-03-23 12:00:00
219,851f18b3fffffff_2017-03-23 18:00:00,510.0,21920.0,42.98039215686275,478.0,19155.0,40.07322175732217,41.57388663967611,851f18b3fffffff,2017-03-23 18:00:00
220,851f18b3fffffff_2017-03-24 00:00:00,113.0,5515.0,48.80530973451327,149.0,5735.0,38.489932885906036,42.93893129770992,851f18b3fffffff,2017-03-24 00:00:00
221,851f18b3fffffff_2017-03-24 06:00:00,454.0,22595.0,49.76872246696036,411.0,20210.0,49.17274939172749,49.48554913294798,851f18b3fffffff,2017-03-24 06:00:00
222,851f18b3fffffff_2017-03-24 12:00:00,565.0,34055.0,60.274336283185846,459.0,24100.0,52.50544662309368,56.7919921875,851f18b3fffffff,2017-03-24 12:00:00
223,851f18b3fffffff_2017-03-24 18:00:00,663.0,29180.0,44.01206636500754,525.0,21990.0,41.885714285714286,43.072390572390574,851f18b3fffffff,2017-03-24 18:00:00
224,851f18b7fffffff_2017-02-25 06:00:00,1.0,60.0,60.0,0.0,0.0,0.0,60.0,851f18b7fffffff,2017-02-25 06:00:00
225,851f18b7fffffff_2017-02-25 12:00:00,3.0,130.0,43.33333333333334,2.0,80.0,40.0,42.0,851f18b7fffffff,2017-02-25 12:00:00
226,851f18b7fffffff_2017-02-25 18:00:00,1.0,65.0,65.0,0.0,0.0,0.0,65.0,851f18b7fffffff,2017-02-25 18:00:00
227,851f18b7fffffff_2017-02-26 12:00:00,3.0,110.0,36.66666666666666,0.0,0.0,0.0,36.666666666666664,851f18b7fffffff,2017-02-26 12:00:00
228,851f18b7fffffff_2017-02-26 18:00:00,1.0,35.0,35.0,3.0,195.0,65.0,57.5,851f18b7fffffff,2017-02-26 18:00:00
229,851f18b7fffffff_2017-02-27 06:00:00,1.0,40.0,40.0,1.0,185.0,185.0,112.5,851f18b7fffffff,2017-02-27 06:00:00
230,851f18b7fffffff_2017-02-27 12:00:00,6.0,260.0,43.33333333333334,4.0,445.0,111.25,70.5,851f18b7fffffff,2017-02-27 12:00:00
231,851f18b7fffffff_2017-02-27 18:00:00,1.0,25.0,25.0,1.0,50.0,50.0,37.5,851f18b7fffffff,2017-02-27 18:00:00
232,851f18b7fffffff_2017-02-28 12:00:00,3.0,195.0,65.0,6.0,240.0,40.0,48.333333333333336,851f18b7fffffff,2017-02-28 12:00:00
233,851f18b7fffffff_2017-02-28 18:00:00,1.0,35.0,35.0,1.0,20.0,20.0,27.5,851f18b7fffffff,2017-02-28 18:00:00
234,851f18b7fffffff_2017-03-01 06:00:00,1.0,45.0,45.0,1.0,30.0,30.0,37.5,851f18b7fffffff,2017-03-01 06:00:00
235,851f18b7fffffff_2017-03-01 12:00:00,5.0,315.0,63.0,7.0,460.0,65.71428571428571,64.58333333333333,851f18b7fffffff,2017-03-01 12:00:00
236,851f18b7fffffff_2017-03-01 18:00:00,1.0,45.0,45.0,1.0,50.0,50.0,47.5,851f18b7fffffff,2017-03-01 18:00:00
237,851f18b7fffffff_2017-03-02 00:00:00,1.0,25.0,25.0,0.0,0.0,0.0,25.0,851f18b7fffffff,2017-03-02 00:00:00
238,851f18b7fffffff_2017-03-02 12:00:00,5.0,355.0,71.0,3.0,230.0,76.66666666666667,73.125,851f18b7fffffff,2017-03-02 12:00:00
239,851f18b7fffffff_2017-03-02 18:00:00,4.0,200.0,50.0,0.0,0.0,0.0,50.0,851f18b7fffffff,2017-03-02 18:00:00
240,851f18b7fffffff_2017-03-03 06:00:00,1.0,25.0,25.0,0.0,0.0,0.0,25.0,851f18b7fffffff,2017-03-03 06:00:00
241,851f18b7fffffff_2017-03-03 12:00:00,1.0,40.0,40.0,3.0,155.0,51.66666666666666,48.75,851f18b7fffffff,2017-03-03 12:00:00
242,851f18b7fffffff_2017-03-04 06:00:00,1.0,30.0,30.0,0.0,0.0,0.0,30.0,851f18b7fffffff,2017-03-04 06:00:00
243,851f18b7fffffff_2017-03-04 12:00:00,3.0,270.0,90.0,3.0,125.0,41.66666666666666,65.83333333333333,851f18b7fffffff,2017-03-04 12:00:00
244,851f18b7fffffff_2017-03-04 18:00:00,1.0,55.0,55.0,1.0,60.0,60.0,57.5,851f18b7fffffff,2017-03-04 18:00:00
245,851f18b7fffffff_2017-03-05 12:00:00,6.0,580.0,96.66666666666669,1.0,135.0,135.0,102.14285714285714,851f18b7fffffff,2017-03-05 12:00:00
246,851f18b7fffffff_2017-03-05 18:00:00,2.0,100.0,50.0,4.0,150.0,37.5,41.666666666666664,851f18b7fffffff,2017-03-05 18:00:00
247,851f18b7fffffff_2017-03-06 12:00:00,4.0,190.0,47.5,5.0,195.0,39.0,42.77777777777778,851f18b7fffffff,2017-03-06 12:00:00
248,851f18b7fffffff_2017-03-06 18:00:00,4.0,215.0,53.75,2.0,85.0,42.5,50.0,851f18b7fffffff,2017-03-06 18:00:00
249,851f18b7fffffff_2017-03-07 00:00:00,1.0,30.0,30.0,0.0,0.0,0.0,30.0,851f18b7fffffff,2017-03-07 00:00:00
250,851f18b7fffffff_2017-03-07 06:00:00,4.0,135.0,33.75,1.0,80.0,80.0,43.0,851f18b7fffffff,2017-03-07 06:00:00
251,851f18b7fffffff_2017-03-07 12:00:00,4.0,160.0,40.0,1.0,60.0,60.0,44.0,851f18b7fffffff,2017-03-07 12:00:00
252,851f18b7fffffff_2017-03-07 18:00:00,6.0,875.0,145.83333333333334,0.0,0.0,0.0,145.83333333333334,851f18b7fffffff,2017-03-07 18:00:00
253,851f18b7fffffff_2017-03-08 00:00:00,2.0,80.0,40.0,0.0,0.0,0.0,40.0,851f18b7fffffff,2017-03-08 00:00:00
254,851f18b7fffffff_2017-03-08 06:00:00,4.0,155.0,38.75,0.0,0.0,0.0,38.75,851f18b7fffffff,2017-03-08 06:00:00
255,851f18b7fffffff_2017-03-08 12:00:00,5.0,340.0,68.0,2.0,65.0,32.5,57.857142857142854,851f18b7fffffff,2017-03-08 12:00:00
256,851f18b7fffffff_2017-03-08 18:00:00,2.0,70.0,35.0,2.0,105.0,52.5,43.75,851f18b7fffffff,2017-03-08 18:00:00
257,851f18b7fffffff_2017-03-09 06:00:00,2.0,65.0,32.5,1.0,30.0,30.0,31.666666666666668,851f18b7fffffff,2017-03-09 06:00:00
258,851f18b7fffffff_2017-03-09 12:00:00,4.0,225.0,56.25,3.0,95.0,31.66666666666667,45.714285714285715,851f18b7fffffff,2017-03-09 12:00:00
259,851f18b7fffffff_2017-03-09 18:00:00,4.0,135.0,33.75,3.0,125.0,41.66666666666666,37.142857142857146,851f18b7fffffff,2017-03-09 18:00:00
260,851f18b7fffffff_2017-03-10 00:00:00,1.0,35.0,35.0,2.0,50.0,25.0,28.333333333333332,851f18b7fffffff,2017-03-10 00:00:00
261,851f18b7fffffff_2017-03-10 06:00:00,5.0,230.0,46.0,1.0,55.0,55.0,47.5,851f18b7fffffff,2017-03-10 06:00:00
262,851f18b7fffffff_2017-03-10 12:00:00,3.0,210.0,70.0,5.0,170.0,34.0,47.5,851f18b7fffffff,2017-03-10 12:00:00
263,851f18b7fffffff_2017-03-10 18:00:00,5.0,200.0,40.0,0.0,0.0,0.0,40.0,851f18b7fffffff,2017-03-10 18:00:00
264,851f18b7fffffff_2017-03-11 06:00:00,2.0,130.0,65.0,1.0,515.0,515.0,215.0,851f18b7fffffff,2017-03-11 06:00:00
265,851f18b7fffffff_2017-03-11 12:00:00,5.0,295.0,59.0,5.0,210.0,42.0,50.5,851f18b7fffffff,2017-03-11 12:00:00
266,851f18b7fffffff_2017-03-11 18:00:00,4.0,190.0,47.5,2.0,95.0,47.5,47.5,851f18b7fffffff,2017-03-11 18:00:00
267,851f18b7fffffff_2017-03-12 06:00:00,1.0,65.0,65.0,1.0,40.0,40.0,52.5,851f18b7fffffff,2017-03-12 06:00:00
268,851f18b7fffffff_2017-03-12 12:00:00,3.0,195.0,65.0,0.0,0.0,0.0,65.0,851f18b7fffffff,2017-03-12 12:00:00
269,851f18b7fffffff_2017-03-12 18:00:00,1.0,60.0,60.0,1.0,75.0,75.0,67.5,851f18b7fffffff,2017-03-12 18:00:00
270,851f18b7fffffff_2017-03-13 00:00:00,1.0,40.0,40.0,0.0,0.0,0.0,40.0,851f18b7fffffff,2017-03-13 00:00:00
271,851f18b7fffffff_2017-03-13 12:00:00,3.0,130.0,43.33333333333334,3.0,140.0,46.66666666666666,45.0,851f18b7fffffff,2017-03-13 12:00:00
272,851f18b7fffffff_2017-03-13 18:00:00,2.0,290.0,145.0,0.0,0.0,0.0,145.0,851f18b7fffffff,2017-03-13 18:00:00
273,851f18b7fffffff_2017-03-14 12:00:00,4.0,235.0,58.75,4.0,260.0,65.0,61.875,851f18b7fffffff,2017-03-14 12:00:00
274,851f18b7fffffff_2017-03-14 18:00:00,2.0,90.0,45.0,0.0,0.0,0.0,45.0,851f18b7fffffff,2017-03-14 18:00:00
275,851f18b7fffffff_2017-03-15 06:00:00,2.0,45.0,22.5,0.0,0.0,0.0,22.5,851f18b7fffffff,2017-03-15 06:00:00
276,851f18b7fffffff_2017-03-15 12:00:00,6.0,300.0,50.0,1.0,30.0,30.0,47.142857142857146,851f18b7fffffff,2017-03-15 12:00:00
277,851f18b7fffffff_2017-03-15 18:00:00,2.0,100.0,50.0,3.0,130.0,43.33333333333334,46.0,851f18b7fffffff,2017-03-15 18:00:00
278,851f18b7fffffff_2017-03-16 00:00:00,1.0,30.0,30.0,0.0,0.0,0.0,30.0,851f18b7fffffff,2017-03-16 00:00:00
279,851f18b7fffffff_2017-03-16 06:00:00,1.0,70.0,70.0,1.0,75.0,75.0,72.5,851f18b7fffffff,2017-03-16 06:00:00
280,851f18b7fffffff_2017-03-16 12:00:00,3.0,80.0,26.66666666666667,6.0,195.0,32.5,30.555555555555557,851f18b7fffffff,2017-03-16 12:00:00
281,851f18b7fffffff_2017-03-16 18:00:00,6.0,975.0,162.5,2.0,125.0,62.5,137.5,851f18b7fffffff,2017-03-16 18:00:00
282,851f18b7fffffff_2017-03-17 06:00:00,3.0,145.0,48.33333333333334,1.0,65.0,65.0,52.5,851f18b7fffffff,2017-03-17 06:00:00
283,851f18b7fffffff_2017-03-17 12:00:00,6.0,310.0,51.66666666666666,3.0,160.0,53.33333333333334,52.22222222222222,851f18b7fffffff,2017-03-17 12:00:00
284,851f18b7fffffff_2017-03-17 18:00:00,3.0,130.0,43.33333333333334,2.0,65.0,32.5,39.0,851f18b7fffffff,2017-03-17 18:00:00
285,851f18b7fffffff_2017-03-18 06:00:00,2.0,100.0,50.0,2.0,45.0,22.5,36.25,851f18b7fffffff,2017-03-18 06:00:00
286,851f18b7fffffff_2017-03-18 12:00:00,2.0,115.0,57.5,1.0,40.0,40.0,51.666666666666664,851f18b7fffffff,2017-03-18 12:00:00
287,851f18b7fffffff_2017-03-18 18:00:00,1.0,45.0,45.0,5.0,220.0,44.0,44.166666666666664,851f18b7fffffff,2017-03-18 18:00:00
288,851f18b7fffffff_2017-03-19 06:00:00,4.0,325.0,81.25,0.0,0.0,0.0,81.25,851f18b7fffffff,2017-03-19 06:00:00
289,851f18b7fffffff_2017-03-19 12:00:00,2.0,275.0,137.5,2.0,55.0,27.5,82.5,851f18b7fffffff,2017-03-19 12:00:00
290,851f18b7fffffff_2017-03-19 18:00:00,8.0,420.0,52.5,3.0,150.0,50.0,51.81818181818182,851f18b7fffffff,2017-03-19 18:00:00
291,851f18b7fffffff_2017-03-20 00:00:00,4.0,235.0,58.75,0.0,0.0,0.0,58.75,851f18b7fffffff,2017-03-20 00:00:00
292,851f18b7fffffff_2017-03-20 06:00:00,1.0,60.0,60.0,2.0,225.0,112.5,95.0,851f18b7fffffff,2017-03-20 06:00:00
293,851f18b7fffffff_2017-03-20 12:00:00,4.0,145.0,36.25,2.0,35.0,17.5,30.0,851f18b7fffffff,2017-03-20 12:00:00
294,851f18b7fffffff_2017-03-20 18:00:00,4.0,215.0,53.75,2.0,95.0,47.5,51.666666666666664,851f18b7fffffff,2017-03-20 18:00:00
295,851f18b7fffffff_2017-03-21 12:00:00,6.0,270.0,45.0,2.0,95.0,47.5,45.625,851f18b7fffffff,2017-03-21 12:00:00
296,851f18b7fffffff_2017-03-21 18:00:00,2.0,80.0,40.0,0.0,0.0,0.0,40.0,851f18b7fffffff,2017-03-21 18:00:00
297,851f18b7fffffff_2017-03-22 00:00:00,1.0,20.0,20.0,1.0,40.0,40.0,30.0,851f18b7fffffff,2017-03-22 00:00:00
298,851f18b7fffffff_2017-03-22 06:00:00,2.0,380.0,190.0,1.0,40.0,40.0,140.0,851f18b7fffffff,2017-03-22 06:00:00
299,851f18b7fffffff_2017-03-22 12:00:00,5.0,180.0,36.0,2.0,95.0,47.5,39.285714285714285,851f18b7fffffff,2017-03-22 12:00:00
300,851f18b7fffffff_2017-03-22 18:00:00,1.0,80.0,80.0,0.0,0.0,0.0,80.0,851f18b7fffffff,2017-03-22 18:00:00
301,851f18b7fffffff_2017-03-23 00:00:00,3.0,105.0,35.0,0.0,0.0,0.0,35.0,851f18b7fffffff,2017-03-23 00:00:00
302,851f18b7fffffff_2017-03-23 12:00:00,11.0,1350.0,122.72727272727272,4.0,195.0,48.75,103.0,851f18b7fffffff,2017-03-23 12:00:00
303,851f18b7fffffff_2017-03-23 18:00:00,5.0,295.0,59.0,0.0,0.0,0.0,59.0,851f18b7fffffff,2017-03-23 18:00:00
304,851f18b7fffffff_2017-03-24 00:00:00,1.0,25.0,25.0,0.0,0.0,0.0,25.0,851f18b7fffffff,2017-03-24 00:00:00
305,851f18b7fffffff_2017-03-24 06:00:00,3.0,175.0,58.33333333333334,1.0,50.0,50.0,56.25,851f18b7fffffff,2017-03-24 06:00:00
306,851f18b7fffffff_2017-03-24 12:00:00,4.0,235.0,58.75,2.0,110.0,55.0,57.5,851f18b7fffffff,2017-03-24 12:00:00
307,851f18b7fffffff_2017-03-24 18:00:00,2.0,130.0,65.0,0.0,0.0,0.0,65.0,851f18b7fffffff,2017-03-24 18:00:00
308,851f1d4bfffffff_2017-02-25 00:00:00,276.0,10805.0,39.14855072463768,290.0,10630.0,36.6551724137931,37.871024734982335,851f1d4bfffffff,2017-02-25 00:00:00
309,851f1d4bfffffff_2017-02-25 06:00:00,929.0,62595.0,67.3789020452099,931.0,43020.0,46.208378088077346,56.78225806451613,851f1d4bfffffff,2017-02-25 06:00:00
310,851f1d4bfffffff_2017-02-25 12:00:00,1731.0,92990.0,53.72039283651069,1623.0,83525.0,51.46333949476279,52.62820512820513,851f1d4bfffffff,2017-02-25 12:00:00
311,851f1d4bfffffff_2017-02-25 18:00:00,1370.0,65800.0,48.029197080291965,1060.0,48095.0,45.37264150943397,46.870370370370374,851f1d4bfffffff,2017-02-25 18:00:00
312,851f1d4bfffffff_2017-02-26 00:00:00,312.0,11655.0,37.355769230769226,364.0,11815.0,32.45879120879121,34.718934911242606,851f1d4bfffffff,2017-02-26 00:00:00
313,851f1d4bfffffff_2017-02-26 06:00:00,822.0,50310.0,61.2043795620438,676.0,29260.0,43.28402366863905,53.11748998664886,851f1d4bfffffff,2017-02-26 06:00:00
314,851f1d4bfffffff_2017-02-26 12:00:00,1559.0,83590.0,53.61770365618987,1291.0,60635.0,46.967467079783106,50.60526315789474,851f1d4bfffffff,2017-02-26 12:00:00
315,851f1d4bfffffff_2017-02-26 18:00:00,813.0,32430.0,39.88929889298893,780.0,29700.0,38.07692307692308,39.00188323917138,851f1d4bfffffff,2017-02-26 18:00:00
316,851f1d4bfffffff_2017-02-27 00:00:00,205.0,7010.0,34.19512195121951,301.0,14065.0,46.72757475083056,41.6501976284585,851f1d4bfffffff,2017-02-27 00:00:00
317,851f1d4bfffffff_2017-02-27 06:00:00,1036.0,58180.0,56.15830115830115,1019.0,47310.0,46.42787046123651,51.333333333333336,851f1d4bfffffff,2017-02-27 06:00:00
318,851f1d4bfffffff_2017-02-27 12:00:00,1430.0,69060.0,48.29370629370629,1413.0,67480.0,47.75654635527246,48.026732325008794,851f1d4bfffffff,2017-02-27 12:00:00
319,851f1d4bfffffff_2017-02-27 18:00:00,925.0,39210.0,42.38918918918919,784.0,29945.0,38.195153061224495,40.465184318314805,851f1d4bfffffff,2017-02-27 18:00:00
320,851f1d4bfffffff_2017-02-28 00:00:00,167.0,8300.0,49.70059880239521,249.0,9760.0,39.196787148594375,43.41346153846154,851f1d4bfffffff,2017-02-28 00:00:00
321,851f1d4bfffffff_2017-02-28 06:00:00,1039.0,54515.0,52.468719923002894,1120.0,52145.0,46.558035714285715,49.40250115794349,851f1d4bfffffff,2017-02-28 06:00:00
322,851f1d4bfffffff_2017-02-28 12:00:00,1467.0,78060.0,53.21063394683026,1467.0,71865.0,48.98773006134971,51.09918200408998,851f1d4bfffffff,2017-02-28 12:00:00
323,851f1d4bfffffff_2017-02-28 18:00:00,940.0,39120.0,41.61702127659574,858.0,34225.0,39.88927738927739,40.79254727474972,851f1d4bfffffff,2017-02-28 18:00:00
324,851f1d4bfffffff_2017-03-01 00:00:00,167.0,5295.0,31.706586826347305,250.0,9140.0,36.56,34.61630695443645,851f1d4bfffffff,2017-03-01 00:00:00
325,851f1d4bfffffff_2017-03-01 06:00:00,1051.0,55735.0,53.030447193149385,1117.0,51835.0,46.405550581915854,49.617158671586715,851f1d4bfffffff,2017-03-01 06:00:00
326,851f1d4bfffffff_2017-03-01 12:00:00,1584.0,79040.0,49.898989898989896,1463.0,73190.0,50.02734107997266,49.96061700032819,851f1d4bfffffff,2017-03-01 12:00:00
327,851f1d4bfffffff_2017-03-01 18:00:00,1025.0,49470.0,48.26341463414635,934.0,36765.0,39.362955032119906,44.01990811638591,851f1d4bfffffff,2017-03-01 18:00:00
328,851f1d4bfffffff_2017-03-02 00:00:00,173.0,8200.0,47.39884393063584,269.0,10135.0,37.676579925650564,41.48190045248869,851f1d4bfffffff,2017-03-02 00:00:00
329,851f1d4bfffffff_2017-03-02 06:00:00,1129.0,62440.0,55.305580159433134,1179.0,58145.0,49.317217981340114,52.24653379549393,851f1d4bfffffff,2017-03-02 06:00:00
330,851f1d4bfffffff_2017-03-02 12:00:00,1608.0,83685.0,52.0429104477612,1550.0,79425.0,51.24193548387096,51.64977834072197,851f1d4bfffffff,2017-03-02 12:00:00
331,851f1d4bfffffff_2017-03-02 18:00:00,1116.0,51390.0,46.048387096774185,1073.0,44150.0,41.146318732525636,43.645500228414804,851f1d4bfffffff,2017-03-02 18:00:00
332,851f1d4bfffffff_2017-03-03 00:00:00,203.0,10090.0,49.704433497536954,270.0,10325.0,38.24074074074074,43.16067653276956,851f1d4bfffffff,2017-03-03 00:00:00
333,851f1d4bfffffff_2017-03-03 06:00:00,1073.0,61410.0,57.23205964585275,1167.0,54240.0,46.47814910025707,51.629464285714285,851f1d4bfffffff,2017-03-03 06:00:00
334,851f1d4bfffffff_2017-03-03 12:00:00,1642.0,92140.0,56.114494518879425,1545.0,79200.0,51.2621359223301,53.76215877000314,851f1d4bfffffff,2017-03-03 12:00:00
335,851f1d4bfffffff_2017-03-03 18:00:00,1250.0,51605.0,41.284,1119.0,48105.0,42.989276139410194,42.08948923596454,851f1d4bfffffff,2017-03-03 18:00:00
336,851f1d4bfffffff_2017-03-04 00:00:00,250.0,10435.0,41.74,312.0,10620.0,34.03846153846154,37.4644128113879,851f1d4bfffffff,2017-03-04 00:00:00
337,851f1d4bfffffff_2017-03-04 06:00:00,983.0,67535.0,68.7029501525941,875.0,41330.0,47.234285714285704,58.59257265877287,851f1d4bfffffff,2017-03-04 06:00:00
338,851f1d4bfffffff_2017-03-04 12:00:00,1698.0,98015.0,57.723792697290925,1598.0,78870.0,49.355444305381724,53.66656553398058,851f1d4bfffffff,2017-03-04 12:00:00
339,851f1d4bfffffff_2017-03-04 18:00:00,1410.0,63725.0,45.1950354609929,1240.0,55325.0,44.61693548387096,44.924528301886795,851f1d4bfffffff,2017-03-04 18:00:00
340,851f1d4bfffffff_2017-03-05 00:00:00,320.0,14705.0,45.953125,313.0,11820.0,37.763578274760384,41.90363349131122,851f1d4bfffffff,2017-03-05 00:00:00
341,851f1d4bfffffff_2017-03-05 06:00:00,780.0,47585.0,61.006410256410255,770.0,37550.0,48.766233766233775,54.92580645161291,851f1d4bfffffff,2017-03-05 06:00:00
342,851f1d4bfffffff_2017-03-05 12:00:00,1575.0,80575.0,51.15873015873015,1354.0,60715.0,44.841211225997036,48.23830658927962,851f1d4bfffffff,2017-03-05 12:00:00
343,851f1d4bfffffff_2017-03-05 18:00:00,884.0,40795.0,46.14819004524887,833.0,32440.0,38.94357743097239,42.65288293535236,851f1d4bfffffff,2017-03-05 18:00:00
344,851f1d4bfffffff_2017-03-06 00:00:00,179.0,11425.0,63.82681564245811,265.0,10080.0,38.0377358490566,48.43468468468468,851f1d4bfffffff,2017-03-06 00:00:00
345,851f1d4bfffffff_2017-03-06 06:00:00,1042.0,56130.0,53.86756238003839,1007.0,47530.0,47.19960278053625,50.59053196681308,851f1d4bfffffff,2017-03-06 06:00:00
346,851f1d4bfffffff_2017-03-06 12:00:00,1523.0,76665.0,50.33814839133289,1414.0,64415.0,45.555162659123056,48.03541028260129,851f1d4bfffffff,2017-03-06 12:00:00
347,851f1d4bfffffff_2017-03-06 18:00:00,936.0,49900.0,53.311965811965806,792.0,34235.0,43.2260101010101,48.689236111111114,851f1d4bfffffff,2017-03-06 18:00:00
348,851f1d4bfffffff_2017-03-07 00:00:00,169.0,8945.0,52.92899408284024,261.0,13140.0,50.3448275862069,51.36046511627907,851f1d4bfffffff,2017-03-07 00:00:00
349,851f1d4bfffffff_2017-03-07 06:00:00,1100.0,61645.0,56.04090909090909,1040.0,49295.0,47.39903846153846,51.8411214953271,851f1d4bfffffff,2017-03-07 06:00:00
350,851f1d4bfffffff_2017-03-07 12:00:00,1616.0,82565.0,51.09220297029703,1498.0,79630.0,53.15754339118825,52.08574181117534,851f1d4bfffffff,2017-03-07 12:00:00
351,851f1d4bfffffff_2017-03-07 18:00:00,1053.0,40320.0,38.29059829059829,964.0,37725.0,39.13381742738589,38.693604362915224,851f1d4bfffffff,2017-03-07 18:00:00
352,851f1d4bfffffff_2017-03-08 00:00:00,178.0,10505.0,59.016853932584276,260.0,10545.0,40.557692307692314,48.05936073059361,851f1d4bfffffff,2017-03-08 00:00:00
353,851f1d4bfffffff_2017-03-08 06:00:00,993.0,60670.0,61.097683786505534,1034.0,51265.0,49.57930367504836,55.22200296003947,851f1d4bfffffff,2017-03-08 06:00:00
354,851f1d4bfffffff_2017-03-08 12:00:00,1451.0,74790.0,51.54376292212267,1438.0,75225.0,52.31223922114047,51.926272066458985,851f1d4bfffffff,2017-03-08 12:00:00
355,851f1d4bfffffff_2017-03-08 18:00:00,1152.0,53345.0,46.306423611111114,963.0,40420.0,41.9730010384216,44.333333333333336,851f1d4bfffffff,2017-03-08 18:00:00
356,851f1d4bfffffff_2017-03-09 00:00:00,195.0,8750.0,44.87179487179486,262.0,10005.0,38.18702290076336,41.03938730853392,851f1d4bfffffff,2017-03-09 00:00:00
357,851f1d4bfffffff_2017-03-09 06:00:00,1054.0,59935.0,56.86432637571158,1092.0,55895.0,51.18589743589744,53.97483690587139,851f1d4bfffffff,2017-03-09 06:00:00
358,851f1d4bfffffff_2017-03-09 12:00:00,1453.0,81635.0,56.18375774260153,1508.0,82775.0,54.89058355437666,55.52516041877744,851f1d4bfffffff,2017-03-09 12:00:00
359,851f1d4bfffffff_2017-03-09 18:00:00,1136.0,55735.0,49.0625,1030.0,46515.0,45.16019417475728,47.206832871652814,851f1d4bfffffff,2017-03-09 18:00:00
360,851f1d4bfffffff_2017-03-10 00:00:00,215.0,9675.0,45.0,285.0,10190.0,35.75438596491228,39.73,851f1d4bfffffff,2017-03-10 00:00:00
361,851f1d4bfffffff_2017-03-10 06:00:00,994.0,59075.0,59.43158953722334,1146.0,54845.0,47.85776614310646,53.23364485981308,851f1d4bfffffff,2017-03-10 06:00:00
362,851f1d4bfffffff_2017-03-10 12:00:00,1633.0,83895.0,51.374770361298225,1491.0,78205.0,52.451374916163644,51.888604353393085,851f1d4bfffffff,2017-03-10 12:00:00
363,851f1d4bfffffff_2017-03-10 18:00:00,1374.0,62360.0,45.385735080058225,1130.0,49285.0,43.61504424778761,44.58666134185304,851f1d4bfffffff,2017-03-10 18:00:00
364,851f1d4bfffffff_2017-03-11 00:00:00,307.0,14125.0,46.00977198697069,367.0,13155.0,35.844686648501366,40.474777448071215,851f1d4bfffffff,2017-03-11 00:00:00
365,851f1d4bfffffff_2017-03-11 06:00:00,950.0,65300.0,68.73684210526315,944.0,45000.0,47.66949152542373,58.236536430834214,851f1d4bfffffff,2017-03-11 06:00:00
366,851f1d4bfffffff_2017-03-11 12:00:00,1754.0,103880.0,59.22462941847206,1619.0,80375.0,49.644842495367506,54.626445300919066,851f1d4bfffffff,2017-03-11 12:00:00
367,851f1d4bfffffff_2017-03-11 18:00:00,1456.0,60870.0,41.80631868131868,1310.0,59790.0,45.6412213740458,43.622559652928416,851f1d4bfffffff,2017-03-11 18:00:00
368,851f1d4bfffffff_2017-03-12 00:00:00,335.0,12355.0,36.880597014925364,326.0,11975.0,36.733128834355824,36.80786686838124,851f1d4bfffffff,2017-03-12 00:00:00
369,851f1d4bfffffff_2017-03-12 06:00:00,925.0,58055.0,62.76216216216216,714.0,32970.0,46.17647058823529,55.53691275167785,851f1d4bfffffff,2017-03-12 06:00:00
370,851f1d4bfffffff_2017-03-12 12:00:00,1665.0,85750.0,51.5015015015015,1502.0,70565.0,46.98069241011985,49.35743605936217,851f1d4bfffffff,2017-03-12 12:00:00
371,851f1d4bfffffff_2017-03-12 18:00:00,793.0,37540.0,47.33921815889028,798.0,31025.0,38.87844611528822,43.09553739786298,851f1d4bfffffff,2017-03-12 18:00:00
372,851f1d4bfffffff_2017-03-13 00:00:00,163.0,7335.0,45.0,249.0,10710.0,43.01204819277108,43.79854368932039,851f1d4bfffffff,2017-03-13 00:00:00
373,851f1d4bfffffff_2017-03-13 06:00:00,1004.0,53965.0,53.75,997.0,43410.0,43.54062186559679,48.66316841579211,851f1d4bfffffff,2017-03-13 06:00:00
374,851f1d4bfffffff_2017-03-13 12:00:00,1340.0,72570.0,54.15671641791045,1511.0,67285.0,44.530112508272666,49.0547176429323,851f1d4bfffffff,2017-03-13 12:00:00
375,851f1d4bfffffff_2017-03-13 18:00:00,560.0,54465.0,97.25892857142857,894.0,34795.0,38.92058165548099,61.38927097661623,851f1d4bfffffff,2017-03-13 18:00:00
376,851f1d4bfffffff_2017-03-14 00:00:00,158.0,7690.0,48.67088607594936,226.0,9460.0,41.85840707964603,44.661458333333336,851f1d4bfffffff,2017-03-14 00:00:00
377,851f1d4bfffffff_2017-03-14 06:00:00,1000.0,57100.0,57.1,1120.0,51980.0,46.41071428571429,51.45283018867924,851f1d4bfffffff,2017-03-14 06:00:00
378,851f1d4bfffffff_2017-03-14 12:00:00,1360.0,68235.0,50.172794117647065,1453.0,70465.0,48.49621472814866,49.306789904017066,851f1d4bfffffff,2017-03-14 12:00:00
379,851f1d4bfffffff_2017-03-14 18:00:00,976.0,40080.0,41.065573770491795,833.0,34395.0,41.29051620648259,41.169154228855724,851f1d4bfffffff,2017-03-14 18:00:00
380,851f1d4bfffffff_2017-03-15 00:00:00,171.0,8995.0,52.602339181286546,270.0,10810.0,40.03703703703704,44.909297052154194,851f1d4bfffffff,2017-03-15 00:00:00
381,851f1d4bfffffff_2017-03-15 06:00:00,985.0,52890.0,53.695431472081225,977.0,47395.0,48.510747185261,51.113659531090725,851f1d4bfffffff,2017-03-15 06:00:00
382,851f1d4bfffffff_2017-03-15 12:00:00,1477.0,77025.0,52.14962762356128,1395.0,67105.0,48.10394265232975,50.18454038997214,851f1d4bfffffff,2017-03-15 12:00:00
383,851f1d4bfffffff_2017-03-15 18:00:00,931.0,39825.0,42.77658431793769,900.0,37420.0,41.57777777777777,42.18732932823594,851f1d4bfffffff,2017-03-15 18:00:00
384,851f1d4bfffffff_2017-03-16 00:00:00,174.0,9965.0,57.27011494252874,267.0,10975.0,41.10486891385768,47.48299319727891,851f1d4bfffffff,2017-03-16 00:00:00
385,851f1d4bfffffff_2017-03-16 06:00:00,963.0,54600.0,56.69781931464174,1048.0,47365.0,45.1956106870229,50.703630034808555,851f1d4bfffffff,2017-03-16 06:00:00
386,851f1d4bfffffff_2017-03-16 12:00:00,1410.0,69755.0,49.47163120567376,1406.0,70265.0,49.975106685633,49.72301136363637,851f1d4bfffffff,2017-03-16 12:00:00
387,851f1d4bfffffff_2017-03-16 18:00:00,982.0,42460.0,43.23828920570265,945.0,38720.0,40.973544973544975,42.12765957446808,851f1d4bfffffff,2017-03-16 18:00:00
388,851f1d4bfffffff_2017-03-17 00:00:00,164.0,11165.0,68.07926829268294,265.0,9890.0,37.320754716981135,49.07925407925408,851f1d4bfffffff,2017-03-17 00:00:00
389,851f1d4bfffffff_2017-03-17 06:00:00,1108.0,66435.0,59.95938628158845,1099.0,54690.0,49.76342129208371,54.88219302220208,851f1d4bfffffff,2017-03-17 06:00:00
390,851f1d4bfffffff_2017-03-17 12:00:00,1588.0,82125.0,51.715994962216634,1450.0,73745.0,50.85862068965518,51.30678077682686,851f1d4bfffffff,2017-03-17 12:00:00
391,851f1d4bfffffff_2017-03-17 18:00:00,1368.0,66115.0,48.3296783625731,1232.0,53505.0,43.429383116883116,46.00769230769231,851f1d4bfffffff,2017-03-17 18:00:00
392,851f1d4bfffffff_2017-03-18 00:00:00,238.0,9110.0,38.27731092436975,344.0,11995.0,34.86918604651163,36.26288659793814,851f1d4bfffffff,2017-03-18 00:00:00
393,851f1d4bfffffff_2017-03-18 06:00:00,990.0,70390.0,71.10101010101009,982.0,48925.0,49.82179226069246,60.50456389452333,851f1d4bfffffff,2017-03-18 06:00:00
394,851f1d4bfffffff_2017-03-18 12:00:00,1791.0,96080.0,53.646007816862095,1711.0,81455.0,47.606662770309754,50.695316961736154,851f1d4bfffffff,2017-03-18 12:00:00
395,851f1d4bfffffff_2017-03-18 18:00:00,1520.0,70020.0,46.06578947368421,1328.0,63550.0,47.85391566265061,46.899578651685395,851f1d4bfffffff,2017-03-18 18:00:00
396,851f1d4bfffffff_2017-03-19 00:00:00,293.0,10140.0,34.60750853242321,314.0,10630.0,33.853503184713375,34.217462932454694,851f1d4bfffffff,2017-03-19 00:00:00
397,851f1d4bfffffff_2017-03-19 06:00:00,890.0,49560.0,55.68539325842696,730.0,31720.0,43.45205479452055,50.17283950617284,851f1d4bfffffff,2017-03-19 06:00:00
398,851f1d4bfffffff_2017-03-19 12:00:00,1627.0,84565.0,51.976029502151206,1418.0,65100.0,45.90973201692525,49.151067323481115,851f1d4bfffffff,2017-03-19 12:00:00
399,851f1d4bfffffff_2017-03-19 18:00:00,847.0,38025.0,44.89374262101535,803.0,33010.0,41.108343711083435,43.051515151515154,851f1d4bfffffff,2017-03-19 18:00:00
400,851f1d4bfffffff_2017-03-20 00:00:00,184.0,9975.0,54.21195652173913,279.0,10405.0,37.29390681003584,44.01727861771058,851f1d4bfffffff,2017-03-20 00:00:00
401,851f1d4bfffffff_2017-03-20 06:00:00,1000.0,61660.0,61.66,1047.0,44180.0,42.196752626552055,51.70493404982902,851f1d4bfffffff,2017-03-20 06:00:00
402,851f1d4bfffffff_2017-03-20 12:00:00,1348.0,71245.0,52.852373887240354,1462.0,70035.0,47.90355677154583,50.27758007117438,851f1d4bfffffff,2017-03-20 12:00:00
403,851f1d4bfffffff_2017-03-20 18:00:00,864.0,34550.0,39.988425925925924,877.0,35790.0,40.80957810718358,40.40206777713958,851f1d4bfffffff,2017-03-20 18:00:00
404,851f1d4bfffffff_2017-03-21 00:00:00,170.0,8545.0,50.264705882352935,250.0,8945.0,35.78,41.642857142857146,851f1d4bfffffff,2017-03-21 00:00:00
405,851f1d4bfffffff_2017-03-21 06:00:00,955.0,58360.0,61.10994764397906,1132.0,52825.0,46.66519434628975,53.275035936751316,851f1d4bfffffff,2017-03-21 06:00:00
406,851f1d4bfffffff_2017-03-21 12:00:00,1408.0,79710.0,56.61221590909091,1492.0,74625.0,50.01675603217157,53.21896551724138,851f1d4bfffffff,2017-03-21 12:00:00
407,851f1d4bfffffff_2017-03-21 18:00:00,908.0,42520.0,46.82819383259911,918.0,38880.0,42.352941176470594,44.57831325301205,851f1d4bfffffff,2017-03-21 18:00:00
408,851f1d4bfffffff_2017-03-22 00:00:00,158.0,7480.0,47.34177215189873,264.0,10435.0,39.52651515151515,42.45260663507109,851f1d4bfffffff,2017-03-22 00:00:00
409,851f1d4bfffffff_2017-03-22 06:00:00,929.0,56105.0,60.392895586652315,1018.0,50215.0,49.3271119842829,54.60708782742681,851f1d4bfffffff,2017-03-22 06:00:00
410,851f1d4bfffffff_2017-03-22 12:00:00,1303.0,65760.0,50.468150422102845,1435.0,69095.0,48.14982578397213,49.25310445580716,851f1d4bfffffff,2017-03-22 12:00:00
411,851f1d4bfffffff_2017-03-22 18:00:00,967.0,44660.0,46.18407445708377,878.0,34760.0,39.58997722095672,43.046070460704605,851f1d4bfffffff,2017-03-22 18:00:00
412,851f1d4bfffffff_2017-03-23 00:00:00,157.0,5010.0,31.910828025477706,258.0,9695.0,37.57751937984496,35.433734939759034,851f1d4bfffffff,2017-03-23 00:00:00
413,851f1d4bfffffff_2017-03-23 06:00:00,1191.0,68235.0,57.29219143576826,1184.0,52160.0,44.05405405405405,50.69263157894737,851f1d4bfffffff,2017-03-23 06:00:00
414,851f1d4bfffffff_2017-03-23 12:00:00,1370.0,71280.0,52.029197080291965,1537.0,78685.0,51.19388418998048,51.587547299621605,851f1d4bfffffff,2017-03-23 12:00:00
415,851f1d4bfffffff_2017-03-23 18:00:00,1024.0,44405.0,43.3642578125,971.0,43495.0,44.794026776519054,44.06015037593985,851f1d4bfffffff,2017-03-23 18:00:00
416,851f1d4bfffffff_2017-03-24 00:00:00,165.0,7665.0,46.45454545454545,252.0,10505.0,41.68650793650794,43.57314148681055,851f1d4bfffffff,2017-03-24 00:00:00
417,851f1d4bfffffff_2017-03-24 06:00:00,1047.0,61965.0,59.183381088825215,1006.0,51220.0,50.91451292246521,55.131514856307845,851f1d4bfffffff,2017-03-24 06:00:00
418,851f1d4bfffffff_2017-03-24 12:00:00,1488.0,97355.0,65.42674731182795,1481.0,83260.0,56.218771100607704,60.833614011451665,851f1d4bfffffff,2017-03-24 12:00:00
419,851f1d4bfffffff_2017-03-24 18:00:00,1374.0,74340.0,54.104803493449786,1134.0,46730.0,41.20811287477955,48.27352472089314,851f1d4bfffffff,2017-03-24 18:00:00
420,851f1d4ffffffff_2017-02-25 00:00:00,294.0,11505.0,39.132653061224495,230.0,7480.0,32.52173913043478,36.23091603053435,851f1d4ffffffff,2017-02-25 00:00:00
421,851f1d4ffffffff_2017-02-25 06:00:00,738.0,48605.0,65.86043360433604,408.0,20550.0,50.36764705882353,60.34467713787085,851f1d4ffffffff,2017-02-25 06:00:00
422,851f1d4ffffffff_2017-02-25 12:00:00,1101.0,64980.0,59.01907356948229,553.0,30580.0,55.298372513562384,57.77509068923821,851f1d4ffffffff,2017-02-25 12:00:00
423,851f1d4ffffffff_2017-02-25 18:00:00,1018.0,43700.0,42.92730844793713,636.0,29195.0,45.90408805031446,44.071946795646916,851f1d4ffffffff,2017-02-25 18:00:00
424,851f1d4ffffffff_2017-02-26 00:00:00,317.0,12065.0,38.05993690851735,255.0,8305.0,32.568627450980394,35.61188811188811,851f1d4ffffffff,2017-02-26 00:00:00
425,851f1d4ffffffff_2017-02-26 06:00:00,645.0,35705.0,55.35658914728682,325.0,13745.0,42.292307692307695,50.97938144329897,851f1d4ffffffff,2017-02-26 06:00:00
426,851f1d4ffffffff_2017-02-26 12:00:00,982.0,50160.0,51.079429735234214,626.0,29240.0,46.70926517571885,49.37810945273632,851f1d4ffffffff,2017-02-26 12:00:00
427,851f1d4ffffffff_2017-02-26 18:00:00,524.0,21460.0,40.95419847328245,322.0,12885.0,40.01552795031056,40.596926713947994,851f1d4ffffffff,2017-02-26 18:00:00
428,851f1d4ffffffff_2017-02-27 00:00:00,155.0,7100.0,45.806451612903224,101.0,3430.0,33.960396039603964,41.1328125,851f1d4ffffffff,2017-02-27 00:00:00
429,851f1d4ffffffff_2017-02-27 06:00:00,682.0,38165.0,55.96041055718475,411.0,18230.0,44.35523114355231,51.596523330283624,851f1d4ffffffff,2017-02-27 06:00:00
430,851f1d4ffffffff_2017-02-27 12:00:00,701.0,37835.0,53.97289586305278,472.0,22315.0,47.277542372881356,51.27877237851662,851f1d4ffffffff,2017-02-27 12:00:00
431,851f1d4ffffffff_2017-02-27 18:00:00,625.0,25710.0,41.136,467.0,18645.0,39.92505353319058,40.61813186813187,851f1d4ffffffff,2017-02-27 18:00:00
432,851f1d4ffffffff_2017-02-28 00:00:00,149.0,6890.0,46.24161073825504,130.0,5345.0,41.115384615384606,43.85304659498208,851f1d4ffffffff,2017-02-28 00:00:00
433,851f1d4ffffffff_2017-02-28 06:00:00,675.0,37230.0,55.155555555555566,462.0,22200.0,48.05194805194805,52.26912928759894,851f1d4ffffffff,2017-02-28 06:00:00
434,851f1d4ffffffff_2017-02-28 12:00:00,748.0,38290.0,51.189839572192504,512.0,26990.0,52.71484375,51.80952380952381,851f1d4ffffffff,2017-02-28 12:00:00
435,851f1d4ffffffff_2017-02-28 18:00:00,683.0,34945.0,51.163982430453885,503.0,20380.0,40.5168986083499,46.64839797639123,851f1d4ffffffff,2017-02-28 18:00:00
436,851f1d4ffffffff_2017-03-01 00:00:00,134.0,6435.0,48.02238805970149,124.0,4445.0,35.846774193548384,42.17054263565891,851f1d4ffffffff,2017-03-01 00:00:00
437,851f1d4ffffffff_2017-03-01 06:00:00,629.0,34080.0,54.181240063592995,460.0,21385.0,46.48913043478261,50.93204775022957,851f1d4ffffffff,2017-03-01 06:00:00
438,851f1d4ffffffff_2017-03-01 12:00:00,748.0,39605.0,52.94786096256684,573.0,28515.0,49.764397905759154,51.566994700984104,851f1d4ffffffff,2017-03-01 12:00:00
439,851f1d4ffffffff_2017-03-01 18:00:00,832.0,35620.0,42.8125,527.0,21680.0,41.138519924098674,42.16335540838852,851f1d4ffffffff,2017-03-01 18:00:00
440,851f1d4ffffffff_2017-03-02 00:00:00,146.0,6875.0,47.08904109589041,155.0,7490.0,48.32258064516129,47.72425249169435,851f1d4ffffffff,2017-03-02 00:00:00
441,851f1d4ffffffff_2017-03-02 06:00:00,684.0,40945.0,59.861111111111114,454.0,22485.0,49.52643171806167,55.73813708260106,851f1d4ffffffff,2017-03-02 06:00:00
442,851f1d4ffffffff_2017-03-02 12:00:00,798.0,44700.0,56.01503759398496,494.0,24730.0,50.06072874493927,53.73839009287926,851f1d4ffffffff,2017-03-02 12:00:00
443,851f1d4ffffffff_2017-03-02 18:00:00,804.0,38025.0,47.29477611940298,533.0,21060.0,39.512195121951216,44.19222139117427,851f1d4ffffffff,2017-03-02 18:00:00
444,851f1d4ffffffff_2017-03-03 00:00:00,158.0,7085.0,44.84177215189873,146.0,5555.0,38.04794520547946,41.578947368421055,851f1d4ffffffff,2017-03-03 00:00:00
445,851f1d4ffffffff_2017-03-03 06:00:00,634.0,35220.0,55.55205047318612,488.0,24230.0,49.651639344262286,52.98573975044563,851f1d4ffffffff,2017-03-03 06:00:00
446,851f1d4ffffffff_2017-03-03 12:00:00,829.0,43215.0,52.12907117008444,511.0,29360.0,57.455968688845395,54.16044776119403,851f1d4ffffffff,2017-03-03 12:00:00
447,851f1d4ffffffff_2017-03-03 18:00:00,1006.0,43195.0,42.93737574552684,691.0,27040.0,39.131693198263385,41.3877430760165,851f1d4ffffffff,2017-03-03 18:00:00
448,851f1d4ffffffff_2017-03-04 00:00:00,252.0,9985.0,39.623015873015866,244.0,7895.0,32.35655737704918,36.04838709677419,851f1d4ffffffff,2017-03-04 00:00:00
449,851f1d4ffffffff_2017-03-04 06:00:00,654.0,47515.0,72.65290519877676,442.0,21710.0,49.11764705882353,63.16149635036496,851f1d4ffffffff,2017-03-04 06:00:00
450,851f1d4ffffffff_2017-03-04 12:00:00,1005.0,55085.0,54.81094527363184,618.0,36820.0,59.579288025889966,56.626617375231056,851f1d4ffffffff,2017-03-04 12:00:00
451,851f1d4ffffffff_2017-03-04 18:00:00,988.0,37650.0,38.10728744939272,582.0,25625.0,44.02920962199313,40.302547770700635,851f1d4ffffffff,2017-03-04 18:00:00
452,851f1d4ffffffff_2017-03-05 00:00:00,316.0,11755.0,37.1993670886076,198.0,7005.0,35.378787878787875,36.49805447470817,851f1d4ffffffff,2017-03-05 00:00:00
453,851f1d4ffffffff_2017-03-05 06:00:00,565.0,30505.0,53.99115044247787,327.0,13425.0,41.05504587155964,49.24887892376682,851f1d4ffffffff,2017-03-05 06:00:00
454,851f1d4ffffffff_2017-03-05 12:00:00,1044.0,45415.0,43.50095785440614,585.0,28195.0,48.1965811965812,45.187231430325355,851f1d4ffffffff,2017-03-05 12:00:00
455,851f1d4ffffffff_2017-03-05 18:00:00,629.0,24720.0,39.30047694753577,370.0,13820.0,37.35135135135136,38.57857857857858,851f1d4ffffffff,2017-03-05 18:00:00
456,851f1d4ffffffff_2017-03-06 00:00:00,166.0,8600.0,51.80722891566265,128.0,4545.0,35.5078125,44.7108843537415,851f1d4ffffffff,2017-03-06 00:00:00
457,851f1d4ffffffff_2017-03-06 06:00:00,655.0,34360.0,52.45801526717558,430.0,20695.0,48.12790697674418,50.74193548387097,851f1d4ffffffff,2017-03-06 06:00:00
458,851f1d4ffffffff_2017-03-06 12:00:00,792.0,37860.0,47.80303030303031,556.0,26800.0,48.20143884892087,47.967359050445104,851f1d4ffffffff,2017-03-06 12:00:00
459,851f1d4ffffffff_2017-03-06 18:00:00,715.0,27810.0,38.89510489510489,535.0,21275.0,39.76635514018692,39.268,851f1d4ffffffff,2017-03-06 18:00:00
460,851f1d4ffffffff_2017-03-07 00:00:00,143.0,6725.0,47.027972027972034,163.0,7385.0,45.306748466257666,46.111111111111114,851f1d4ffffffff,2017-03-07 00:00:00
461,851f1d4ffffffff_2017-03-07 06:00:00,744.0,37360.0,50.21505376344086,450.0,23110.0,51.35555555555555,50.644891122278054,851f1d4ffffffff,2017-03-07 06:00:00
462,851f1d4ffffffff_2017-03-07 12:00:00,766.0,40665.0,53.08746736292428,565.0,28330.0,50.14159292035397,51.83696468820436,851f1d4ffffffff,2017-03-07 12:00:00
463,851f1d4ffffffff_2017-03-07 18:00:00,783.0,35850.0,45.78544061302682,508.0,19665.0,38.710629921259844,43.001549186676996,851f1d4ffffffff,2017-03-07 18:00:00
464,851f1d4ffffffff_2017-03-08 00:00:00,137.0,6660.0,48.61313868613138,138.0,4990.0,36.15942028985507,42.36363636363637,851f1d4ffffffff,2017-03-08 00:00:00
465,851f1d4ffffffff_2017-03-08 06:00:00,724.0,39840.0,55.02762430939226,477.0,26675.0,55.9224318658281,55.38301415487094,851f1d4ffffffff,2017-03-08 06:00:00
466,851f1d4ffffffff_2017-03-08 12:00:00,792.0,40880.0,51.61616161616161,517.0,29750.0,57.543520309477756,53.9572192513369,851f1d4ffffffff,2017-03-08 12:00:00
467,851f1d4ffffffff_2017-03-08 18:00:00,831.0,34990.0,42.10589651022864,564.0,20745.0,36.78191489361703,39.95340501792115,851f1d4ffffffff,2017-03-08 18:00:00
468,851f1d4ffffffff_2017-03-09 00:00:00,154.0,7875.0,51.13636363636363,150.0,5480.0,36.53333333333333,43.93092105263158,851f1d4ffffffff,2017-03-09 00:00:00
469,851f1d4ffffffff_2017-03-09 06:00:00,715.0,38460.0,53.790209790209786,467.0,21910.0,46.91648822269807,51.07445008460237,851f1d4ffffffff,2017-03-09 06:00:00
470,851f1d4ffffffff_2017-03-09 12:00:00,766.0,40540.0,52.9242819843342,563.0,29915.0,53.13499111900533,53.01354401805869,851f1d4ffffffff,2017-03-09 12:00:00
471,851f1d4ffffffff_2017-03-09 18:00:00,817.0,32005.0,39.17380660954712,562.0,21195.0,37.7135231316726,38.578680203045685,851f1d4ffffffff,2017-03-09 18:00:00
472,851f1d4ffffffff_2017-03-10 00:00:00,180.0,10935.0,60.75,147.0,5950.0,40.476190476190474,51.63608562691132,851f1d4ffffffff,2017-03-10 00:00:00
473,851f1d4ffffffff_2017-03-10 06:00:00,657.0,40550.0,61.719939117199395,462.0,22990.0,49.76190476190475,56.7828418230563,851f1d4ffffffff,2017-03-10 06:00:00
474,851f1d4ffffffff_2017-03-10 12:00:00,825.0,46305.0,56.12727272727273,567.0,30170.0,53.209876543209866,54.93893678160919,851f1d4ffffffff,2017-03-10 12:00:00
475,851f1d4ffffffff_2017-03-10 18:00:00,1040.0,37950.0,36.490384615384606,668.0,27855.0,41.69910179640719,38.527517564402814,851f1d4ffffffff,2017-03-10 18:00:00
476,851f1d4ffffffff_2017-03-11 00:00:00,284.0,10910.0,38.41549295774648,270.0,11120.0,41.185185185185176,39.765342960288805,851f1d4ffffffff,2017-03-11 00:00:00
477,851f1d4ffffffff_2017-03-11 06:00:00,711.0,44120.0,62.05344585091421,408.0,21345.0,52.316176470588225,58.50312779267203,851f1d4ffffffff,2017-03-11 06:00:00
478,851f1d4ffffffff_2017-03-11 12:00:00,1038.0,67670.0,65.19267822736029,582.0,34845.0,59.87113402061856,63.28086419753087,851f1d4ffffffff,2017-03-11 12:00:00
479,851f1d4ffffffff_2017-03-11 18:00:00,1010.0,40295.0,39.896039603960396,627.0,25045.0,39.944178628389146,39.91447770311545,851f1d4ffffffff,2017-03-11 18:00:00
480,851f1d4ffffffff_2017-03-12 00:00:00,315.0,9470.0,30.063492063492063,237.0,8660.0,36.54008438818566,32.844202898550726,851f1d4ffffffff,2017-03-12 00:00:00
481,851f1d4ffffffff_2017-03-12 06:00:00,605.0,36755.0,60.752066115702476,349.0,16895.0,48.40974212034385,56.23689727463312,851f1d4ffffffff,2017-03-12 06:00:00
482,851f1d4ffffffff_2017-03-12 12:00:00,1045.0,53945.0,51.622009569378,591.0,27275.0,46.15059221658206,49.645476772616135,851f1d4ffffffff,2017-03-12 12:00:00
483,851f1d4ffffffff_2017-03-12 18:00:00,589.0,24025.0,40.78947368421053,433.0,16045.0,37.0554272517321,39.20743639921722,851f1d4ffffffff,2017-03-12 18:00:00
484,851f1d4ffffffff_2017-03-13 00:00:00,121.0,4760.0,39.33884297520661,131.0,5520.0,42.137404580152676,40.79365079365079,851f1d4ffffffff,2017-03-13 00:00:00
485,851f1d4ffffffff_2017-03-13 06:00:00,718.0,41940.0,58.41225626740947,477.0,22650.0,47.484276729559745,54.05020920502092,851f1d4ffffffff,2017-03-13 06:00:00
486,851f1d4ffffffff_2017-03-13 12:00:00,670.0,33430.0,49.8955223880597,467.0,22290.0,47.73019271948608,49.006156552330694,851f1d4ffffffff,2017-03-13 12:00:00
487,851f1d4ffffffff_2017-03-13 18:00:00,394.0,32160.0,81.6243654822335,457.0,19125.0,41.84901531728665,60.26439482961222,851f1d4ffffffff,2017-03-13 18:00:00
488,851f1d4ffffffff_2017-03-14 00:00:00,133.0,4500.0,33.83458646616541,109.0,3960.0,36.330275229357795,34.95867768595041,851f1d4ffffffff,2017-03-14 00:00:00
489,851f1d4ffffffff_2017-03-14 06:00:00,624.0,34505.0,55.296474358974365,434.0,19430.0,44.76958525345622,50.97826086956522,851f1d4ffffffff,2017-03-14 06:00:00
490,851f1d4ffffffff_2017-03-14 12:00:00,696.0,32000.0,45.977011494252864,534.0,24845.0,46.526217228464425,46.21544715447155,851f1d4ffffffff,2017-03-14 12:00:00
491,851f1d4ffffffff_2017-03-14 18:00:00,643.0,29545.0,45.94867807153966,440.0,15980.0,36.31818181818182,42.03601108033241,851f1d4ffffffff,2017-03-14 18:00:00
492,851f1d4ffffffff_2017-03-15 00:00:00,119.0,6085.0,51.13445378151261,129.0,4805.0,37.24806201550388,43.91129032258065,851f1d4ffffffff,2017-03-15 00:00:00
493,851f1d4ffffffff_2017-03-15 06:00:00,635.0,37440.0,58.960629921259844,448.0,23665.0,52.823660714285715,56.42197599261311,851f1d4ffffffff,2017-03-15 06:00:00
494,851f1d4ffffffff_2017-03-15 12:00:00,678.0,33810.0,49.86725663716814,485.0,22120.0,45.60824742268043,48.09114359415305,851f1d4ffffffff,2017-03-15 12:00:00
495,851f1d4ffffffff_2017-03-15 18:00:00,723.0,31445.0,43.4923928077455,472.0,17765.0,37.63771186440678,41.17991631799163,851f1d4ffffffff,2017-03-15 18:00:00
496,851f1d4ffffffff_2017-03-16 00:00:00,124.0,6620.0,53.387096774193544,128.0,4515.0,35.2734375,44.18650793650794,851f1d4ffffffff,2017-03-16 00:00:00
497,851f1d4ffffffff_2017-03-16 06:00:00,670.0,37640.0,56.17910447761193,447.0,22810.0,51.029082774049215,54.11817367949866,851f1d4ffffffff,2017-03-16 06:00:00
498,851f1d4ffffffff_2017-03-16 12:00:00,760.0,37900.0,49.868421052631575,519.0,25565.0,49.25818882466281,49.62079749804535,851f1d4ffffffff,2017-03-16 12:00:00
499,851f1d4ffffffff_2017-03-16 18:00:00,737.0,27920.0,37.883310719131615,487.0,17650.0,36.242299794661186,37.23039215686274,851f1d4ffffffff,2017-03-16 18:00:00
500,851f1d4ffffffff_2017-03-17 00:00:00,173.0,10180.0,58.84393063583815,187.0,7060.0,37.754010695187176,47.888888888888886,851f1d4ffffffff,2017-03-17 00:00:00
501,851f1d4ffffffff_2017-03-17 06:00:00,676.0,42665.0,63.113905325443795,453.0,20935.0,46.214128035320094,56.33303808680248,851f1d4ffffffff,2017-03-17 06:00:00
502,851f1d4ffffffff_2017-03-17 12:00:00,845.0,52190.0,61.76331360946745,557.0,28795.0,51.69658886894075,57.7639087018545,851f1d4ffffffff,2017-03-17 12:00:00
503,851f1d4ffffffff_2017-03-17 18:00:00,898.0,42430.0,47.24944320712695,647.0,25485.0,39.38948995363215,43.957928802588995,851f1d4ffffffff,2017-03-17 18:00:00
504,851f1d4ffffffff_2017-03-18 00:00:00,271.0,10605.0,39.13284132841329,238.0,8275.0,34.76890756302521,37.09233791748527,851f1d4ffffffff,2017-03-18 00:00:00
505,851f1d4ffffffff_2017-03-18 06:00:00,738.0,49330.0,66.84281842818429,478.0,24390.0,51.02510460251046,60.625,851f1d4ffffffff,2017-03-18 06:00:00
506,851f1d4ffffffff_2017-03-18 12:00:00,1000.0,60770.0,60.77,674.0,32590.0,48.353115727002965,55.770609318996414,851f1d4ffffffff,2017-03-18 12:00:00
507,851f1d4ffffffff_2017-03-18 18:00:00,1060.0,46770.0,44.12264150943397,697.0,30765.0,44.13916786226685,44.12919749573136,851f1d4ffffffff,2017-03-18 18:00:00
508,851f1d4ffffffff_2017-03-19 00:00:00,322.0,11850.0,36.801242236024855,253.0,8710.0,34.42687747035573,35.756521739130434,851f1d4ffffffff,2017-03-19 00:00:00
509,851f1d4ffffffff_2017-03-19 06:00:00,631.0,39895.0,63.225039619651355,386.0,18700.0,48.44559585492229,57.61553588987217,851f1d4ffffffff,2017-03-19 06:00:00
510,851f1d4ffffffff_2017-03-19 12:00:00,1145.0,65205.0,56.94759825327511,694.0,34140.0,49.19308357348704,54.02120717781403,851f1d4ffffffff,2017-03-19 12:00:00
511,851f1d4ffffffff_2017-03-19 18:00:00,695.0,29570.0,42.546762589928065,457.0,17550.0,38.40262582056893,40.90277777777778,851f1d4ffffffff,2017-03-19 18:00:00
512,851f1d4ffffffff_2017-03-20 00:00:00,187.0,8605.0,46.016042780748656,136.0,6435.0,47.316176470588225,46.56346749226006,851f1d4ffffffff,2017-03-20 00:00:00
513,851f1d4ffffffff_2017-03-20 06:00:00,641.0,42280.0,65.95943837753511,467.0,25880.0,55.41755888650964,61.51624548736462,851f1d4ffffffff,2017-03-20 06:00:00
514,851f1d4ffffffff_2017-03-20 12:00:00,708.0,31830.0,44.95762711864407,471.0,21060.0,44.71337579617835,44.86005089058524,851f1d4ffffffff,2017-03-20 12:00:00
515,851f1d4ffffffff_2017-03-20 18:00:00,604.0,22785.0,37.72350993377484,446.0,17445.0,39.11434977578475,38.31428571428572,851f1d4ffffffff,2017-03-20 18:00:00
516,851f1d4ffffffff_2017-03-21 00:00:00,126.0,6520.0,51.746031746031754,127.0,5500.0,43.30708661417323,47.5098814229249,851f1d4ffffffff,2017-03-21 00:00:00
517,851f1d4ffffffff_2017-03-21 06:00:00,690.0,39350.0,57.02898550724638,437.0,22730.0,52.0137299771167,55.08429458740018,851f1d4ffffffff,2017-03-21 06:00:00
518,851f1d4ffffffff_2017-03-21 12:00:00,734.0,41375.0,56.36920980926432,487.0,30485.0,62.597535934291585,58.85339885339885,851f1d4ffffffff,2017-03-21 12:00:00
519,851f1d4ffffffff_2017-03-21 18:00:00,682.0,28320.0,41.52492668621701,485.0,19225.0,39.639175257731964,40.74121679520137,851f1d4ffffffff,2017-03-21 18:00:00
520,851f1d4ffffffff_2017-03-22 00:00:00,145.0,7100.0,48.96551724137931,128.0,4740.0,37.03125,43.36996336996337,851f1d4ffffffff,2017-03-22 00:00:00
521,851f1d4ffffffff_2017-03-22 06:00:00,628.0,34525.0,54.97611464968153,404.0,20215.0,50.03712871287129,53.042635658914726,851f1d4ffffffff,2017-03-22 06:00:00
522,851f1d4ffffffff_2017-03-22 12:00:00,671.0,40030.0,59.657228017883746,474.0,21805.0,46.00210970464135,54.004366812227076,851f1d4ffffffff,2017-03-22 12:00:00
523,851f1d4ffffffff_2017-03-22 18:00:00,734.0,27240.0,37.11171662125341,476.0,17620.0,37.01680672268908,37.074380165289256,851f1d4ffffffff,2017-03-22 18:00:00
524,851f1d4ffffffff_2017-03-23 00:00:00,143.0,5320.0,37.2027972027972,128.0,5835.0,45.5859375,41.162361623616235,851f1d4ffffffff,2017-03-23 00:00:00
525,851f1d4ffffffff_2017-03-23 06:00:00,703.0,34595.0,49.21052631578947,479.0,23425.0,48.90396659707724,49.08629441624365,851f1d4ffffffff,2017-03-23 06:00:00
526,851f1d4ffffffff_2017-03-23 12:00:00,745.0,39430.0,52.926174496644286,526.0,25720.0,48.89733840304182,51.2588512981904,851f1d4ffffffff,2017-03-23 12:00:00
527,851f1d4ffffffff_2017-03-23 18:00:00,722.0,39360.0,54.51523545706371,526.0,19340.0,36.768060836501895,47.03525641025641,851f1d4ffffffff,2017-03-23 18:00:00
528,851f1d4ffffffff_2017-03-24 00:00:00,141.0,5220.0,37.02127659574468,166.0,7805.0,47.018072289156635,42.42671009771987,851f1d4ffffffff,2017-03-24 00:00:00
529,851f1d4ffffffff_2017-03-24 06:00:00,629.0,36530.0,58.07631160572337,380.0,20490.0,53.92105263157895,56.511397423191276,851f1d4ffffffff,2017-03-24 06:00:00
530,851f1d4ffffffff_2017-03-24 12:00:00,805.0,44695.0,55.52173913043478,545.0,25940.0,47.596330275229356,52.32222222222222,851f1d4ffffffff,2017-03-24 12:00:00
531,851f1d4ffffffff_2017-03-24 18:00:00,904.0,39170.0,43.329646017699105,561.0,25145.0,44.8217468805704,43.901023890784984,851f1d4ffffffff,2017-03-24 18:00:00
532,851f18b7fffffff_2017-02-26 06:00:00,0.0,0.0,0.0,1.0,95.0,95.0,95.0,851f18b7fffffff,2017-02-26 06:00:00
533,851f18b7fffffff_2017-02-28 00:00:00,0.0,0.0,0.0,1.0,35.0,35.0,35.0,851f18b7fffffff,2017-02-28 00:00:00
534,851f18b7fffffff_2017-02-28 06:00:00,0.0,0.0,0.0,2.0,105.0,52.5,52.5,851f18b7fffffff,2017-02-28 06:00:00
535,851f18b7fffffff_2017-03-03 00:00:00,0.0,0.0,0.0,2.0,75.0,37.5,37.5,851f18b7fffffff,2017-03-03 00:00:00
536,851f18b7fffffff_2017-03-06 06:00:00,0.0,0.0,0.0,1.0,55.0,55.0,55.0,851f18b7fffffff,2017-03-06 06:00:00
537,851f18b7fffffff_2017-03-14 06:00:00,0.0,0.0,0.0,4.0,160.0,40.0,40.0,851f18b7fffffff,2017-03-14 06:00:00
538,851f18b7fffffff_2017-03-18 00:00:00,0.0,0.0,0.0,1.0,40.0,40.0,40.0,851f18b7fffffff,2017-03-18 00:00:00
539,851f18b7fffffff_2017-03-21 06:00:00,0.0,0.0,0.0,2.0,115.0,57.5,57.5,851f18b7fffffff,2017-03-21 06:00:00
540,851f18b7fffffff_2017-03-23 06:00:00,0.0,0.0,0.0,1.0,30.0,30.0,30.0,851f18b7fffffff,2017-03-23 06:00:00
