,key_5hex_1h,y_hat,y_true,y_hat_adjust,hex_id_5hex,timestamp
0,851f1d4bfffffff_2017-03-13 00:00:00,68.0,73,68,851f1d4bfffffff,2017-03-13 00:00:00
1,851f1d4bfffffff_2017-03-13 01:00:00,44.0,41,44,851f1d4bfffffff,2017-03-13 01:00:00
2,851f1d4bfffffff_2017-03-13 02:00:00,33.0,42,33,851f1d4bfffffff,2017-03-13 02:00:00
3,851f1d4bfffffff_2017-03-13 03:00:00,59.0,53,59,851f1d4bfffffff,2017-03-13 03:00:00
4,851f1d4bfffffff_2017-03-13 04:00:00,80.0,75,80,851f1d4bfffffff,2017-03-13 04:00:00
5,851f1d4bfffffff_2017-03-13 05:00:00,145.0,149,145,851f1d4bfffffff,2017-03-13 05:00:00
6,851f1d4bfffffff_2017-03-13 06:00:00,340.0,320,340,851f1d4bfffffff,2017-03-13 06:00:00
7,851f1d4bfffffff_2017-03-13 07:00:00,434.0,455,434,851f1d4bfffffff,2017-03-13 07:00:00
8,851f1d4bfffffff_2017-03-13 08:00:00,391.0,397,391,851f1d4bfffffff,2017-03-13 08:00:00
9,851f1d4bfffffff_2017-03-13 09:00:00,322.0,304,322,851f1d4bfffffff,2017-03-13 09:00:00
10,851f1d4bfffffff_2017-03-13 10:00:00,317.0,317,317,851f1d4bfffffff,2017-03-13 10:00:00
11,851f1d4bfffffff_2017-03-13 11:00:00,367.0,363,367,851f1d4bfffffff,2017-03-13 11:00:00
12,851f1d4bfffffff_2017-03-13 12:00:00,392.0,356,392,851f1d4bfffffff,2017-03-13 12:00:00
13,851f1d4bfffffff_2017-03-13 13:00:00,418.0,390,418,851f1d4bfffffff,2017-03-13 13:00:00
14,851f1d4bfffffff_2017-03-13 14:00:00,480.0,458,480,851f1d4bfffffff,2017-03-13 14:00:00
15,851f1d4bfffffff_2017-03-13 15:00:00,550.0,506,550,851f1d4bfffffff,2017-03-13 15:00:00
16,851f1d4bfffffff_2017-03-13 16:00:00,620.0,616,620,851f1d4bfffffff,2017-03-13 16:00:00
17,851f1d4bfffffff_2017-03-13 17:00:00,632.0,629,632,851f1d4bfffffff,2017-03-13 17:00:00
18,851f1d4bfffffff_2017-03-13 18:00:00,499.0,515,499,851f1d4bfffffff,2017-03-13 18:00:00
19,851f1d4bfffffff_2017-03-13 19:00:00,423.0,313,423,851f1d4bfffffff,2017-03-13 19:00:00
20,851f1d4bfffffff_2017-03-13 20:00:00,359.0,177,359,851f1d4bfffffff,2017-03-13 20:00:00
21,851f1d4bfffffff_2017-03-13 21:00:00,284.0,213,284,851f1d4bfffffff,2017-03-13 21:00:00
22,851f1d4bfffffff_2017-03-13 22:00:00,182.0,198,182,851f1d4bfffffff,2017-03-13 22:00:00
23,851f1d4bfffffff_2017-03-13 23:00:00,137.0,121,137,851f1d4bfffffff,2017-03-13 23:00:00
24,851f1d4bfffffff_2017-03-14 00:00:00,60.0,68,60,851f1d4bfffffff,2017-03-14 00:00:00
25,851f1d4bfffffff_2017-03-14 01:00:00,35.0,30,35,851f1d4bfffffff,2017-03-14 01:00:00
26,851f1d4bfffffff_2017-03-14 02:00:00,31.0,33,31,851f1d4bfffffff,2017-03-14 02:00:00
27,851f1d4bfffffff_2017-03-14 03:00:00,48.0,49,48,851f1d4bfffffff,2017-03-14 03:00:00
28,851f1d4bfffffff_2017-03-14 04:00:00,73.0,69,73,851f1d4bfffffff,2017-03-14 04:00:00
29,851f1d4bfffffff_2017-03-14 05:00:00,150.0,145,150,851f1d4bfffffff,2017-03-14 05:00:00
30,851f1d4bfffffff_2017-03-14 06:00:00,304.0,322,304,851f1d4bfffffff,2017-03-14 06:00:00
31,851f1d4bfffffff_2017-03-14 07:00:00,421.0,423,421,851f1d4bfffffff,2017-03-14 07:00:00
32,851f1d4bfffffff_2017-03-14 08:00:00,403.0,385,403,851f1d4bfffffff,2017-03-14 08:00:00
33,851f1d4bfffffff_2017-03-14 09:00:00,326.0,341,326,851f1d4bfffffff,2017-03-14 09:00:00
34,851f1d4bfffffff_2017-03-14 10:00:00,344.0,345,344,851f1d4bfffffff,2017-03-14 10:00:00
35,851f1d4bfffffff_2017-03-14 11:00:00,373.0,414,373,851f1d4bfffffff,2017-03-14 11:00:00
36,851f1d4bfffffff_2017-03-14 12:00:00,362.0,388,362,851f1d4bfffffff,2017-03-14 12:00:00
37,851f1d4bfffffff_2017-03-14 13:00:00,405.0,434,405,851f1d4bfffffff,2017-03-14 13:00:00
38,851f1d4bfffffff_2017-03-14 14:00:00,448.0,449,448,851f1d4bfffffff,2017-03-14 14:00:00
39,851f1d4bfffffff_2017-03-14 15:00:00,496.0,485,496,851f1d4bfffffff,2017-03-14 15:00:00
40,851f1d4bfffffff_2017-03-14 16:00:00,571.0,563,571,851f1d4bfffffff,2017-03-14 16:00:00
41,851f1d4bfffffff_2017-03-14 17:00:00,608.0,636,608,851f1d4bfffffff,2017-03-14 17:00:00
42,851f1d4bfffffff_2017-03-14 18:00:00,517.0,538,517,851f1d4bfffffff,2017-03-14 18:00:00
43,851f1d4bfffffff_2017-03-14 19:00:00,401.0,397,401,851f1d4bfffffff,2017-03-14 19:00:00
44,851f1d4bfffffff_2017-03-14 20:00:00,362.0,350,362,851f1d4bfffffff,2017-03-14 20:00:00
45,851f1d4bfffffff_2017-03-14 21:00:00,275.0,302,275,851f1d4bfffffff,2017-03-14 21:00:00
46,851f1d4bfffffff_2017-03-14 22:00:00,236.0,200,236,851f1d4bfffffff,2017-03-14 22:00:00
47,851f1d4bfffffff_2017-03-14 23:00:00,133.0,139,133,851f1d4bfffffff,2017-03-14 23:00:00
48,851f1d4bfffffff_2017-03-15 00:00:00,78.0,75,78,851f1d4bfffffff,2017-03-15 00:00:00
49,851f1d4bfffffff_2017-03-15 01:00:00,36.0,45,36,851f1d4bfffffff,2017-03-15 01:00:00
50,851f1d4bfffffff_2017-03-15 02:00:00,26.0,30,26,851f1d4bfffffff,2017-03-15 02:00:00
51,851f1d4bfffffff_2017-03-15 03:00:00,45.0,52,45,851f1d4bfffffff,2017-03-15 03:00:00
52,851f1d4bfffffff_2017-03-15 04:00:00,68.0,78,68,851f1d4bfffffff,2017-03-15 04:00:00
53,851f1d4bfffffff_2017-03-15 05:00:00,146.0,162,146,851f1d4bfffffff,2017-03-15 05:00:00
54,851f1d4bfffffff_2017-03-15 06:00:00,311.0,316,311,851f1d4bfffffff,2017-03-15 06:00:00
55,851f1d4bfffffff_2017-03-15 07:00:00,402.0,445,402,851f1d4bfffffff,2017-03-15 07:00:00
56,851f1d4bfffffff_2017-03-15 08:00:00,392.0,374,392,851f1d4bfffffff,2017-03-15 08:00:00
57,851f1d4bfffffff_2017-03-15 09:00:00,325.0,306,325,851f1d4bfffffff,2017-03-15 09:00:00
58,851f1d4bfffffff_2017-03-15 10:00:00,305.0,300,305,851f1d4bfffffff,2017-03-15 10:00:00
59,851f1d4bfffffff_2017-03-15 11:00:00,367.0,351,367,851f1d4bfffffff,2017-03-15 11:00:00
60,851f1d4bfffffff_2017-03-15 12:00:00,387.0,386,387,851f1d4bfffffff,2017-03-15 12:00:00
61,851f1d4bfffffff_2017-03-15 13:00:00,423.0,435,423,851f1d4bfffffff,2017-03-15 13:00:00
62,851f1d4bfffffff_2017-03-15 14:00:00,426.0,449,426,851f1d4bfffffff,2017-03-15 14:00:00
63,851f1d4bfffffff_2017-03-15 15:00:00,492.0,485,492,851f1d4bfffffff,2017-03-15 15:00:00
64,851f1d4bfffffff_2017-03-15 16:00:00,564.0,569,564,851f1d4bfffffff,2017-03-15 16:00:00
65,851f1d4bfffffff_2017-03-15 17:00:00,595.0,653,595,851f1d4bfffffff,2017-03-15 17:00:00
66,851f1d4bfffffff_2017-03-15 18:00:00,511.0,514,511,851f1d4bfffffff,2017-03-15 18:00:00
67,851f1d4bfffffff_2017-03-15 19:00:00,417.0,410,417,851f1d4bfffffff,2017-03-15 19:00:00
68,851f1d4bfffffff_2017-03-15 20:00:00,376.0,339,376,851f1d4bfffffff,2017-03-15 20:00:00
69,851f1d4bfffffff_2017-03-15 21:00:00,313.0,310,313,851f1d4bfffffff,2017-03-15 21:00:00
70,851f1d4bfffffff_2017-03-15 22:00:00,235.0,209,235,851f1d4bfffffff,2017-03-15 22:00:00
71,851f1d4bfffffff_2017-03-15 23:00:00,134.0,142,134,851f1d4bfffffff,2017-03-15 23:00:00
72,851f1d4bfffffff_2017-03-16 00:00:00,82.0,84,82,851f1d4bfffffff,2017-03-16 00:00:00
73,851f1d4bfffffff_2017-03-16 01:00:00,45.0,38,45,851f1d4bfffffff,2017-03-16 01:00:00
74,851f1d4bfffffff_2017-03-16 02:00:00,33.0,30,33,851f1d4bfffffff,2017-03-16 02:00:00
75,851f1d4bfffffff_2017-03-16 03:00:00,43.0,62,43,851f1d4bfffffff,2017-03-16 03:00:00
76,851f1d4bfffffff_2017-03-16 04:00:00,60.0,75,60,851f1d4bfffffff,2017-03-16 04:00:00
77,851f1d4bfffffff_2017-03-16 05:00:00,133.0,160,133,851f1d4bfffffff,2017-03-16 05:00:00
78,851f1d4bfffffff_2017-03-16 06:00:00,293.0,274,293,851f1d4bfffffff,2017-03-16 06:00:00
79,851f1d4bfffffff_2017-03-16 07:00:00,418.0,418,418,851f1d4bfffffff,2017-03-16 07:00:00
80,851f1d4bfffffff_2017-03-16 08:00:00,391.0,398,391,851f1d4bfffffff,2017-03-16 08:00:00
81,851f1d4bfffffff_2017-03-16 09:00:00,310.0,335,310,851f1d4bfffffff,2017-03-16 09:00:00
82,851f1d4bfffffff_2017-03-16 10:00:00,329.0,352,329,851f1d4bfffffff,2017-03-16 10:00:00
83,851f1d4bfffffff_2017-03-16 11:00:00,366.0,389,366,851f1d4bfffffff,2017-03-16 11:00:00
84,851f1d4bfffffff_2017-03-16 12:00:00,387.0,394,387,851f1d4bfffffff,2017-03-16 12:00:00
85,851f1d4bfffffff_2017-03-16 13:00:00,437.0,396,437,851f1d4bfffffff,2017-03-16 13:00:00
86,851f1d4bfffffff_2017-03-16 14:00:00,464.0,478,464,851f1d4bfffffff,2017-03-16 14:00:00
87,851f1d4bfffffff_2017-03-16 15:00:00,487.0,532,487,851f1d4bfffffff,2017-03-16 15:00:00
88,851f1d4bfffffff_2017-03-16 16:00:00,578.0,562,578,851f1d4bfffffff,2017-03-16 16:00:00
89,851f1d4bfffffff_2017-03-16 17:00:00,619.0,620,619,851f1d4bfffffff,2017-03-16 17:00:00
90,851f1d4bfffffff_2017-03-16 18:00:00,523.0,525,523,851f1d4bfffffff,2017-03-16 18:00:00
91,851f1d4bfffffff_2017-03-16 19:00:00,428.0,418,428,851f1d4bfffffff,2017-03-16 19:00:00
92,851f1d4bfffffff_2017-03-16 20:00:00,389.0,372,389,851f1d4bfffffff,2017-03-16 20:00:00
93,851f1d4bfffffff_2017-03-16 21:00:00,330.0,327,330,851f1d4bfffffff,2017-03-16 21:00:00
94,851f1d4bfffffff_2017-03-16 22:00:00,238.0,234,238,851f1d4bfffffff,2017-03-16 22:00:00
95,851f1d4bfffffff_2017-03-16 23:00:00,165.0,148,165,851f1d4bfffffff,2017-03-16 23:00:00
96,851f1d4bfffffff_2017-03-17 00:00:00,107.0,89,107,851f1d4bfffffff,2017-03-17 00:00:00
97,851f1d4bfffffff_2017-03-17 01:00:00,44.0,50,44,851f1d4bfffffff,2017-03-17 01:00:00
98,851f1d4bfffffff_2017-03-17 02:00:00,38.0,44,38,851f1d4bfffffff,2017-03-17 02:00:00
99,851f1d4bfffffff_2017-03-17 03:00:00,52.0,54,52,851f1d4bfffffff,2017-03-17 03:00:00
100,851f1d4bfffffff_2017-03-17 04:00:00,75.0,79,75,851f1d4bfffffff,2017-03-17 04:00:00
101,851f1d4bfffffff_2017-03-17 05:00:00,138.0,136,138,851f1d4bfffffff,2017-03-17 05:00:00
102,851f1d4bfffffff_2017-03-17 06:00:00,286.0,303,286,851f1d4bfffffff,2017-03-17 06:00:00
103,851f1d4bfffffff_2017-03-17 07:00:00,418.0,374,418,851f1d4bfffffff,2017-03-17 07:00:00
104,851f1d4bfffffff_2017-03-17 08:00:00,428.0,427,428,851f1d4bfffffff,2017-03-17 08:00:00
105,851f1d4bfffffff_2017-03-17 09:00:00,356.0,357,356,851f1d4bfffffff,2017-03-17 09:00:00
106,851f1d4bfffffff_2017-03-17 10:00:00,371.0,372,371,851f1d4bfffffff,2017-03-17 10:00:00
107,851f1d4bfffffff_2017-03-17 11:00:00,443.0,454,443,851f1d4bfffffff,2017-03-17 11:00:00
108,851f1d4bfffffff_2017-03-17 12:00:00,454.0,444,454,851f1d4bfffffff,2017-03-17 12:00:00
109,851f1d4bfffffff_2017-03-17 13:00:00,484.0,448,484,851f1d4bfffffff,2017-03-17 13:00:00
110,851f1d4bfffffff_2017-03-17 14:00:00,510.0,518,510,851f1d4bfffffff,2017-03-17 14:00:00
111,851f1d4bfffffff_2017-03-17 15:00:00,575.0,527,575,851f1d4bfffffff,2017-03-17 15:00:00
112,851f1d4bfffffff_2017-03-17 16:00:00,576.0,640,576,851f1d4bfffffff,2017-03-17 16:00:00
113,851f1d4bfffffff_2017-03-17 17:00:00,622.0,625,622,851f1d4bfffffff,2017-03-17 17:00:00
114,851f1d4bfffffff_2017-03-17 18:00:00,559.0,621,559,851f1d4bfffffff,2017-03-17 18:00:00
115,851f1d4bfffffff_2017-03-17 19:00:00,539.0,578,539,851f1d4bfffffff,2017-03-17 19:00:00
116,851f1d4bfffffff_2017-03-17 20:00:00,505.0,530,505,851f1d4bfffffff,2017-03-17 20:00:00
117,851f1d4bfffffff_2017-03-17 21:00:00,422.0,456,422,851f1d4bfffffff,2017-03-17 21:00:00
118,851f1d4bfffffff_2017-03-17 22:00:00,363.0,327,363,851f1d4bfffffff,2017-03-17 22:00:00
119,851f1d4bfffffff_2017-03-17 23:00:00,254.0,228,254,851f1d4bfffffff,2017-03-17 23:00:00
120,851f1d4bfffffff_2017-03-18 00:00:00,206.0,174,206,851f1d4bfffffff,2017-03-18 00:00:00
121,851f1d4bfffffff_2017-03-18 01:00:00,124.0,107,124,851f1d4bfffffff,2017-03-18 01:00:00
122,851f1d4bfffffff_2017-03-18 02:00:00,75.0,87,75,851f1d4bfffffff,2017-03-18 02:00:00
123,851f1d4bfffffff_2017-03-18 03:00:00,80.0,79,80,851f1d4bfffffff,2017-03-18 03:00:00
124,851f1d4bfffffff_2017-03-18 04:00:00,95.0,70,95,851f1d4bfffffff,2017-03-18 04:00:00
125,851f1d4bfffffff_2017-03-18 05:00:00,85.0,76,85,851f1d4bfffffff,2017-03-18 05:00:00
126,851f1d4bfffffff_2017-03-18 06:00:00,121.0,159,121,851f1d4bfffffff,2017-03-18 06:00:00
127,851f1d4bfffffff_2017-03-18 07:00:00,192.0,236,192,851f1d4bfffffff,2017-03-18 07:00:00
128,851f1d4bfffffff_2017-03-18 08:00:00,285.0,323,285,851f1d4bfffffff,2017-03-18 08:00:00
129,851f1d4bfffffff_2017-03-18 09:00:00,356.0,377,356,851f1d4bfffffff,2017-03-18 09:00:00
130,851f1d4bfffffff_2017-03-18 10:00:00,409.0,445,409,851f1d4bfffffff,2017-03-18 10:00:00
131,851f1d4bfffffff_2017-03-18 11:00:00,482.0,493,482,851f1d4bfffffff,2017-03-18 11:00:00
132,851f1d4bfffffff_2017-03-18 12:00:00,510.0,535,510,851f1d4bfffffff,2017-03-18 12:00:00
133,851f1d4bfffffff_2017-03-18 13:00:00,570.0,572,570,851f1d4bfffffff,2017-03-18 13:00:00
134,851f1d4bfffffff_2017-03-18 14:00:00,582.0,608,582,851f1d4bfffffff,2017-03-18 14:00:00
135,851f1d4bfffffff_2017-03-18 15:00:00,569.0,595,569,851f1d4bfffffff,2017-03-18 15:00:00
136,851f1d4bfffffff_2017-03-18 16:00:00,572.0,622,572,851f1d4bfffffff,2017-03-18 16:00:00
137,851f1d4bfffffff_2017-03-18 17:00:00,631.0,694,631,851f1d4bfffffff,2017-03-18 17:00:00
138,851f1d4bfffffff_2017-03-18 18:00:00,634.0,682,634,851f1d4bfffffff,2017-03-18 18:00:00
139,851f1d4bfffffff_2017-03-18 19:00:00,623.0,626,623,851f1d4bfffffff,2017-03-18 19:00:00
140,851f1d4bfffffff_2017-03-18 20:00:00,570.0,532,570,851f1d4bfffffff,2017-03-18 20:00:00
141,851f1d4bfffffff_2017-03-18 21:00:00,478.0,448,478,851f1d4bfffffff,2017-03-18 21:00:00
142,851f1d4bfffffff_2017-03-18 22:00:00,357.0,362,357,851f1d4bfffffff,2017-03-18 22:00:00
143,851f1d4bfffffff_2017-03-18 23:00:00,301.0,310,301,851f1d4bfffffff,2017-03-18 23:00:00
144,851f1d4bfffffff_2017-03-19 00:00:00,224.0,223,224,851f1d4bfffffff,2017-03-19 00:00:00
145,851f1d4bfffffff_2017-03-19 01:00:00,148.0,136,148,851f1d4bfffffff,2017-03-19 01:00:00
146,851f1d4bfffffff_2017-03-19 02:00:00,97.0,83,97,851f1d4bfffffff,2017-03-19 02:00:00
147,851f1d4bfffffff_2017-03-19 03:00:00,72.0,75,72,851f1d4bfffffff,2017-03-19 03:00:00
148,851f1d4bfffffff_2017-03-19 04:00:00,68.0,70,68,851f1d4bfffffff,2017-03-19 04:00:00
149,851f1d4bfffffff_2017-03-19 05:00:00,71.0,62,71,851f1d4bfffffff,2017-03-19 05:00:00
150,851f1d4bfffffff_2017-03-19 06:00:00,99.0,83,99,851f1d4bfffffff,2017-03-19 06:00:00
151,851f1d4bfffffff_2017-03-19 07:00:00,161.0,181,161,851f1d4bfffffff,2017-03-19 07:00:00
152,851f1d4bfffffff_2017-03-19 08:00:00,233.0,254,233,851f1d4bfffffff,2017-03-19 08:00:00
153,851f1d4bfffffff_2017-03-19 09:00:00,337.0,327,337,851f1d4bfffffff,2017-03-19 09:00:00
154,851f1d4bfffffff_2017-03-19 10:00:00,358.0,376,358,851f1d4bfffffff,2017-03-19 10:00:00
155,851f1d4bfffffff_2017-03-19 11:00:00,418.0,454,418,851f1d4bfffffff,2017-03-19 11:00:00
156,851f1d4bfffffff_2017-03-19 12:00:00,436.0,477,436,851f1d4bfffffff,2017-03-19 12:00:00
157,851f1d4bfffffff_2017-03-19 13:00:00,465.0,500,465,851f1d4bfffffff,2017-03-19 13:00:00
158,851f1d4bfffffff_2017-03-19 14:00:00,484.0,512,484,851f1d4bfffffff,2017-03-19 14:00:00
159,851f1d4bfffffff_2017-03-19 15:00:00,488.0,547,488,851f1d4bfffffff,2017-03-19 15:00:00
160,851f1d4bfffffff_2017-03-19 16:00:00,505.0,592,505,851f1d4bfffffff,2017-03-19 16:00:00
161,851f1d4bfffffff_2017-03-19 17:00:00,537.0,555,537,851f1d4bfffffff,2017-03-19 17:00:00
162,851f1d4bfffffff_2017-03-19 18:00:00,419.0,495,419,851f1d4bfffffff,2017-03-19 18:00:00
163,851f1d4bfffffff_2017-03-19 19:00:00,333.0,361,333,851f1d4bfffffff,2017-03-19 19:00:00
164,851f1d4bfffffff_2017-03-19 20:00:00,279.0,307,279,851f1d4bfffffff,2017-03-19 20:00:00
165,851f1d4bfffffff_2017-03-19 21:00:00,263.0,270,263,851f1d4bfffffff,2017-03-19 21:00:00
166,851f1d4bfffffff_2017-03-19 22:00:00,204.0,187,204,851f1d4bfffffff,2017-03-19 22:00:00
167,851f1d4bfffffff_2017-03-19 23:00:00,140.0,98,140,851f1d4bfffffff,2017-03-19 23:00:00
168,851f1d4bfffffff_2017-03-20 00:00:00,98.0,113,98,851f1d4bfffffff,2017-03-20 00:00:00
169,851f1d4bfffffff_2017-03-20 01:00:00,55.0,42,55,851f1d4bfffffff,2017-03-20 01:00:00
170,851f1d4bfffffff_2017-03-20 02:00:00,41.0,30,41,851f1d4bfffffff,2017-03-20 02:00:00
171,851f1d4bfffffff_2017-03-20 03:00:00,63.0,64,63,851f1d4bfffffff,2017-03-20 03:00:00
172,851f1d4bfffffff_2017-03-20 04:00:00,86.0,87,86,851f1d4bfffffff,2017-03-20 04:00:00
173,851f1d4ffffffff_2017-03-13 00:00:00,47.0,41,47,851f1d4ffffffff,2017-03-13 00:00:00
174,851f1d4ffffffff_2017-03-13 01:00:00,28.0,23,28,851f1d4ffffffff,2017-03-13 01:00:00
175,851f1d4ffffffff_2017-03-13 02:00:00,25.0,29,25,851f1d4ffffffff,2017-03-13 02:00:00
176,851f1d4ffffffff_2017-03-13 03:00:00,37.0,33,37,851f1d4ffffffff,2017-03-13 03:00:00
177,851f1d4ffffffff_2017-03-13 04:00:00,54.0,45,54,851f1d4ffffffff,2017-03-13 04:00:00
178,851f1d4ffffffff_2017-03-13 05:00:00,102.0,82,102,851f1d4ffffffff,2017-03-13 05:00:00
179,851f1d4ffffffff_2017-03-13 06:00:00,194.0,206,194,851f1d4ffffffff,2017-03-13 06:00:00
180,851f1d4ffffffff_2017-03-13 07:00:00,256.0,278,256,851f1d4ffffffff,2017-03-13 07:00:00
181,851f1d4ffffffff_2017-03-13 08:00:00,194.0,184,194,851f1d4ffffffff,2017-03-13 08:00:00
182,851f1d4ffffffff_2017-03-13 09:00:00,141.0,152,141,851f1d4ffffffff,2017-03-13 09:00:00
183,851f1d4ffffffff_2017-03-13 10:00:00,120.0,144,120,851f1d4ffffffff,2017-03-13 10:00:00
184,851f1d4ffffffff_2017-03-13 11:00:00,142.0,157,142,851f1d4ffffffff,2017-03-13 11:00:00
185,851f1d4ffffffff_2017-03-13 12:00:00,151.0,138,151,851f1d4ffffffff,2017-03-13 12:00:00
186,851f1d4ffffffff_2017-03-13 13:00:00,149.0,136,149,851f1d4ffffffff,2017-03-13 13:00:00
187,851f1d4ffffffff_2017-03-13 14:00:00,169.0,174,169,851f1d4ffffffff,2017-03-13 14:00:00
188,851f1d4ffffffff_2017-03-13 15:00:00,174.0,168,174,851f1d4ffffffff,2017-03-13 15:00:00
189,851f1d4ffffffff_2017-03-13 16:00:00,240.0,236,240,851f1d4ffffffff,2017-03-13 16:00:00
190,851f1d4ffffffff_2017-03-13 17:00:00,303.0,234,303,851f1d4ffffffff,2017-03-13 17:00:00
191,851f1d4ffffffff_2017-03-13 18:00:00,307.0,290,307,851f1d4ffffffff,2017-03-13 18:00:00
192,851f1d4ffffffff_2017-03-13 19:00:00,254.0,141,254,851f1d4ffffffff,2017-03-13 19:00:00
193,851f1d4ffffffff_2017-03-13 20:00:00,211.0,94,211,851f1d4ffffffff,2017-03-13 20:00:00
194,851f1d4ffffffff_2017-03-13 21:00:00,198.0,122,198,851f1d4ffffffff,2017-03-13 21:00:00
195,851f1d4ffffffff_2017-03-13 22:00:00,125.0,109,125,851f1d4ffffffff,2017-03-13 22:00:00
196,851f1d4ffffffff_2017-03-13 23:00:00,81.0,47,81,851f1d4ffffffff,2017-03-13 23:00:00
197,851f1d4ffffffff_2017-03-14 00:00:00,38.0,36,38,851f1d4ffffffff,2017-03-14 00:00:00
198,851f1d4ffffffff_2017-03-14 01:00:00,26.0,25,26,851f1d4ffffffff,2017-03-14 01:00:00
199,851f1d4ffffffff_2017-03-14 02:00:00,25.0,27,25,851f1d4ffffffff,2017-03-14 02:00:00
200,851f1d4ffffffff_2017-03-14 03:00:00,30.0,26,30,851f1d4ffffffff,2017-03-14 03:00:00
201,851f1d4ffffffff_2017-03-14 04:00:00,50.0,45,50,851f1d4ffffffff,2017-03-14 04:00:00
202,851f1d4ffffffff_2017-03-14 05:00:00,105.0,93,105,851f1d4ffffffff,2017-03-14 05:00:00
203,851f1d4ffffffff_2017-03-14 06:00:00,211.0,190,211,851f1d4ffffffff,2017-03-14 06:00:00
204,851f1d4ffffffff_2017-03-14 07:00:00,287.0,228,287,851f1d4ffffffff,2017-03-14 07:00:00
205,851f1d4ffffffff_2017-03-14 08:00:00,203.0,189,203,851f1d4ffffffff,2017-03-14 08:00:00
206,851f1d4ffffffff_2017-03-14 09:00:00,164.0,153,164,851f1d4ffffffff,2017-03-14 09:00:00
207,851f1d4ffffffff_2017-03-14 10:00:00,167.0,141,167,851f1d4ffffffff,2017-03-14 10:00:00
208,851f1d4ffffffff_2017-03-14 11:00:00,166.0,153,166,851f1d4ffffffff,2017-03-14 11:00:00
209,851f1d4ffffffff_2017-03-14 12:00:00,158.0,143,158,851f1d4ffffffff,2017-03-14 12:00:00
210,851f1d4ffffffff_2017-03-14 13:00:00,144.0,155,144,851f1d4ffffffff,2017-03-14 13:00:00
211,851f1d4ffffffff_2017-03-14 14:00:00,165.0,177,165,851f1d4ffffffff,2017-03-14 14:00:00
212,851f1d4ffffffff_2017-03-14 15:00:00,189.0,180,189,851f1d4ffffffff,2017-03-14 15:00:00
213,851f1d4ffffffff_2017-03-14 16:00:00,261.0,202,261,851f1d4ffffffff,2017-03-14 16:00:00
214,851f1d4ffffffff_2017-03-14 17:00:00,310.0,282,310,851f1d4ffffffff,2017-03-14 17:00:00
215,851f1d4ffffffff_2017-03-14 18:00:00,317.0,283,317,851f1d4ffffffff,2017-03-14 18:00:00
216,851f1d4ffffffff_2017-03-14 19:00:00,231.0,206,231,851f1d4ffffffff,2017-03-14 19:00:00
217,851f1d4ffffffff_2017-03-14 20:00:00,198.0,219,198,851f1d4ffffffff,2017-03-14 20:00:00
218,851f1d4ffffffff_2017-03-14 21:00:00,200.0,169,200,851f1d4ffffffff,2017-03-14 21:00:00
219,851f1d4ffffffff_2017-03-14 22:00:00,164.0,115,164,851f1d4ffffffff,2017-03-14 22:00:00
220,851f1d4ffffffff_2017-03-14 23:00:00,99.0,88,99,851f1d4ffffffff,2017-03-14 23:00:00
221,851f1d4ffffffff_2017-03-15 00:00:00,66.0,58,66,851f1d4ffffffff,2017-03-15 00:00:00
222,851f1d4ffffffff_2017-03-15 01:00:00,35.0,39,35,851f1d4ffffffff,2017-03-15 01:00:00
223,851f1d4ffffffff_2017-03-15 02:00:00,30.0,25,30,851f1d4ffffffff,2017-03-15 02:00:00
224,851f1d4ffffffff_2017-03-15 03:00:00,30.0,20,30,851f1d4ffffffff,2017-03-15 03:00:00
225,851f1d4ffffffff_2017-03-15 04:00:00,48.0,39,48,851f1d4ffffffff,2017-03-15 04:00:00
226,851f1d4ffffffff_2017-03-15 05:00:00,94.0,80,94,851f1d4ffffffff,2017-03-15 05:00:00
227,851f1d4ffffffff_2017-03-15 06:00:00,196.0,178,196,851f1d4ffffffff,2017-03-15 06:00:00
228,851f1d4ffffffff_2017-03-15 07:00:00,256.0,242,256,851f1d4ffffffff,2017-03-15 07:00:00
229,851f1d4ffffffff_2017-03-15 08:00:00,194.0,226,194,851f1d4ffffffff,2017-03-15 08:00:00
230,851f1d4ffffffff_2017-03-15 09:00:00,131.0,156,131,851f1d4ffffffff,2017-03-15 09:00:00
231,851f1d4ffffffff_2017-03-15 10:00:00,117.0,140,117,851f1d4ffffffff,2017-03-15 10:00:00
232,851f1d4ffffffff_2017-03-15 11:00:00,138.0,140,138,851f1d4ffffffff,2017-03-15 11:00:00
233,851f1d4ffffffff_2017-03-15 12:00:00,142.0,141,142,851f1d4ffffffff,2017-03-15 12:00:00
234,851f1d4ffffffff_2017-03-15 13:00:00,152.0,160,152,851f1d4ffffffff,2017-03-15 13:00:00
235,851f1d4ffffffff_2017-03-15 14:00:00,155.0,179,155,851f1d4ffffffff,2017-03-15 14:00:00
236,851f1d4ffffffff_2017-03-15 15:00:00,169.0,149,169,851f1d4ffffffff,2017-03-15 15:00:00
237,851f1d4ffffffff_2017-03-15 16:00:00,217.0,196,217,851f1d4ffffffff,2017-03-15 16:00:00
238,851f1d4ffffffff_2017-03-15 17:00:00,270.0,279,270,851f1d4ffffffff,2017-03-15 17:00:00
239,851f1d4ffffffff_2017-03-15 18:00:00,284.0,289,284,851f1d4ffffffff,2017-03-15 18:00:00
240,851f1d4ffffffff_2017-03-15 19:00:00,233.0,240,233,851f1d4ffffffff,2017-03-15 19:00:00
241,851f1d4ffffffff_2017-03-15 20:00:00,200.0,210,200,851f1d4ffffffff,2017-03-15 20:00:00
242,851f1d4ffffffff_2017-03-15 21:00:00,201.0,200,201,851f1d4ffffffff,2017-03-15 21:00:00
243,851f1d4ffffffff_2017-03-15 22:00:00,137.0,161,137,851f1d4ffffffff,2017-03-15 22:00:00
244,851f1d4ffffffff_2017-03-15 23:00:00,94.0,84,94,851f1d4ffffffff,2017-03-15 23:00:00
245,851f1d4ffffffff_2017-03-16 00:00:00,56.0,35,56,851f1d4ffffffff,2017-03-16 00:00:00
246,851f1d4ffffffff_2017-03-16 01:00:00,33.0,33,33,851f1d4ffffffff,2017-03-16 01:00:00
247,851f1d4ffffffff_2017-03-16 02:00:00,25.0,30,25,851f1d4ffffffff,2017-03-16 02:00:00
248,851f1d4ffffffff_2017-03-16 03:00:00,32.0,21,32,851f1d4ffffffff,2017-03-16 03:00:00
249,851f1d4ffffffff_2017-03-16 04:00:00,44.0,45,44,851f1d4ffffffff,2017-03-16 04:00:00
250,851f1d4ffffffff_2017-03-16 05:00:00,82.0,102,82,851f1d4ffffffff,2017-03-16 05:00:00
251,851f1d4ffffffff_2017-03-16 06:00:00,178.0,202,178,851f1d4ffffffff,2017-03-16 06:00:00
252,851f1d4ffffffff_2017-03-16 07:00:00,255.0,239,255,851f1d4ffffffff,2017-03-16 07:00:00
253,851f1d4ffffffff_2017-03-16 08:00:00,214.0,192,214,851f1d4ffffffff,2017-03-16 08:00:00
254,851f1d4ffffffff_2017-03-16 09:00:00,166.0,148,166,851f1d4ffffffff,2017-03-16 09:00:00
255,851f1d4ffffffff_2017-03-16 10:00:00,149.0,148,149,851f1d4ffffffff,2017-03-16 10:00:00
256,851f1d4ffffffff_2017-03-16 11:00:00,154.0,145,154,851f1d4ffffffff,2017-03-16 11:00:00
257,851f1d4ffffffff_2017-03-16 12:00:00,163.0,145,163,851f1d4ffffffff,2017-03-16 12:00:00
258,851f1d4ffffffff_2017-03-16 13:00:00,151.0,154,151,851f1d4ffffffff,2017-03-16 13:00:00
259,851f1d4ffffffff_2017-03-16 14:00:00,183.0,184,183,851f1d4ffffffff,2017-03-16 14:00:00
260,851f1d4ffffffff_2017-03-16 15:00:00,175.0,189,175,851f1d4ffffffff,2017-03-16 15:00:00
261,851f1d4ffffffff_2017-03-16 16:00:00,240.0,228,240,851f1d4ffffffff,2017-03-16 16:00:00
262,851f1d4ffffffff_2017-03-16 17:00:00,298.0,300,298,851f1d4ffffffff,2017-03-16 17:00:00
263,851f1d4ffffffff_2017-03-16 18:00:00,318.0,285,318,851f1d4ffffffff,2017-03-16 18:00:00
264,851f1d4ffffffff_2017-03-16 19:00:00,258.0,249,258,851f1d4ffffffff,2017-03-16 19:00:00
265,851f1d4ffffffff_2017-03-16 20:00:00,233.0,232,233,851f1d4ffffffff,2017-03-16 20:00:00
266,851f1d4ffffffff_2017-03-16 21:00:00,225.0,198,225,851f1d4ffffffff,2017-03-16 21:00:00
267,851f1d4ffffffff_2017-03-16 22:00:00,175.0,155,175,851f1d4ffffffff,2017-03-16 22:00:00
268,851f1d4ffffffff_2017-03-16 23:00:00,133.0,95,133,851f1d4ffffffff,2017-03-16 23:00:00
269,851f1d4ffffffff_2017-03-17 00:00:00,67.0,72,67,851f1d4ffffffff,2017-03-17 00:00:00
270,851f1d4ffffffff_2017-03-17 01:00:00,44.0,39,44,851f1d4ffffffff,2017-03-17 01:00:00
271,851f1d4ffffffff_2017-03-17 02:00:00,37.0,44,37,851f1d4ffffffff,2017-03-17 02:00:00
272,851f1d4ffffffff_2017-03-17 03:00:00,37.0,33,37,851f1d4ffffffff,2017-03-17 03:00:00
273,851f1d4ffffffff_2017-03-17 04:00:00,49.0,66,49,851f1d4ffffffff,2017-03-17 04:00:00
274,851f1d4ffffffff_2017-03-17 05:00:00,97.0,97,97,851f1d4ffffffff,2017-03-17 05:00:00
275,851f1d4ffffffff_2017-03-17 06:00:00,205.0,222,205,851f1d4ffffffff,2017-03-17 06:00:00
276,851f1d4ffffffff_2017-03-17 07:00:00,258.0,245,258,851f1d4ffffffff,2017-03-17 07:00:00
277,851f1d4ffffffff_2017-03-17 08:00:00,201.0,214,201,851f1d4ffffffff,2017-03-17 08:00:00
278,851f1d4ffffffff_2017-03-17 09:00:00,157.0,144,157,851f1d4ffffffff,2017-03-17 09:00:00
279,851f1d4ffffffff_2017-03-17 10:00:00,152.0,160,152,851f1d4ffffffff,2017-03-17 10:00:00
280,851f1d4ffffffff_2017-03-17 11:00:00,170.0,166,170,851f1d4ffffffff,2017-03-17 11:00:00
281,851f1d4ffffffff_2017-03-17 12:00:00,169.0,166,169,851f1d4ffffffff,2017-03-17 12:00:00
282,851f1d4ffffffff_2017-03-17 13:00:00,172.0,183,172,851f1d4ffffffff,2017-03-17 13:00:00
283,851f1d4ffffffff_2017-03-17 14:00:00,190.0,195,190,851f1d4ffffffff,2017-03-17 14:00:00
284,851f1d4ffffffff_2017-03-17 15:00:00,210.0,200,210,851f1d4ffffffff,2017-03-17 15:00:00
285,851f1d4ffffffff_2017-03-17 16:00:00,277.0,276,277,851f1d4ffffffff,2017-03-17 16:00:00
286,851f1d4ffffffff_2017-03-17 17:00:00,324.0,326,324,851f1d4ffffffff,2017-03-17 17:00:00
287,851f1d4ffffffff_2017-03-17 18:00:00,338.0,324,338,851f1d4ffffffff,2017-03-17 18:00:00
288,851f1d4ffffffff_2017-03-17 19:00:00,303.0,313,303,851f1d4ffffffff,2017-03-17 19:00:00
289,851f1d4ffffffff_2017-03-17 20:00:00,272.0,229,272,851f1d4ffffffff,2017-03-17 20:00:00
290,851f1d4ffffffff_2017-03-17 21:00:00,261.0,246,261,851f1d4ffffffff,2017-03-17 21:00:00
291,851f1d4ffffffff_2017-03-17 22:00:00,221.0,206,221,851f1d4ffffffff,2017-03-17 22:00:00
292,851f1d4ffffffff_2017-03-17 23:00:00,174.0,180,174,851f1d4ffffffff,2017-03-17 23:00:00
293,851f1d4ffffffff_2017-03-18 00:00:00,137.0,136,137,851f1d4ffffffff,2017-03-18 00:00:00
294,851f1d4ffffffff_2017-03-18 01:00:00,85.0,108,85,851f1d4ffffffff,2017-03-18 01:00:00
295,851f1d4ffffffff_2017-03-18 02:00:00,62.0,82,62,851f1d4ffffffff,2017-03-18 02:00:00
296,851f1d4ffffffff_2017-03-18 03:00:00,65.0,59,65,851f1d4ffffffff,2017-03-18 03:00:00
297,851f1d4ffffffff_2017-03-18 04:00:00,51.0,79,51,851f1d4ffffffff,2017-03-18 04:00:00
298,851f1d4ffffffff_2017-03-18 05:00:00,65.0,61,65,851f1d4ffffffff,2017-03-18 05:00:00
299,851f1d4ffffffff_2017-03-18 06:00:00,78.0,96,78,851f1d4ffffffff,2017-03-18 06:00:00
300,851f1d4ffffffff_2017-03-18 07:00:00,119.0,200,119,851f1d4ffffffff,2017-03-18 07:00:00
301,851f1d4ffffffff_2017-03-18 08:00:00,187.0,229,187,851f1d4ffffffff,2017-03-18 08:00:00
302,851f1d4ffffffff_2017-03-18 09:00:00,194.0,237,194,851f1d4ffffffff,2017-03-18 09:00:00
303,851f1d4ffffffff_2017-03-18 10:00:00,224.0,239,224,851f1d4ffffffff,2017-03-18 10:00:00
304,851f1d4ffffffff_2017-03-18 11:00:00,230.0,257,230,851f1d4ffffffff,2017-03-18 11:00:00
305,851f1d4ffffffff_2017-03-18 12:00:00,242.0,248,242,851f1d4ffffffff,2017-03-18 12:00:00
306,851f1d4ffffffff_2017-03-18 13:00:00,269.0,258,269,851f1d4ffffffff,2017-03-18 13:00:00
307,851f1d4ffffffff_2017-03-18 14:00:00,266.0,247,266,851f1d4ffffffff,2017-03-18 14:00:00
308,851f1d4ffffffff_2017-03-18 15:00:00,261.0,267,261,851f1d4ffffffff,2017-03-18 15:00:00
309,851f1d4ffffffff_2017-03-18 16:00:00,291.0,325,291,851f1d4ffffffff,2017-03-18 16:00:00
310,851f1d4ffffffff_2017-03-18 17:00:00,328.0,372,328,851f1d4ffffffff,2017-03-18 17:00:00
311,851f1d4ffffffff_2017-03-18 18:00:00,329.0,378,329,851f1d4ffffffff,2017-03-18 18:00:00
312,851f1d4ffffffff_2017-03-18 19:00:00,302.0,375,302,851f1d4ffffffff,2017-03-18 19:00:00
313,851f1d4ffffffff_2017-03-18 20:00:00,254.0,309,254,851f1d4ffffffff,2017-03-18 20:00:00
314,851f1d4ffffffff_2017-03-18 21:00:00,251.0,275,251,851f1d4ffffffff,2017-03-18 21:00:00
315,851f1d4ffffffff_2017-03-18 22:00:00,220.0,232,220,851f1d4ffffffff,2017-03-18 22:00:00
316,851f1d4ffffffff_2017-03-18 23:00:00,204.0,201,204,851f1d4ffffffff,2017-03-18 23:00:00
317,851f1d4ffffffff_2017-03-19 00:00:00,169.0,147,169,851f1d4ffffffff,2017-03-19 00:00:00
318,851f1d4ffffffff_2017-03-19 01:00:00,115.0,134,115,851f1d4ffffffff,2017-03-19 01:00:00
319,851f1d4ffffffff_2017-03-19 02:00:00,79.0,81,79,851f1d4ffffffff,2017-03-19 02:00:00
320,851f1d4ffffffff_2017-03-19 03:00:00,61.0,72,61,851f1d4ffffffff,2017-03-19 03:00:00
321,851f1d4ffffffff_2017-03-19 04:00:00,55.0,65,55,851f1d4ffffffff,2017-03-19 04:00:00
322,851f1d4ffffffff_2017-03-19 05:00:00,46.0,62,46,851f1d4ffffffff,2017-03-19 05:00:00
323,851f1d4ffffffff_2017-03-19 06:00:00,50.0,71,50,851f1d4ffffffff,2017-03-19 06:00:00
324,851f1d4ffffffff_2017-03-19 07:00:00,92.0,109,92,851f1d4ffffffff,2017-03-19 07:00:00
325,851f1d4ffffffff_2017-03-19 08:00:00,139.0,151,139,851f1d4ffffffff,2017-03-19 08:00:00
326,851f1d4ffffffff_2017-03-19 09:00:00,189.0,190,189,851f1d4ffffffff,2017-03-19 09:00:00
327,851f1d4ffffffff_2017-03-19 10:00:00,215.0,249,215,851f1d4ffffffff,2017-03-19 10:00:00
328,851f1d4ffffffff_2017-03-19 11:00:00,238.0,274,238,851f1d4ffffffff,2017-03-19 11:00:00
329,851f1d4ffffffff_2017-03-19 12:00:00,256.0,298,256,851f1d4ffffffff,2017-03-19 12:00:00
330,851f1d4ffffffff_2017-03-19 13:00:00,264.0,325,264,851f1d4ffffffff,2017-03-19 13:00:00
331,851f1d4ffffffff_2017-03-19 14:00:00,237.0,328,237,851f1d4ffffffff,2017-03-19 14:00:00
332,851f1d4ffffffff_2017-03-19 15:00:00,247.0,299,247,851f1d4ffffffff,2017-03-19 15:00:00
333,851f1d4ffffffff_2017-03-19 16:00:00,284.0,307,284,851f1d4ffffffff,2017-03-19 16:00:00
334,851f1d4ffffffff_2017-03-19 17:00:00,265.0,323,265,851f1d4ffffffff,2017-03-19 17:00:00
335,851f1d4ffffffff_2017-03-19 18:00:00,264.0,312,264,851f1d4ffffffff,2017-03-19 18:00:00
336,851f1d4ffffffff_2017-03-19 19:00:00,194.0,250,194,851f1d4ffffffff,2017-03-19 19:00:00
337,851f1d4ffffffff_2017-03-19 20:00:00,176.0,185,176,851f1d4ffffffff,2017-03-19 20:00:00
338,851f1d4ffffffff_2017-03-19 21:00:00,169.0,168,169,851f1d4ffffffff,2017-03-19 21:00:00
339,851f1d4ffffffff_2017-03-19 22:00:00,123.0,152,123,851f1d4ffffffff,2017-03-19 22:00:00
340,851f1d4ffffffff_2017-03-19 23:00:00,99.0,73,99,851f1d4ffffffff,2017-03-19 23:00:00
341,851f1d4ffffffff_2017-03-20 00:00:00,54.0,57,54,851f1d4ffffffff,2017-03-20 00:00:00
342,851f1d4ffffffff_2017-03-20 01:00:00,34.0,40,34,851f1d4ffffffff,2017-03-20 01:00:00
343,851f1d4ffffffff_2017-03-20 02:00:00,36.0,23,36,851f1d4ffffffff,2017-03-20 02:00:00
344,851f1d4ffffffff_2017-03-20 03:00:00,37.0,37,37,851f1d4ffffffff,2017-03-20 03:00:00
345,851f1d4ffffffff_2017-03-20 04:00:00,49.0,57,49,851f1d4ffffffff,2017-03-20 04:00:00
346,851f18b3fffffff_2017-03-13 00:00:00,27.0,24,27,851f18b3fffffff,2017-03-13 00:00:00
347,851f18b3fffffff_2017-03-13 01:00:00,17.0,12,17,851f18b3fffffff,2017-03-13 01:00:00
348,851f18b3fffffff_2017-03-13 02:00:00,16.0,14,16,851f18b3fffffff,2017-03-13 02:00:00
349,851f18b3fffffff_2017-03-13 03:00:00,22.0,18,22,851f18b3fffffff,2017-03-13 03:00:00
350,851f18b3fffffff_2017-03-13 04:00:00,41.0,43,41,851f18b3fffffff,2017-03-13 04:00:00
351,851f18b3fffffff_2017-03-13 05:00:00,69.0,81,69,851f18b3fffffff,2017-03-13 05:00:00
352,851f18b3fffffff_2017-03-13 06:00:00,128.0,108,128,851f18b3fffffff,2017-03-13 06:00:00
353,851f18b3fffffff_2017-03-13 07:00:00,139.0,126,139,851f18b3fffffff,2017-03-13 07:00:00
354,851f18b3fffffff_2017-03-13 08:00:00,120.0,110,120,851f18b3fffffff,2017-03-13 08:00:00
355,851f18b3fffffff_2017-03-13 09:00:00,107.0,88,107,851f18b3fffffff,2017-03-13 09:00:00
356,851f18b3fffffff_2017-03-13 10:00:00,107.0,103,107,851f18b3fffffff,2017-03-13 10:00:00
357,851f18b3fffffff_2017-03-13 11:00:00,96.0,101,96,851f18b3fffffff,2017-03-13 11:00:00
358,851f18b3fffffff_2017-03-13 12:00:00,119.0,101,119,851f18b3fffffff,2017-03-13 12:00:00
359,851f18b3fffffff_2017-03-13 13:00:00,123.0,115,123,851f18b3fffffff,2017-03-13 13:00:00
360,851f18b3fffffff_2017-03-13 14:00:00,123.0,124,123,851f18b3fffffff,2017-03-13 14:00:00
361,851f18b3fffffff_2017-03-13 15:00:00,137.0,138,137,851f18b3fffffff,2017-03-13 15:00:00
362,851f18b3fffffff_2017-03-13 16:00:00,169.0,156,169,851f18b3fffffff,2017-03-13 16:00:00
363,851f18b3fffffff_2017-03-13 17:00:00,199.0,193,199,851f18b3fffffff,2017-03-13 17:00:00
364,851f18b3fffffff_2017-03-13 18:00:00,197.0,194,197,851f18b3fffffff,2017-03-13 18:00:00
365,851f18b3fffffff_2017-03-13 19:00:00,155.0,94,155,851f18b3fffffff,2017-03-13 19:00:00
366,851f18b3fffffff_2017-03-13 20:00:00,155.0,74,155,851f18b3fffffff,2017-03-13 20:00:00
367,851f18b3fffffff_2017-03-13 21:00:00,121.0,97,121,851f18b3fffffff,2017-03-13 21:00:00
368,851f18b3fffffff_2017-03-13 22:00:00,93.0,67,93,851f18b3fffffff,2017-03-13 22:00:00
369,851f18b3fffffff_2017-03-13 23:00:00,58.0,44,58,851f18b3fffffff,2017-03-13 23:00:00
370,851f18b3fffffff_2017-03-14 00:00:00,35.0,36,35,851f18b3fffffff,2017-03-14 00:00:00
371,851f18b3fffffff_2017-03-14 01:00:00,18.0,25,18,851f18b3fffffff,2017-03-14 01:00:00
372,851f18b3fffffff_2017-03-14 02:00:00,14.0,21,14,851f18b3fffffff,2017-03-14 02:00:00
373,851f18b3fffffff_2017-03-14 03:00:00,26.0,19,26,851f18b3fffffff,2017-03-14 03:00:00
374,851f18b3fffffff_2017-03-14 04:00:00,45.0,30,45,851f18b3fffffff,2017-03-14 04:00:00
375,851f18b3fffffff_2017-03-14 05:00:00,72.0,74,72,851f18b3fffffff,2017-03-14 05:00:00
376,851f18b3fffffff_2017-03-14 06:00:00,120.0,117,120,851f18b3fffffff,2017-03-14 06:00:00
377,851f18b3fffffff_2017-03-14 07:00:00,149.0,146,149,851f18b3fffffff,2017-03-14 07:00:00
378,851f18b3fffffff_2017-03-14 08:00:00,126.0,120,126,851f18b3fffffff,2017-03-14 08:00:00
379,851f18b3fffffff_2017-03-14 09:00:00,102.0,82,102,851f18b3fffffff,2017-03-14 09:00:00
380,851f18b3fffffff_2017-03-14 10:00:00,120.0,87,120,851f18b3fffffff,2017-03-14 10:00:00
381,851f18b3fffffff_2017-03-14 11:00:00,103.0,105,103,851f18b3fffffff,2017-03-14 11:00:00
382,851f18b3fffffff_2017-03-14 12:00:00,113.0,109,113,851f18b3fffffff,2017-03-14 12:00:00
383,851f18b3fffffff_2017-03-14 13:00:00,122.0,91,122,851f18b3fffffff,2017-03-14 13:00:00
384,851f18b3fffffff_2017-03-14 14:00:00,135.0,115,135,851f18b3fffffff,2017-03-14 14:00:00
385,851f18b3fffffff_2017-03-14 15:00:00,143.0,145,143,851f18b3fffffff,2017-03-14 15:00:00
386,851f18b3fffffff_2017-03-14 16:00:00,172.0,157,172,851f18b3fffffff,2017-03-14 16:00:00
387,851f18b3fffffff_2017-03-14 17:00:00,189.0,198,189,851f18b3fffffff,2017-03-14 17:00:00
388,851f18b3fffffff_2017-03-14 18:00:00,180.0,196,180,851f18b3fffffff,2017-03-14 18:00:00
389,851f18b3fffffff_2017-03-14 19:00:00,156.0,164,156,851f18b3fffffff,2017-03-14 19:00:00
390,851f18b3fffffff_2017-03-14 20:00:00,139.0,152,139,851f18b3fffffff,2017-03-14 20:00:00
391,851f18b3fffffff_2017-03-14 21:00:00,138.0,118,138,851f18b3fffffff,2017-03-14 21:00:00
392,851f18b3fffffff_2017-03-14 22:00:00,91.0,83,91,851f18b3fffffff,2017-03-14 22:00:00
393,851f18b3fffffff_2017-03-14 23:00:00,57.0,49,57,851f18b3fffffff,2017-03-14 23:00:00
394,851f18b3fffffff_2017-03-15 00:00:00,40.0,26,40,851f18b3fffffff,2017-03-15 00:00:00
395,851f18b3fffffff_2017-03-15 01:00:00,25.0,17,25,851f18b3fffffff,2017-03-15 01:00:00
396,851f18b3fffffff_2017-03-15 02:00:00,21.0,21,21,851f18b3fffffff,2017-03-15 02:00:00
397,851f18b3fffffff_2017-03-15 03:00:00,26.0,22,26,851f18b3fffffff,2017-03-15 03:00:00
398,851f18b3fffffff_2017-03-15 04:00:00,38.0,39,38,851f18b3fffffff,2017-03-15 04:00:00
399,851f18b3fffffff_2017-03-15 05:00:00,78.0,56,78,851f18b3fffffff,2017-03-15 05:00:00
400,851f18b3fffffff_2017-03-15 06:00:00,121.0,98,121,851f18b3fffffff,2017-03-15 06:00:00
401,851f18b3fffffff_2017-03-15 07:00:00,147.0,159,147,851f18b3fffffff,2017-03-15 07:00:00
402,851f18b3fffffff_2017-03-15 08:00:00,120.0,119,120,851f18b3fffffff,2017-03-15 08:00:00
403,851f18b3fffffff_2017-03-15 09:00:00,103.0,119,103,851f18b3fffffff,2017-03-15 09:00:00
404,851f18b3fffffff_2017-03-15 10:00:00,115.0,99,115,851f18b3fffffff,2017-03-15 10:00:00
405,851f18b3fffffff_2017-03-15 11:00:00,96.0,114,96,851f18b3fffffff,2017-03-15 11:00:00
406,851f18b3fffffff_2017-03-15 12:00:00,114.0,115,114,851f18b3fffffff,2017-03-15 12:00:00
407,851f18b3fffffff_2017-03-15 13:00:00,123.0,123,123,851f18b3fffffff,2017-03-15 13:00:00
408,851f18b3fffffff_2017-03-15 14:00:00,122.0,140,122,851f18b3fffffff,2017-03-15 14:00:00
409,851f18b3fffffff_2017-03-15 15:00:00,128.0,156,128,851f18b3fffffff,2017-03-15 15:00:00
410,851f18b3fffffff_2017-03-15 16:00:00,167.0,167,167,851f18b3fffffff,2017-03-15 16:00:00
411,851f18b3fffffff_2017-03-15 17:00:00,197.0,197,197,851f18b3fffffff,2017-03-15 17:00:00
412,851f18b3fffffff_2017-03-15 18:00:00,201.0,187,201,851f18b3fffffff,2017-03-15 18:00:00
413,851f18b3fffffff_2017-03-15 19:00:00,166.0,181,166,851f18b3fffffff,2017-03-15 19:00:00
414,851f18b3fffffff_2017-03-15 20:00:00,158.0,167,158,851f18b3fffffff,2017-03-15 20:00:00
415,851f18b3fffffff_2017-03-15 21:00:00,147.0,148,147,851f18b3fffffff,2017-03-15 21:00:00
416,851f18b3fffffff_2017-03-15 22:00:00,117.0,112,117,851f18b3fffffff,2017-03-15 22:00:00
417,851f18b3fffffff_2017-03-15 23:00:00,63.0,62,63,851f18b3fffffff,2017-03-15 23:00:00
418,851f18b3fffffff_2017-03-16 00:00:00,33.0,43,33,851f18b3fffffff,2017-03-16 00:00:00
419,851f18b3fffffff_2017-03-16 01:00:00,22.0,21,22,851f18b3fffffff,2017-03-16 01:00:00
420,851f18b3fffffff_2017-03-16 02:00:00,20.0,27,20,851f18b3fffffff,2017-03-16 02:00:00
421,851f18b3fffffff_2017-03-16 03:00:00,24.0,24,24,851f18b3fffffff,2017-03-16 03:00:00
422,851f18b3fffffff_2017-03-16 04:00:00,37.0,43,37,851f18b3fffffff,2017-03-16 04:00:00
423,851f18b3fffffff_2017-03-16 05:00:00,62.0,72,62,851f18b3fffffff,2017-03-16 05:00:00
424,851f18b3fffffff_2017-03-16 06:00:00,113.0,121,113,851f18b3fffffff,2017-03-16 06:00:00
425,851f18b3fffffff_2017-03-16 07:00:00,143.0,138,143,851f18b3fffffff,2017-03-16 07:00:00
426,851f18b3fffffff_2017-03-16 08:00:00,124.0,141,124,851f18b3fffffff,2017-03-16 08:00:00
427,851f18b3fffffff_2017-03-16 09:00:00,103.0,103,103,851f18b3fffffff,2017-03-16 09:00:00
428,851f18b3fffffff_2017-03-16 10:00:00,116.0,86,116,851f18b3fffffff,2017-03-16 10:00:00
429,851f18b3fffffff_2017-03-16 11:00:00,95.0,118,95,851f18b3fffffff,2017-03-16 11:00:00
430,851f18b3fffffff_2017-03-16 12:00:00,107.0,100,107,851f18b3fffffff,2017-03-16 12:00:00
431,851f18b3fffffff_2017-03-16 13:00:00,128.0,124,128,851f18b3fffffff,2017-03-16 13:00:00
432,851f18b3fffffff_2017-03-16 14:00:00,128.0,137,128,851f18b3fffffff,2017-03-16 14:00:00
433,851f18b3fffffff_2017-03-16 15:00:00,140.0,131,140,851f18b3fffffff,2017-03-16 15:00:00
434,851f18b3fffffff_2017-03-16 16:00:00,171.0,145,171,851f18b3fffffff,2017-03-16 16:00:00
435,851f18b3fffffff_2017-03-16 17:00:00,199.0,204,199,851f18b3fffffff,2017-03-16 17:00:00
436,851f18b3fffffff_2017-03-16 18:00:00,193.0,226,193,851f18b3fffffff,2017-03-16 18:00:00
437,851f18b3fffffff_2017-03-16 19:00:00,178.0,168,178,851f18b3fffffff,2017-03-16 19:00:00
438,851f18b3fffffff_2017-03-16 20:00:00,167.0,170,167,851f18b3fffffff,2017-03-16 20:00:00
439,851f18b3fffffff_2017-03-16 21:00:00,155.0,164,155,851f18b3fffffff,2017-03-16 21:00:00
440,851f18b3fffffff_2017-03-16 22:00:00,119.0,115,119,851f18b3fffffff,2017-03-16 22:00:00
441,851f18b3fffffff_2017-03-16 23:00:00,81.0,67,81,851f18b3fffffff,2017-03-16 23:00:00
442,851f18b3fffffff_2017-03-17 00:00:00,51.0,39,51,851f18b3fffffff,2017-03-17 00:00:00
443,851f18b3fffffff_2017-03-17 01:00:00,26.0,14,26,851f18b3fffffff,2017-03-17 01:00:00
444,851f18b3fffffff_2017-03-17 02:00:00,28.0,28,28,851f18b3fffffff,2017-03-17 02:00:00
445,851f18b3fffffff_2017-03-17 03:00:00,30.0,25,30,851f18b3fffffff,2017-03-17 03:00:00
446,851f18b3fffffff_2017-03-17 04:00:00,43.0,49,43,851f18b3fffffff,2017-03-17 04:00:00
447,851f18b3fffffff_2017-03-17 05:00:00,81.0,78,81,851f18b3fffffff,2017-03-17 05:00:00
448,851f18b3fffffff_2017-03-17 06:00:00,136.0,119,136,851f18b3fffffff,2017-03-17 06:00:00
449,851f18b3fffffff_2017-03-17 07:00:00,163.0,145,163,851f18b3fffffff,2017-03-17 07:00:00
450,851f18b3fffffff_2017-03-17 08:00:00,148.0,140,148,851f18b3fffffff,2017-03-17 08:00:00
451,851f18b3fffffff_2017-03-17 09:00:00,120.0,120,120,851f18b3fffffff,2017-03-17 09:00:00
452,851f18b3fffffff_2017-03-17 10:00:00,117.0,134,117,851f18b3fffffff,2017-03-17 10:00:00
453,851f18b3fffffff_2017-03-17 11:00:00,127.0,91,127,851f18b3fffffff,2017-03-17 11:00:00
454,851f18b3fffffff_2017-03-17 12:00:00,127.0,123,127,851f18b3fffffff,2017-03-17 12:00:00
455,851f18b3fffffff_2017-03-17 13:00:00,134.0,149,134,851f18b3fffffff,2017-03-17 13:00:00
456,851f18b3fffffff_2017-03-17 14:00:00,154.0,136,154,851f18b3fffffff,2017-03-17 14:00:00
457,851f18b3fffffff_2017-03-17 15:00:00,165.0,165,165,851f18b3fffffff,2017-03-17 15:00:00
458,851f18b3fffffff_2017-03-17 16:00:00,197.0,174,197,851f18b3fffffff,2017-03-17 16:00:00
459,851f18b3fffffff_2017-03-17 17:00:00,238.0,247,238,851f18b3fffffff,2017-03-17 17:00:00
460,851f18b3fffffff_2017-03-17 18:00:00,246.0,249,246,851f18b3fffffff,2017-03-17 18:00:00
461,851f18b3fffffff_2017-03-17 19:00:00,208.0,218,208,851f18b3fffffff,2017-03-17 19:00:00
462,851f18b3fffffff_2017-03-17 20:00:00,199.0,207,199,851f18b3fffffff,2017-03-17 20:00:00
463,851f18b3fffffff_2017-03-17 21:00:00,193.0,185,193,851f18b3fffffff,2017-03-17 21:00:00
464,851f18b3fffffff_2017-03-17 22:00:00,156.0,166,156,851f18b3fffffff,2017-03-17 22:00:00
465,851f18b3fffffff_2017-03-17 23:00:00,111.0,130,111,851f18b3fffffff,2017-03-17 23:00:00
466,851f18b3fffffff_2017-03-18 00:00:00,84.0,89,84,851f18b3fffffff,2017-03-18 00:00:00
467,851f18b3fffffff_2017-03-18 01:00:00,51.0,64,51,851f18b3fffffff,2017-03-18 01:00:00
468,851f18b3fffffff_2017-03-18 02:00:00,36.0,54,36,851f18b3fffffff,2017-03-18 02:00:00
469,851f18b3fffffff_2017-03-18 03:00:00,34.0,48,34,851f18b3fffffff,2017-03-18 03:00:00
470,851f18b3fffffff_2017-03-18 04:00:00,51.0,39,51,851f18b3fffffff,2017-03-18 04:00:00
471,851f18b3fffffff_2017-03-18 05:00:00,57.0,32,57,851f18b3fffffff,2017-03-18 05:00:00
472,851f18b3fffffff_2017-03-18 06:00:00,59.0,74,59,851f18b3fffffff,2017-03-18 06:00:00
473,851f18b3fffffff_2017-03-18 07:00:00,86.0,109,86,851f18b3fffffff,2017-03-18 07:00:00
474,851f18b3fffffff_2017-03-18 08:00:00,128.0,142,128,851f18b3fffffff,2017-03-18 08:00:00
475,851f18b3fffffff_2017-03-18 09:00:00,133.0,173,133,851f18b3fffffff,2017-03-18 09:00:00
476,851f18b3fffffff_2017-03-18 10:00:00,160.0,186,160,851f18b3fffffff,2017-03-18 10:00:00
477,851f18b3fffffff_2017-03-18 11:00:00,158.0,187,158,851f18b3fffffff,2017-03-18 11:00:00
478,851f18b3fffffff_2017-03-18 12:00:00,165.0,195,165,851f18b3fffffff,2017-03-18 12:00:00
479,851f18b3fffffff_2017-03-18 13:00:00,204.0,227,204,851f18b3fffffff,2017-03-18 13:00:00
480,851f18b3fffffff_2017-03-18 14:00:00,189.0,194,189,851f18b3fffffff,2017-03-18 14:00:00
481,851f18b3fffffff_2017-03-18 15:00:00,199.0,187,199,851f18b3fffffff,2017-03-18 15:00:00
482,851f18b3fffffff_2017-03-18 16:00:00,191.0,215,191,851f18b3fffffff,2017-03-18 16:00:00
483,851f18b3fffffff_2017-03-18 17:00:00,234.0,257,234,851f18b3fffffff,2017-03-18 17:00:00
484,851f18b3fffffff_2017-03-18 18:00:00,247.0,235,247,851f18b3fffffff,2017-03-18 18:00:00
485,851f18b3fffffff_2017-03-18 19:00:00,210.0,245,210,851f18b3fffffff,2017-03-18 19:00:00
486,851f18b3fffffff_2017-03-18 20:00:00,213.0,210,213,851f18b3fffffff,2017-03-18 20:00:00
487,851f18b3fffffff_2017-03-18 21:00:00,176.0,180,176,851f18b3fffffff,2017-03-18 21:00:00
488,851f18b3fffffff_2017-03-18 22:00:00,154.0,190,154,851f18b3fffffff,2017-03-18 22:00:00
489,851f18b3fffffff_2017-03-18 23:00:00,150.0,132,150,851f18b3fffffff,2017-03-18 23:00:00
490,851f18b3fffffff_2017-03-19 00:00:00,100.0,116,100,851f18b3fffffff,2017-03-19 00:00:00
491,851f18b3fffffff_2017-03-19 01:00:00,67.0,74,67,851f18b3fffffff,2017-03-19 01:00:00
492,851f18b3fffffff_2017-03-19 02:00:00,41.0,50,41,851f18b3fffffff,2017-03-19 02:00:00
493,851f18b3fffffff_2017-03-19 03:00:00,35.0,29,35,851f18b3fffffff,2017-03-19 03:00:00
494,851f18b3fffffff_2017-03-19 04:00:00,33.0,27,33,851f18b3fffffff,2017-03-19 04:00:00
495,851f18b3fffffff_2017-03-19 05:00:00,26.0,38,26,851f18b3fffffff,2017-03-19 05:00:00
496,851f18b3fffffff_2017-03-19 06:00:00,42.0,37,42,851f18b3fffffff,2017-03-19 06:00:00
497,851f18b3fffffff_2017-03-19 07:00:00,53.0,86,53,851f18b3fffffff,2017-03-19 07:00:00
498,851f18b3fffffff_2017-03-19 08:00:00,98.0,107,98,851f18b3fffffff,2017-03-19 08:00:00
499,851f18b3fffffff_2017-03-19 09:00:00,128.0,136,128,851f18b3fffffff,2017-03-19 09:00:00
500,851f18b3fffffff_2017-03-19 10:00:00,129.0,136,129,851f18b3fffffff,2017-03-19 10:00:00
501,851f18b3fffffff_2017-03-19 11:00:00,152.0,161,152,851f18b3fffffff,2017-03-19 11:00:00
502,851f18b3fffffff_2017-03-19 12:00:00,164.0,217,164,851f18b3fffffff,2017-03-19 12:00:00
503,851f18b3fffffff_2017-03-19 13:00:00,176.0,198,176,851f18b3fffffff,2017-03-19 13:00:00
504,851f18b3fffffff_2017-03-19 14:00:00,171.0,215,171,851f18b3fffffff,2017-03-19 14:00:00
505,851f18b3fffffff_2017-03-19 15:00:00,171.0,200,171,851f18b3fffffff,2017-03-19 15:00:00
506,851f18b3fffffff_2017-03-19 16:00:00,191.0,186,191,851f18b3fffffff,2017-03-19 16:00:00
507,851f18b3fffffff_2017-03-19 17:00:00,177.0,189,177,851f18b3fffffff,2017-03-19 17:00:00
508,851f18b3fffffff_2017-03-19 18:00:00,162.0,220,162,851f18b3fffffff,2017-03-19 18:00:00
509,851f18b3fffffff_2017-03-19 19:00:00,165.0,163,165,851f18b3fffffff,2017-03-19 19:00:00
510,851f18b3fffffff_2017-03-19 20:00:00,129.0,134,129,851f18b3fffffff,2017-03-19 20:00:00
511,851f18b3fffffff_2017-03-19 21:00:00,105.0,105,105,851f18b3fffffff,2017-03-19 21:00:00
512,851f18b3fffffff_2017-03-19 22:00:00,88.0,87,88,851f18b3fffffff,2017-03-19 22:00:00
513,851f18b3fffffff_2017-03-19 23:00:00,65.0,54,65,851f18b3fffffff,2017-03-19 23:00:00
514,851f18b3fffffff_2017-03-20 00:00:00,33.0,33,33,851f18b3fffffff,2017-03-20 00:00:00
515,851f18b3fffffff_2017-03-20 01:00:00,22.0,20,22,851f18b3fffffff,2017-03-20 01:00:00
516,851f18b3fffffff_2017-03-20 02:00:00,19.0,10,19,851f18b3fffffff,2017-03-20 02:00:00
517,851f18b3fffffff_2017-03-20 03:00:00,22.0,33,22,851f18b3fffffff,2017-03-20 03:00:00
518,851f18b3fffffff_2017-03-20 04:00:00,53.0,54,53,851f18b3fffffff,2017-03-20 04:00:00
519,851f1887fffffff_2017-03-13 00:00:00,1.0,0,1,851f1887fffffff,2017-03-13 00:00:00
520,851f1887fffffff_2017-03-13 01:00:00,-0.0,0,0,851f1887fffffff,2017-03-13 01:00:00
521,851f1887fffffff_2017-03-13 02:00:00,0.0,0,0,851f1887fffffff,2017-03-13 02:00:00
522,851f1887fffffff_2017-03-13 03:00:00,1.0,1,1,851f1887fffffff,2017-03-13 03:00:00
523,851f1887fffffff_2017-03-13 04:00:00,2.0,1,2,851f1887fffffff,2017-03-13 04:00:00
524,851f1887fffffff_2017-03-13 05:00:00,5.0,3,5,851f1887fffffff,2017-03-13 05:00:00
525,851f1887fffffff_2017-03-13 06:00:00,9.0,11,9,851f1887fffffff,2017-03-13 06:00:00
526,851f1887fffffff_2017-03-13 07:00:00,8.0,8,8,851f1887fffffff,2017-03-13 07:00:00
527,851f1887fffffff_2017-03-13 08:00:00,8.0,4,8,851f1887fffffff,2017-03-13 08:00:00
528,851f1887fffffff_2017-03-13 09:00:00,8.0,12,8,851f1887fffffff,2017-03-13 09:00:00
529,851f1887fffffff_2017-03-13 10:00:00,7.0,9,7,851f1887fffffff,2017-03-13 10:00:00
530,851f1887fffffff_2017-03-13 11:00:00,9.0,5,9,851f1887fffffff,2017-03-13 11:00:00
531,851f1887fffffff_2017-03-13 12:00:00,9.0,10,9,851f1887fffffff,2017-03-13 12:00:00
532,851f1887fffffff_2017-03-13 13:00:00,6.0,5,6,851f1887fffffff,2017-03-13 13:00:00
533,851f1887fffffff_2017-03-13 14:00:00,7.0,2,7,851f1887fffffff,2017-03-13 14:00:00
534,851f1887fffffff_2017-03-13 15:00:00,12.0,6,12,851f1887fffffff,2017-03-13 15:00:00
535,851f1887fffffff_2017-03-13 16:00:00,13.0,18,13,851f1887fffffff,2017-03-13 16:00:00
536,851f1887fffffff_2017-03-13 17:00:00,19.0,16,19,851f1887fffffff,2017-03-13 17:00:00
537,851f1887fffffff_2017-03-13 18:00:00,6.0,8,6,851f1887fffffff,2017-03-13 18:00:00
538,851f1887fffffff_2017-03-13 19:00:00,9.0,1,9,851f1887fffffff,2017-03-13 19:00:00
539,851f1887fffffff_2017-03-13 20:00:00,7.0,1,7,851f1887fffffff,2017-03-13 20:00:00
540,851f1887fffffff_2017-03-13 21:00:00,5.0,1,5,851f1887fffffff,2017-03-13 21:00:00
541,851f1887fffffff_2017-03-13 22:00:00,3.0,2,3,851f1887fffffff,2017-03-13 22:00:00
542,851f1887fffffff_2017-03-13 23:00:00,2.0,0,2,851f1887fffffff,2017-03-13 23:00:00
543,851f1887fffffff_2017-03-14 00:00:00,0.0,0,0,851f1887fffffff,2017-03-14 00:00:00
544,851f1887fffffff_2017-03-14 01:00:00,0.0,0,0,851f1887fffffff,2017-03-14 01:00:00
545,851f1887fffffff_2017-03-14 02:00:00,0.0,1,0,851f1887fffffff,2017-03-14 02:00:00
546,851f1887fffffff_2017-03-14 03:00:00,0.0,0,0,851f1887fffffff,2017-03-14 03:00:00
547,851f1887fffffff_2017-03-14 04:00:00,2.0,2,2,851f1887fffffff,2017-03-14 04:00:00
548,851f1887fffffff_2017-03-14 05:00:00,6.0,6,6,851f1887fffffff,2017-03-14 05:00:00
549,851f1887fffffff_2017-03-14 06:00:00,11.0,10,11,851f1887fffffff,2017-03-14 06:00:00
550,851f1887fffffff_2017-03-14 07:00:00,12.0,14,12,851f1887fffffff,2017-03-14 07:00:00
551,851f1887fffffff_2017-03-14 08:00:00,11.0,7,11,851f1887fffffff,2017-03-14 08:00:00
552,851f1887fffffff_2017-03-14 09:00:00,8.0,7,8,851f1887fffffff,2017-03-14 09:00:00
553,851f1887fffffff_2017-03-14 10:00:00,10.0,7,10,851f1887fffffff,2017-03-14 10:00:00
554,851f1887fffffff_2017-03-14 11:00:00,8.0,7,8,851f1887fffffff,2017-03-14 11:00:00
555,851f1887fffffff_2017-03-14 12:00:00,10.0,5,10,851f1887fffffff,2017-03-14 12:00:00
556,851f1887fffffff_2017-03-14 13:00:00,10.0,7,10,851f1887fffffff,2017-03-14 13:00:00
557,851f1887fffffff_2017-03-14 14:00:00,6.0,11,6,851f1887fffffff,2017-03-14 14:00:00
558,851f1887fffffff_2017-03-14 15:00:00,9.0,13,9,851f1887fffffff,2017-03-14 15:00:00
559,851f1887fffffff_2017-03-14 16:00:00,21.0,17,21,851f1887fffffff,2017-03-14 16:00:00
560,851f1887fffffff_2017-03-14 17:00:00,19.0,19,19,851f1887fffffff,2017-03-14 17:00:00
561,851f1887fffffff_2017-03-14 18:00:00,13.0,19,13,851f1887fffffff,2017-03-14 18:00:00
562,851f1887fffffff_2017-03-14 19:00:00,9.0,6,9,851f1887fffffff,2017-03-14 19:00:00
563,851f1887fffffff_2017-03-14 20:00:00,6.0,4,6,851f1887fffffff,2017-03-14 20:00:00
564,851f1887fffffff_2017-03-14 21:00:00,4.0,5,4,851f1887fffffff,2017-03-14 21:00:00
565,851f1887fffffff_2017-03-14 22:00:00,3.0,4,3,851f1887fffffff,2017-03-14 22:00:00
566,851f1887fffffff_2017-03-14 23:00:00,2.0,1,2,851f1887fffffff,2017-03-14 23:00:00
567,851f1887fffffff_2017-03-15 00:00:00,0.0,0,0,851f1887fffffff,2017-03-15 00:00:00
568,851f1887fffffff_2017-03-15 01:00:00,0.0,0,0,851f1887fffffff,2017-03-15 01:00:00
569,851f1887fffffff_2017-03-15 02:00:00,0.0,0,0,851f1887fffffff,2017-03-15 02:00:00
570,851f1887fffffff_2017-03-15 03:00:00,1.0,0,1,851f1887fffffff,2017-03-15 03:00:00
571,851f1887fffffff_2017-03-15 04:00:00,2.0,3,2,851f1887fffffff,2017-03-15 04:00:00
572,851f1887fffffff_2017-03-15 05:00:00,3.0,6,3,851f1887fffffff,2017-03-15 05:00:00
573,851f1887fffffff_2017-03-15 06:00:00,10.0,9,10,851f1887fffffff,2017-03-15 06:00:00
574,851f1887fffffff_2017-03-15 07:00:00,18.0,10,18,851f1887fffffff,2017-03-15 07:00:00
575,851f1887fffffff_2017-03-15 08:00:00,7.0,4,7,851f1887fffffff,2017-03-15 08:00:00
576,851f1887fffffff_2017-03-15 09:00:00,9.0,6,9,851f1887fffffff,2017-03-15 09:00:00
577,851f1887fffffff_2017-03-15 10:00:00,7.0,10,7,851f1887fffffff,2017-03-15 10:00:00
578,851f1887fffffff_2017-03-15 11:00:00,7.0,8,7,851f1887fffffff,2017-03-15 11:00:00
579,851f1887fffffff_2017-03-15 12:00:00,8.0,13,8,851f1887fffffff,2017-03-15 12:00:00
580,851f1887fffffff_2017-03-15 13:00:00,11.0,11,11,851f1887fffffff,2017-03-15 13:00:00
581,851f1887fffffff_2017-03-15 14:00:00,9.0,15,9,851f1887fffffff,2017-03-15 14:00:00
582,851f1887fffffff_2017-03-15 15:00:00,12.0,10,12,851f1887fffffff,2017-03-15 15:00:00
583,851f1887fffffff_2017-03-15 16:00:00,13.0,22,13,851f1887fffffff,2017-03-15 16:00:00
584,851f1887fffffff_2017-03-15 17:00:00,21.0,16,21,851f1887fffffff,2017-03-15 17:00:00
585,851f1887fffffff_2017-03-15 18:00:00,12.0,8,12,851f1887fffffff,2017-03-15 18:00:00
586,851f1887fffffff_2017-03-15 19:00:00,6.0,11,6,851f1887fffffff,2017-03-15 19:00:00
587,851f1887fffffff_2017-03-15 20:00:00,6.0,12,6,851f1887fffffff,2017-03-15 20:00:00
588,851f1887fffffff_2017-03-15 21:00:00,4.0,2,4,851f1887fffffff,2017-03-15 21:00:00
589,851f1887fffffff_2017-03-15 22:00:00,3.0,0,3,851f1887fffffff,2017-03-15 22:00:00
590,851f1887fffffff_2017-03-15 23:00:00,1.0,0,1,851f1887fffffff,2017-03-15 23:00:00
591,851f1887fffffff_2017-03-16 00:00:00,0.0,1,0,851f1887fffffff,2017-03-16 00:00:00
592,851f1887fffffff_2017-03-16 01:00:00,0.0,1,0,851f1887fffffff,2017-03-16 01:00:00
593,851f1887fffffff_2017-03-16 02:00:00,-0.0,0,0,851f1887fffffff,2017-03-16 02:00:00
594,851f1887fffffff_2017-03-16 03:00:00,0.0,1,0,851f1887fffffff,2017-03-16 03:00:00
595,851f1887fffffff_2017-03-16 04:00:00,1.0,3,1,851f1887fffffff,2017-03-16 04:00:00
596,851f1887fffffff_2017-03-16 05:00:00,4.0,3,4,851f1887fffffff,2017-03-16 05:00:00
597,851f1887fffffff_2017-03-16 06:00:00,11.0,14,11,851f1887fffffff,2017-03-16 06:00:00
598,851f1887fffffff_2017-03-16 07:00:00,13.0,8,13,851f1887fffffff,2017-03-16 07:00:00
599,851f1887fffffff_2017-03-16 08:00:00,12.0,4,12,851f1887fffffff,2017-03-16 08:00:00
600,851f1887fffffff_2017-03-16 09:00:00,6.0,11,6,851f1887fffffff,2017-03-16 09:00:00
601,851f1887fffffff_2017-03-16 10:00:00,11.0,6,11,851f1887fffffff,2017-03-16 10:00:00
602,851f1887fffffff_2017-03-16 11:00:00,9.0,15,9,851f1887fffffff,2017-03-16 11:00:00
603,851f1887fffffff_2017-03-16 12:00:00,10.0,9,10,851f1887fffffff,2017-03-16 12:00:00
604,851f1887fffffff_2017-03-16 13:00:00,11.0,10,11,851f1887fffffff,2017-03-16 13:00:00
605,851f1887fffffff_2017-03-16 14:00:00,10.0,8,10,851f1887fffffff,2017-03-16 14:00:00
606,851f1887fffffff_2017-03-16 15:00:00,13.0,4,13,851f1887fffffff,2017-03-16 15:00:00
607,851f1887fffffff_2017-03-16 16:00:00,18.0,16,18,851f1887fffffff,2017-03-16 16:00:00
608,851f1887fffffff_2017-03-16 17:00:00,21.0,22,21,851f1887fffffff,2017-03-16 17:00:00
609,851f1887fffffff_2017-03-16 18:00:00,13.0,13,13,851f1887fffffff,2017-03-16 18:00:00
610,851f1887fffffff_2017-03-16 19:00:00,10.0,10,10,851f1887fffffff,2017-03-16 19:00:00
611,851f1887fffffff_2017-03-16 20:00:00,7.0,6,7,851f1887fffffff,2017-03-16 20:00:00
612,851f1887fffffff_2017-03-16 21:00:00,3.0,3,3,851f1887fffffff,2017-03-16 21:00:00
613,851f1887fffffff_2017-03-16 22:00:00,3.0,1,3,851f1887fffffff,2017-03-16 22:00:00
614,851f1887fffffff_2017-03-16 23:00:00,2.0,2,2,851f1887fffffff,2017-03-16 23:00:00
615,851f1887fffffff_2017-03-17 00:00:00,1.0,1,1,851f1887fffffff,2017-03-17 00:00:00
616,851f1887fffffff_2017-03-17 01:00:00,0.0,0,0,851f1887fffffff,2017-03-17 01:00:00
617,851f1887fffffff_2017-03-17 02:00:00,0.0,1,0,851f1887fffffff,2017-03-17 02:00:00
618,851f1887fffffff_2017-03-17 03:00:00,0.0,0,0,851f1887fffffff,2017-03-17 03:00:00
619,851f1887fffffff_2017-03-17 04:00:00,3.0,2,3,851f1887fffffff,2017-03-17 04:00:00
620,851f1887fffffff_2017-03-17 05:00:00,5.0,10,5,851f1887fffffff,2017-03-17 05:00:00
621,851f1887fffffff_2017-03-17 06:00:00,13.0,17,13,851f1887fffffff,2017-03-17 06:00:00
622,851f1887fffffff_2017-03-17 07:00:00,14.0,19,14,851f1887fffffff,2017-03-17 07:00:00
623,851f1887fffffff_2017-03-17 08:00:00,13.0,16,13,851f1887fffffff,2017-03-17 08:00:00
624,851f1887fffffff_2017-03-17 09:00:00,12.0,10,12,851f1887fffffff,2017-03-17 09:00:00
625,851f1887fffffff_2017-03-17 10:00:00,16.0,10,16,851f1887fffffff,2017-03-17 10:00:00
626,851f1887fffffff_2017-03-17 11:00:00,18.0,8,18,851f1887fffffff,2017-03-17 11:00:00
627,851f1887fffffff_2017-03-17 12:00:00,12.0,9,12,851f1887fffffff,2017-03-17 12:00:00
628,851f1887fffffff_2017-03-17 13:00:00,10.0,10,10,851f1887fffffff,2017-03-17 13:00:00
629,851f1887fffffff_2017-03-17 14:00:00,9.0,9,9,851f1887fffffff,2017-03-17 14:00:00
630,851f1887fffffff_2017-03-17 15:00:00,17.0,20,17,851f1887fffffff,2017-03-17 15:00:00
631,851f1887fffffff_2017-03-17 16:00:00,21.0,18,21,851f1887fffffff,2017-03-17 16:00:00
632,851f1887fffffff_2017-03-17 17:00:00,24.0,12,24,851f1887fffffff,2017-03-17 17:00:00
633,851f1887fffffff_2017-03-17 18:00:00,18.0,11,18,851f1887fffffff,2017-03-17 18:00:00
634,851f1887fffffff_2017-03-17 19:00:00,10.0,5,10,851f1887fffffff,2017-03-17 19:00:00
635,851f1887fffffff_2017-03-17 20:00:00,10.0,3,10,851f1887fffffff,2017-03-17 20:00:00
636,851f1887fffffff_2017-03-17 21:00:00,5.0,5,5,851f1887fffffff,2017-03-17 21:00:00
637,851f1887fffffff_2017-03-17 22:00:00,4.0,6,4,851f1887fffffff,2017-03-17 22:00:00
638,851f1887fffffff_2017-03-17 23:00:00,5.0,1,5,851f1887fffffff,2017-03-17 23:00:00
639,851f1887fffffff_2017-03-18 00:00:00,1.0,1,1,851f1887fffffff,2017-03-18 00:00:00
640,851f1887fffffff_2017-03-18 01:00:00,0.0,0,0,851f1887fffffff,2017-03-18 01:00:00
641,851f1887fffffff_2017-03-18 02:00:00,0.0,0,0,851f1887fffffff,2017-03-18 02:00:00
642,851f1887fffffff_2017-03-18 03:00:00,1.0,1,1,851f1887fffffff,2017-03-18 03:00:00
643,851f1887fffffff_2017-03-18 04:00:00,2.0,2,2,851f1887fffffff,2017-03-18 04:00:00
644,851f1887fffffff_2017-03-18 05:00:00,2.0,1,2,851f1887fffffff,2017-03-18 05:00:00
645,851f1887fffffff_2017-03-18 06:00:00,4.0,5,4,851f1887fffffff,2017-03-18 06:00:00
646,851f1887fffffff_2017-03-18 07:00:00,7.0,11,7,851f1887fffffff,2017-03-18 07:00:00
647,851f1887fffffff_2017-03-18 08:00:00,9.0,13,9,851f1887fffffff,2017-03-18 08:00:00
648,851f1887fffffff_2017-03-18 09:00:00,15.0,12,15,851f1887fffffff,2017-03-18 09:00:00
649,851f1887fffffff_2017-03-18 10:00:00,11.0,25,11,851f1887fffffff,2017-03-18 10:00:00
650,851f1887fffffff_2017-03-18 11:00:00,12.0,7,12,851f1887fffffff,2017-03-18 11:00:00
651,851f1887fffffff_2017-03-18 12:00:00,7.0,14,7,851f1887fffffff,2017-03-18 12:00:00
652,851f1887fffffff_2017-03-18 13:00:00,12.0,11,12,851f1887fffffff,2017-03-18 13:00:00
653,851f1887fffffff_2017-03-18 14:00:00,12.0,15,12,851f1887fffffff,2017-03-18 14:00:00
654,851f1887fffffff_2017-03-18 15:00:00,10.0,12,10,851f1887fffffff,2017-03-18 15:00:00
655,851f1887fffffff_2017-03-18 16:00:00,12.0,12,12,851f1887fffffff,2017-03-18 16:00:00
656,851f1887fffffff_2017-03-18 17:00:00,12.0,16,12,851f1887fffffff,2017-03-18 17:00:00
657,851f1887fffffff_2017-03-18 18:00:00,10.0,23,10,851f1887fffffff,2017-03-18 18:00:00
658,851f1887fffffff_2017-03-18 19:00:00,9.0,16,9,851f1887fffffff,2017-03-18 19:00:00
659,851f1887fffffff_2017-03-18 20:00:00,10.0,8,10,851f1887fffffff,2017-03-18 20:00:00
660,851f1887fffffff_2017-03-18 21:00:00,5.0,7,5,851f1887fffffff,2017-03-18 21:00:00
661,851f1887fffffff_2017-03-18 22:00:00,7.0,5,7,851f1887fffffff,2017-03-18 22:00:00
662,851f1887fffffff_2017-03-18 23:00:00,5.0,3,5,851f1887fffffff,2017-03-18 23:00:00
663,851f1887fffffff_2017-03-19 00:00:00,2.0,2,2,851f1887fffffff,2017-03-19 00:00:00
664,851f1887fffffff_2017-03-19 01:00:00,1.0,0,1,851f1887fffffff,2017-03-19 01:00:00
665,851f1887fffffff_2017-03-19 02:00:00,0.0,0,0,851f1887fffffff,2017-03-19 02:00:00
666,851f1887fffffff_2017-03-19 03:00:00,1.0,0,1,851f1887fffffff,2017-03-19 03:00:00
667,851f1887fffffff_2017-03-19 04:00:00,1.0,0,1,851f1887fffffff,2017-03-19 04:00:00
668,851f1887fffffff_2017-03-19 05:00:00,1.0,1,1,851f1887fffffff,2017-03-19 05:00:00
669,851f1887fffffff_2017-03-19 06:00:00,0.0,4,0,851f1887fffffff,2017-03-19 06:00:00
670,851f1887fffffff_2017-03-19 07:00:00,4.0,5,4,851f1887fffffff,2017-03-19 07:00:00
671,851f1887fffffff_2017-03-19 08:00:00,6.0,3,6,851f1887fffffff,2017-03-19 08:00:00
672,851f1887fffffff_2017-03-19 09:00:00,5.0,7,5,851f1887fffffff,2017-03-19 09:00:00
673,851f1887fffffff_2017-03-19 10:00:00,7.0,14,7,851f1887fffffff,2017-03-19 10:00:00
674,851f1887fffffff_2017-03-19 11:00:00,10.0,9,10,851f1887fffffff,2017-03-19 11:00:00
675,851f1887fffffff_2017-03-19 12:00:00,11.0,7,11,851f1887fffffff,2017-03-19 12:00:00
676,851f1887fffffff_2017-03-19 13:00:00,8.0,7,8,851f1887fffffff,2017-03-19 13:00:00
677,851f1887fffffff_2017-03-19 14:00:00,9.0,12,9,851f1887fffffff,2017-03-19 14:00:00
678,851f1887fffffff_2017-03-19 15:00:00,9.0,10,9,851f1887fffffff,2017-03-19 15:00:00
679,851f1887fffffff_2017-03-19 16:00:00,11.0,17,11,851f1887fffffff,2017-03-19 16:00:00
680,851f1887fffffff_2017-03-19 17:00:00,14.0,23,14,851f1887fffffff,2017-03-19 17:00:00
681,851f1887fffffff_2017-03-19 18:00:00,11.0,11,11,851f1887fffffff,2017-03-19 18:00:00
682,851f1887fffffff_2017-03-19 19:00:00,7.0,6,7,851f1887fffffff,2017-03-19 19:00:00
683,851f1887fffffff_2017-03-19 20:00:00,4.0,5,4,851f1887fffffff,2017-03-19 20:00:00
684,851f1887fffffff_2017-03-19 21:00:00,5.0,2,5,851f1887fffffff,2017-03-19 21:00:00
685,851f1887fffffff_2017-03-19 22:00:00,3.0,3,3,851f1887fffffff,2017-03-19 22:00:00
686,851f1887fffffff_2017-03-19 23:00:00,1.0,1,1,851f1887fffffff,2017-03-19 23:00:00
687,851f1887fffffff_2017-03-20 00:00:00,-0.0,0,0,851f1887fffffff,2017-03-20 00:00:00
688,851f1887fffffff_2017-03-20 01:00:00,0.0,0,0,851f1887fffffff,2017-03-20 01:00:00
689,851f1887fffffff_2017-03-20 02:00:00,0.0,0,0,851f1887fffffff,2017-03-20 02:00:00
690,851f1887fffffff_2017-03-20 03:00:00,2.0,0,2,851f1887fffffff,2017-03-20 03:00:00
691,851f1887fffffff_2017-03-20 04:00:00,2.0,2,2,851f1887fffffff,2017-03-20 04:00:00
692,851f18b7fffffff_2017-03-13 00:00:00,1.0,1,1,851f18b7fffffff,2017-03-13 00:00:00
693,851f18b7fffffff_2017-03-13 01:00:00,0.0,0,0,851f18b7fffffff,2017-03-13 01:00:00
694,851f18b7fffffff_2017-03-13 02:00:00,0.0,0,0,851f18b7fffffff,2017-03-13 02:00:00
695,851f18b7fffffff_2017-03-13 03:00:00,0.0,1,0,851f18b7fffffff,2017-03-13 03:00:00
696,851f18b7fffffff_2017-03-13 04:00:00,0.0,0,0,851f18b7fffffff,2017-03-13 04:00:00
697,851f18b7fffffff_2017-03-13 05:00:00,1.0,0,1,851f18b7fffffff,2017-03-13 05:00:00
698,851f18b7fffffff_2017-03-13 06:00:00,0.0,0,0,851f18b7fffffff,2017-03-13 06:00:00
699,851f18b7fffffff_2017-03-13 07:00:00,2.0,2,2,851f18b7fffffff,2017-03-13 07:00:00
700,851f18b7fffffff_2017-03-13 08:00:00,0.0,1,0,851f18b7fffffff,2017-03-13 08:00:00
701,851f18b7fffffff_2017-03-13 09:00:00,0.0,0,0,851f18b7fffffff,2017-03-13 09:00:00
702,851f18b7fffffff_2017-03-13 10:00:00,0.0,0,0,851f18b7fffffff,2017-03-13 10:00:00
703,851f18b7fffffff_2017-03-13 11:00:00,0.0,2,0,851f18b7fffffff,2017-03-13 11:00:00
704,851f18b7fffffff_2017-03-13 12:00:00,0.0,1,0,851f18b7fffffff,2017-03-13 12:00:00
705,851f18b7fffffff_2017-03-13 13:00:00,1.0,3,1,851f18b7fffffff,2017-03-13 13:00:00
706,851f18b7fffffff_2017-03-13 14:00:00,1.0,0,1,851f18b7fffffff,2017-03-13 14:00:00
707,851f18b7fffffff_2017-03-13 15:00:00,0.0,1,0,851f18b7fffffff,2017-03-13 15:00:00
708,851f18b7fffffff_2017-03-13 16:00:00,3.0,2,3,851f18b7fffffff,2017-03-13 16:00:00
709,851f18b7fffffff_2017-03-13 17:00:00,4.0,2,4,851f18b7fffffff,2017-03-13 17:00:00
710,851f18b7fffffff_2017-03-13 18:00:00,2.0,2,2,851f18b7fffffff,2017-03-13 18:00:00
711,851f18b7fffffff_2017-03-13 19:00:00,1.0,2,1,851f18b7fffffff,2017-03-13 19:00:00
712,851f18b7fffffff_2017-03-13 20:00:00,1.0,0,1,851f18b7fffffff,2017-03-13 20:00:00
713,851f18b7fffffff_2017-03-13 21:00:00,1.0,1,1,851f18b7fffffff,2017-03-13 21:00:00
714,851f18b7fffffff_2017-03-13 22:00:00,1.0,0,1,851f18b7fffffff,2017-03-13 22:00:00
715,851f18b7fffffff_2017-03-13 23:00:00,0.0,1,0,851f18b7fffffff,2017-03-13 23:00:00
716,851f18b7fffffff_2017-03-14 00:00:00,1.0,0,1,851f18b7fffffff,2017-03-14 00:00:00
717,851f18b7fffffff_2017-03-14 01:00:00,0.0,0,0,851f18b7fffffff,2017-03-14 01:00:00
718,851f18b7fffffff_2017-03-14 02:00:00,0.0,0,0,851f18b7fffffff,2017-03-14 02:00:00
719,851f18b7fffffff_2017-03-14 03:00:00,0.0,0,0,851f18b7fffffff,2017-03-14 03:00:00
720,851f18b7fffffff_2017-03-14 04:00:00,0.0,0,0,851f18b7fffffff,2017-03-14 04:00:00
721,851f18b7fffffff_2017-03-14 05:00:00,0.0,0,0,851f18b7fffffff,2017-03-14 05:00:00
722,851f18b7fffffff_2017-03-14 06:00:00,0.0,2,0,851f18b7fffffff,2017-03-14 06:00:00
723,851f18b7fffffff_2017-03-14 07:00:00,2.0,1,2,851f18b7fffffff,2017-03-14 07:00:00
724,851f18b7fffffff_2017-03-14 08:00:00,1.0,0,1,851f18b7fffffff,2017-03-14 08:00:00
725,851f18b7fffffff_2017-03-14 09:00:00,1.0,0,1,851f18b7fffffff,2017-03-14 09:00:00
726,851f18b7fffffff_2017-03-14 10:00:00,0.0,1,0,851f18b7fffffff,2017-03-14 10:00:00
727,851f18b7fffffff_2017-03-14 11:00:00,1.0,0,1,851f18b7fffffff,2017-03-14 11:00:00
728,851f18b7fffffff_2017-03-14 12:00:00,1.0,1,1,851f18b7fffffff,2017-03-14 12:00:00
729,851f18b7fffffff_2017-03-14 13:00:00,2.0,1,2,851f18b7fffffff,2017-03-14 13:00:00
730,851f18b7fffffff_2017-03-14 14:00:00,1.0,2,1,851f18b7fffffff,2017-03-14 14:00:00
731,851f18b7fffffff_2017-03-14 15:00:00,2.0,4,2,851f18b7fffffff,2017-03-14 15:00:00
732,851f18b7fffffff_2017-03-14 16:00:00,4.0,2,4,851f18b7fffffff,2017-03-14 16:00:00
733,851f18b7fffffff_2017-03-14 17:00:00,3.0,3,3,851f18b7fffffff,2017-03-14 17:00:00
734,851f18b7fffffff_2017-03-14 18:00:00,1.0,3,1,851f18b7fffffff,2017-03-14 18:00:00
735,851f18b7fffffff_2017-03-14 19:00:00,4.0,1,4,851f18b7fffffff,2017-03-14 19:00:00
736,851f18b7fffffff_2017-03-14 20:00:00,1.0,1,1,851f18b7fffffff,2017-03-14 20:00:00
737,851f18b7fffffff_2017-03-14 21:00:00,1.0,0,1,851f18b7fffffff,2017-03-14 21:00:00
738,851f18b7fffffff_2017-03-14 22:00:00,1.0,1,1,851f18b7fffffff,2017-03-14 22:00:00
739,851f18b7fffffff_2017-03-14 23:00:00,0.0,1,0,851f18b7fffffff,2017-03-14 23:00:00
740,851f18b7fffffff_2017-03-15 00:00:00,1.0,1,1,851f18b7fffffff,2017-03-15 00:00:00
741,851f18b7fffffff_2017-03-15 01:00:00,0.0,0,0,851f18b7fffffff,2017-03-15 01:00:00
742,851f18b7fffffff_2017-03-15 02:00:00,0.0,0,0,851f18b7fffffff,2017-03-15 02:00:00
743,851f18b7fffffff_2017-03-15 03:00:00,0.0,0,0,851f18b7fffffff,2017-03-15 03:00:00
744,851f18b7fffffff_2017-03-15 04:00:00,0.0,0,0,851f18b7fffffff,2017-03-15 04:00:00
745,851f18b7fffffff_2017-03-15 05:00:00,0.0,0,0,851f18b7fffffff,2017-03-15 05:00:00
746,851f18b7fffffff_2017-03-15 06:00:00,0.0,3,0,851f18b7fffffff,2017-03-15 06:00:00
747,851f18b7fffffff_2017-03-15 07:00:00,1.0,1,1,851f18b7fffffff,2017-03-15 07:00:00
748,851f18b7fffffff_2017-03-15 08:00:00,0.0,2,0,851f18b7fffffff,2017-03-15 08:00:00
749,851f18b7fffffff_2017-03-15 09:00:00,0.0,0,0,851f18b7fffffff,2017-03-15 09:00:00
750,851f18b7fffffff_2017-03-15 10:00:00,0.0,2,0,851f18b7fffffff,2017-03-15 10:00:00
751,851f18b7fffffff_2017-03-15 11:00:00,0.0,1,0,851f18b7fffffff,2017-03-15 11:00:00
752,851f18b7fffffff_2017-03-15 12:00:00,1.0,1,1,851f18b7fffffff,2017-03-15 12:00:00
753,851f18b7fffffff_2017-03-15 13:00:00,1.0,0,1,851f18b7fffffff,2017-03-15 13:00:00
754,851f18b7fffffff_2017-03-15 14:00:00,1.0,2,1,851f18b7fffffff,2017-03-15 14:00:00
755,851f18b7fffffff_2017-03-15 15:00:00,4.0,2,4,851f18b7fffffff,2017-03-15 15:00:00
756,851f18b7fffffff_2017-03-15 16:00:00,3.0,4,3,851f18b7fffffff,2017-03-15 16:00:00
757,851f18b7fffffff_2017-03-15 17:00:00,2.0,3,2,851f18b7fffffff,2017-03-15 17:00:00
758,851f18b7fffffff_2017-03-15 18:00:00,3.0,4,3,851f18b7fffffff,2017-03-15 18:00:00
759,851f18b7fffffff_2017-03-15 19:00:00,2.0,1,2,851f18b7fffffff,2017-03-15 19:00:00
760,851f18b7fffffff_2017-03-15 20:00:00,2.0,4,2,851f18b7fffffff,2017-03-15 20:00:00
761,851f18b7fffffff_2017-03-15 21:00:00,2.0,0,2,851f18b7fffffff,2017-03-15 21:00:00
762,851f18b7fffffff_2017-03-15 22:00:00,0.0,2,0,851f18b7fffffff,2017-03-15 22:00:00
763,851f18b7fffffff_2017-03-15 23:00:00,0.0,0,0,851f18b7fffffff,2017-03-15 23:00:00
764,851f18b7fffffff_2017-03-16 00:00:00,0.0,1,0,851f18b7fffffff,2017-03-16 00:00:00
765,851f18b7fffffff_2017-03-16 01:00:00,0.0,0,0,851f18b7fffffff,2017-03-16 01:00:00
766,851f18b7fffffff_2017-03-16 02:00:00,0.0,0,0,851f18b7fffffff,2017-03-16 02:00:00
767,851f18b7fffffff_2017-03-16 03:00:00,0.0,0,0,851f18b7fffffff,2017-03-16 03:00:00
768,851f18b7fffffff_2017-03-16 04:00:00,0.0,2,0,851f18b7fffffff,2017-03-16 04:00:00
769,851f18b7fffffff_2017-03-16 05:00:00,0.0,0,0,851f18b7fffffff,2017-03-16 05:00:00
770,851f18b7fffffff_2017-03-16 06:00:00,1.0,2,1,851f18b7fffffff,2017-03-16 06:00:00
771,851f18b7fffffff_2017-03-16 07:00:00,1.0,2,1,851f18b7fffffff,2017-03-16 07:00:00
772,851f18b7fffffff_2017-03-16 08:00:00,0.0,2,0,851f18b7fffffff,2017-03-16 08:00:00
773,851f18b7fffffff_2017-03-16 09:00:00,0.0,1,0,851f18b7fffffff,2017-03-16 09:00:00
774,851f18b7fffffff_2017-03-16 10:00:00,2.0,0,2,851f18b7fffffff,2017-03-16 10:00:00
775,851f18b7fffffff_2017-03-16 11:00:00,2.0,1,2,851f18b7fffffff,2017-03-16 11:00:00
776,851f18b7fffffff_2017-03-16 12:00:00,2.0,1,2,851f18b7fffffff,2017-03-16 12:00:00
777,851f18b7fffffff_2017-03-16 13:00:00,2.0,1,2,851f18b7fffffff,2017-03-16 13:00:00
778,851f18b7fffffff_2017-03-16 14:00:00,1.0,4,1,851f18b7fffffff,2017-03-16 14:00:00
779,851f18b7fffffff_2017-03-16 15:00:00,1.0,3,1,851f18b7fffffff,2017-03-16 15:00:00
780,851f18b7fffffff_2017-03-16 16:00:00,2.0,1,2,851f18b7fffffff,2017-03-16 16:00:00
781,851f18b7fffffff_2017-03-16 17:00:00,3.0,4,3,851f18b7fffffff,2017-03-16 17:00:00
782,851f18b7fffffff_2017-03-16 18:00:00,3.0,3,3,851f18b7fffffff,2017-03-16 18:00:00
783,851f18b7fffffff_2017-03-16 19:00:00,1.0,4,1,851f18b7fffffff,2017-03-16 19:00:00
784,851f18b7fffffff_2017-03-16 20:00:00,4.0,0,4,851f18b7fffffff,2017-03-16 20:00:00
785,851f18b7fffffff_2017-03-16 21:00:00,3.0,4,3,851f18b7fffffff,2017-03-16 21:00:00
786,851f18b7fffffff_2017-03-16 22:00:00,1.0,3,1,851f18b7fffffff,2017-03-16 22:00:00
787,851f18b7fffffff_2017-03-16 23:00:00,1.0,3,1,851f18b7fffffff,2017-03-16 23:00:00
788,851f18b7fffffff_2017-03-17 00:00:00,0.0,0,0,851f18b7fffffff,2017-03-17 00:00:00
789,851f18b7fffffff_2017-03-17 01:00:00,0.0,0,0,851f18b7fffffff,2017-03-17 01:00:00
790,851f18b7fffffff_2017-03-17 02:00:00,0.0,0,0,851f18b7fffffff,2017-03-17 02:00:00
791,851f18b7fffffff_2017-03-17 03:00:00,0.0,0,0,851f18b7fffffff,2017-03-17 03:00:00
792,851f18b7fffffff_2017-03-17 04:00:00,-0.0,1,0,851f18b7fffffff,2017-03-17 04:00:00
793,851f18b7fffffff_2017-03-17 05:00:00,0.0,0,0,851f18b7fffffff,2017-03-17 05:00:00
794,851f18b7fffffff_2017-03-17 06:00:00,1.0,1,1,851f18b7fffffff,2017-03-17 06:00:00
795,851f18b7fffffff_2017-03-17 07:00:00,1.0,2,1,851f18b7fffffff,2017-03-17 07:00:00
796,851f18b7fffffff_2017-03-17 08:00:00,1.0,0,1,851f18b7fffffff,2017-03-17 08:00:00
797,851f18b7fffffff_2017-03-17 09:00:00,1.0,2,1,851f18b7fffffff,2017-03-17 09:00:00
798,851f18b7fffffff_2017-03-17 10:00:00,0.0,2,0,851f18b7fffffff,2017-03-17 10:00:00
799,851f18b7fffffff_2017-03-17 11:00:00,1.0,1,1,851f18b7fffffff,2017-03-17 11:00:00
800,851f18b7fffffff_2017-03-17 12:00:00,1.0,1,1,851f18b7fffffff,2017-03-17 12:00:00
801,851f18b7fffffff_2017-03-17 13:00:00,0.0,0,0,851f18b7fffffff,2017-03-17 13:00:00
802,851f18b7fffffff_2017-03-17 14:00:00,2.0,0,2,851f18b7fffffff,2017-03-17 14:00:00
803,851f18b7fffffff_2017-03-17 15:00:00,2.0,3,2,851f18b7fffffff,2017-03-17 15:00:00
804,851f18b7fffffff_2017-03-17 16:00:00,2.0,5,2,851f18b7fffffff,2017-03-17 16:00:00
805,851f18b7fffffff_2017-03-17 17:00:00,3.0,4,3,851f18b7fffffff,2017-03-17 17:00:00
806,851f18b7fffffff_2017-03-17 18:00:00,2.0,2,2,851f18b7fffffff,2017-03-17 18:00:00
807,851f18b7fffffff_2017-03-17 19:00:00,0.0,1,0,851f18b7fffffff,2017-03-17 19:00:00
808,851f18b7fffffff_2017-03-17 20:00:00,1.0,1,1,851f18b7fffffff,2017-03-17 20:00:00
809,851f18b7fffffff_2017-03-17 21:00:00,3.0,2,3,851f18b7fffffff,2017-03-17 21:00:00
810,851f18b7fffffff_2017-03-17 22:00:00,1.0,1,1,851f18b7fffffff,2017-03-17 22:00:00
811,851f18b7fffffff_2017-03-17 23:00:00,0.0,1,0,851f18b7fffffff,2017-03-17 23:00:00
812,851f18b7fffffff_2017-03-18 00:00:00,1.0,0,1,851f18b7fffffff,2017-03-18 00:00:00
813,851f18b7fffffff_2017-03-18 01:00:00,0.0,1,0,851f18b7fffffff,2017-03-18 01:00:00
814,851f18b7fffffff_2017-03-18 02:00:00,0.0,0,0,851f18b7fffffff,2017-03-18 02:00:00
815,851f18b7fffffff_2017-03-18 03:00:00,0.0,1,0,851f18b7fffffff,2017-03-18 03:00:00
816,851f18b7fffffff_2017-03-18 04:00:00,1.0,0,1,851f18b7fffffff,2017-03-18 04:00:00
817,851f18b7fffffff_2017-03-18 05:00:00,0.0,2,0,851f18b7fffffff,2017-03-18 05:00:00
818,851f18b7fffffff_2017-03-18 06:00:00,0.0,0,0,851f18b7fffffff,2017-03-18 06:00:00
819,851f18b7fffffff_2017-03-18 07:00:00,0.0,3,0,851f18b7fffffff,2017-03-18 07:00:00
820,851f18b7fffffff_2017-03-18 08:00:00,-0.0,1,0,851f18b7fffffff,2017-03-18 08:00:00
821,851f18b7fffffff_2017-03-18 09:00:00,1.0,0,1,851f18b7fffffff,2017-03-18 09:00:00
822,851f18b7fffffff_2017-03-18 10:00:00,0.0,0,0,851f18b7fffffff,2017-03-18 10:00:00
823,851f18b7fffffff_2017-03-18 11:00:00,2.0,1,2,851f18b7fffffff,2017-03-18 11:00:00
824,851f18b7fffffff_2017-03-18 12:00:00,0.0,1,0,851f18b7fffffff,2017-03-18 12:00:00
825,851f18b7fffffff_2017-03-18 13:00:00,3.0,3,3,851f18b7fffffff,2017-03-18 13:00:00
826,851f18b7fffffff_2017-03-18 14:00:00,0.0,2,0,851f18b7fffffff,2017-03-18 14:00:00
827,851f18b7fffffff_2017-03-18 15:00:00,3.0,1,3,851f18b7fffffff,2017-03-18 15:00:00
828,851f18b7fffffff_2017-03-18 16:00:00,2.0,5,2,851f18b7fffffff,2017-03-18 16:00:00
829,851f18b7fffffff_2017-03-18 17:00:00,2.0,0,2,851f18b7fffffff,2017-03-18 17:00:00
830,851f18b7fffffff_2017-03-18 18:00:00,2.0,4,2,851f18b7fffffff,2017-03-18 18:00:00
831,851f18b7fffffff_2017-03-18 19:00:00,1.0,1,1,851f18b7fffffff,2017-03-18 19:00:00
832,851f18b7fffffff_2017-03-18 20:00:00,2.0,2,2,851f18b7fffffff,2017-03-18 20:00:00
833,851f18b7fffffff_2017-03-18 21:00:00,1.0,2,1,851f18b7fffffff,2017-03-18 21:00:00
834,851f18b7fffffff_2017-03-18 22:00:00,1.0,5,1,851f18b7fffffff,2017-03-18 22:00:00
835,851f18b7fffffff_2017-03-18 23:00:00,1.0,1,1,851f18b7fffffff,2017-03-18 23:00:00
836,851f18b7fffffff_2017-03-19 00:00:00,0.0,1,0,851f18b7fffffff,2017-03-19 00:00:00
837,851f18b7fffffff_2017-03-19 01:00:00,0.0,0,0,851f18b7fffffff,2017-03-19 01:00:00
838,851f18b7fffffff_2017-03-19 02:00:00,0.0,1,0,851f18b7fffffff,2017-03-19 02:00:00
839,851f18b7fffffff_2017-03-19 03:00:00,0.0,0,0,851f18b7fffffff,2017-03-19 03:00:00
840,851f18b7fffffff_2017-03-19 04:00:00,0.0,0,0,851f18b7fffffff,2017-03-19 04:00:00
841,851f18b7fffffff_2017-03-19 05:00:00,0.0,2,0,851f18b7fffffff,2017-03-19 05:00:00
842,851f18b7fffffff_2017-03-19 06:00:00,0.0,0,0,851f18b7fffffff,2017-03-19 06:00:00
843,851f18b7fffffff_2017-03-19 07:00:00,0.0,0,0,851f18b7fffffff,2017-03-19 07:00:00
844,851f18b7fffffff_2017-03-19 08:00:00,0.0,2,0,851f18b7fffffff,2017-03-19 08:00:00
845,851f18b7fffffff_2017-03-19 09:00:00,0.0,0,0,851f18b7fffffff,2017-03-19 09:00:00
846,851f18b7fffffff_2017-03-19 10:00:00,0.0,0,0,851f18b7fffffff,2017-03-19 10:00:00
847,851f18b7fffffff_2017-03-19 11:00:00,0.0,0,0,851f18b7fffffff,2017-03-19 11:00:00
848,851f18b7fffffff_2017-03-19 12:00:00,1.0,3,1,851f18b7fffffff,2017-03-19 12:00:00
849,851f18b7fffffff_2017-03-19 13:00:00,0.0,1,0,851f18b7fffffff,2017-03-19 13:00:00
850,851f18b7fffffff_2017-03-19 14:00:00,0.0,2,0,851f18b7fffffff,2017-03-19 14:00:00
851,851f18b7fffffff_2017-03-19 15:00:00,1.0,0,1,851f18b7fffffff,2017-03-19 15:00:00
852,851f18b7fffffff_2017-03-19 16:00:00,2.0,3,2,851f18b7fffffff,2017-03-19 16:00:00
853,851f18b7fffffff_2017-03-19 17:00:00,3.0,3,3,851f18b7fffffff,2017-03-19 17:00:00
854,851f18b7fffffff_2017-03-19 18:00:00,1.0,3,1,851f18b7fffffff,2017-03-19 18:00:00
855,851f18b7fffffff_2017-03-19 19:00:00,0.0,3,0,851f18b7fffffff,2017-03-19 19:00:00
856,851f18b7fffffff_2017-03-19 20:00:00,2.0,1,2,851f18b7fffffff,2017-03-19 20:00:00
857,851f18b7fffffff_2017-03-19 21:00:00,1.0,8,1,851f18b7fffffff,2017-03-19 21:00:00
858,851f18b7fffffff_2017-03-19 22:00:00,0.0,3,0,851f18b7fffffff,2017-03-19 22:00:00
859,851f18b7fffffff_2017-03-19 23:00:00,1.0,1,1,851f18b7fffffff,2017-03-19 23:00:00
860,851f18b7fffffff_2017-03-20 00:00:00,0.0,1,0,851f18b7fffffff,2017-03-20 00:00:00
861,851f18b7fffffff_2017-03-20 01:00:00,0.0,0,0,851f18b7fffffff,2017-03-20 01:00:00
862,851f18b7fffffff_2017-03-20 02:00:00,0.0,0,0,851f18b7fffffff,2017-03-20 02:00:00
863,851f18b7fffffff_2017-03-20 03:00:00,0.0,1,0,851f18b7fffffff,2017-03-20 03:00:00
864,851f18b7fffffff_2017-03-20 04:00:00,1.0,1,1,851f18b7fffffff,2017-03-20 04:00:00
